ISO-10303-21;
HEADER;
/* Generated by software containing ST-Developer
 * from STEP Tools, Inc. (www.steptools.com) 
 */

FILE_DESCRIPTION(
/* description */ (''),
/* implementation_level */ '2;1');

FILE_NAME(
/* name */ 'TOP.step',
/* time_stamp */ '2026-01-08T00:06:59+05:30',
/* author */ (''),
/* organization */ (''),
/* preprocessor_version */ 'ST-DEVELOPER v20.1',
/* originating_system */ 'Autodesk Translation Framework v14.21.0.0',
/* authorisation */ '');

FILE_SCHEMA (('AUTOMOTIVE_DESIGN { 1 0 10303 214 3 1 1 }'));
ENDSEC;

DATA;
#10=MECHANICAL_DESIGN_GEOMETRIC_PRESENTATION_REPRESENTATION('',(#13),#17267);
#11=SHAPE_REPRESENTATION_RELATIONSHIP('SRR','None',#17274,#12);
#12=ADVANCED_BREP_SHAPE_REPRESENTATION('',(#14),#17266);
#13=STYLED_ITEM('',(#17283),#14);
#14=MANIFOLD_SOLID_BREP('Body1',#9620);
#15=CYLINDRICAL_SURFACE('',#9993,0.499999999999998);
#16=CYLINDRICAL_SURFACE('',#9995,0.499999999999998);
#17=CYLINDRICAL_SURFACE('',#9997,0.500000000000003);
#18=CYLINDRICAL_SURFACE('',#9999,0.5);
#19=CYLINDRICAL_SURFACE('',#10001,0.499999999999998);
#20=CYLINDRICAL_SURFACE('',#10003,0.500000000000003);
#21=CYLINDRICAL_SURFACE('',#10005,0.499999999999998);
#22=CYLINDRICAL_SURFACE('',#10007,0.499999999999998);
#23=CYLINDRICAL_SURFACE('',#10008,1.7);
#24=CYLINDRICAL_SURFACE('',#10010,0.5);
#25=CYLINDRICAL_SURFACE('',#10012,0.499999999999998);
#26=CYLINDRICAL_SURFACE('',#10014,0.499999999999998);
#27=CYLINDRICAL_SURFACE('',#10016,0.5);
#28=CYLINDRICAL_SURFACE('',#10018,0.5);
#29=CYLINDRICAL_SURFACE('',#10020,0.500000000000003);
#30=CYLINDRICAL_SURFACE('',#10022,0.499999999999998);
#31=CYLINDRICAL_SURFACE('',#10024,0.499999999999998);
#32=CYLINDRICAL_SURFACE('',#10030,0.499999999999998);
#33=CYLINDRICAL_SURFACE('',#10032,0.500000000000003);
#34=CYLINDRICAL_SURFACE('',#10034,0.500000000000003);
#35=CYLINDRICAL_SURFACE('',#10036,0.499999999999998);
#36=CYLINDRICAL_SURFACE('',#10038,0.499999999999998);
#37=CYLINDRICAL_SURFACE('',#10040,0.499999999999998);
#38=CYLINDRICAL_SURFACE('',#10042,0.499999999999998);
#39=CYLINDRICAL_SURFACE('',#10044,0.5);
#40=CYLINDRICAL_SURFACE('',#10045,1.7);
#41=CYLINDRICAL_SURFACE('',#10046,1.7);
#42=CYLINDRICAL_SURFACE('',#10047,1.7);
#43=CONICAL_SURFACE('',#9983,4.25,0.785398163397447);
#44=CONICAL_SURFACE('',#9985,4.25,0.785398163397447);
#45=CONICAL_SURFACE('',#9987,4.25,0.785398163397449);
#46=CONICAL_SURFACE('',#9989,4.25,0.785398163397447);
#47=CIRCLE('',#9660,5.);
#48=CIRCLE('',#9661,5.);
#49=CIRCLE('',#9662,5.);
#50=CIRCLE('',#9663,5.);
#51=CIRCLE('',#9664,0.5);
#52=CIRCLE('',#9665,0.499999999999998);
#53=CIRCLE('',#9666,0.499999999999998);
#54=CIRCLE('',#9667,0.500000000000003);
#55=CIRCLE('',#9668,0.499999999999998);
#56=CIRCLE('',#9669,0.499999999999998);
#57=CIRCLE('',#9670,0.500000000000003);
#58=CIRCLE('',#9671,0.499999999999998);
#59=CIRCLE('',#9672,1.7);
#60=CIRCLE('',#9673,0.5);
#61=CIRCLE('',#9674,0.5);
#62=CIRCLE('',#9675,0.499999999999998);
#63=CIRCLE('',#9676,0.499999999999998);
#64=CIRCLE('',#9677,0.499999999999998);
#65=CIRCLE('',#9678,0.5);
#66=CIRCLE('',#9679,0.500000000000003);
#67=CIRCLE('',#9680,0.499999999999998);
#68=CIRCLE('',#9681,0.499999999999998);
#69=CIRCLE('',#9682,0.499999999999998);
#70=CIRCLE('',#9683,0.500000000000003);
#71=CIRCLE('',#9684,0.500000000000003);
#72=CIRCLE('',#9685,0.5);
#73=CIRCLE('',#9686,0.499999999999998);
#74=CIRCLE('',#9687,0.499999999999998);
#75=CIRCLE('',#9688,0.499999999999998);
#76=CIRCLE('',#9689,1.7);
#77=CIRCLE('',#9690,1.7);
#78=CIRCLE('',#9691,1.7);
#79=CIRCLE('',#9841,3.5);
#80=CIRCLE('',#9842,3.5);
#81=CIRCLE('',#9843,3.5);
#82=CIRCLE('',#9844,3.5);
#83=CIRCLE('',#9845,1.7);
#84=CIRCLE('',#9846,1.7);
#85=CIRCLE('',#9847,1.7);
#86=CIRCLE('',#9848,0.5);
#87=CIRCLE('',#9849,0.499999999999998);
#88=CIRCLE('',#9850,0.499999999999998);
#89=CIRCLE('',#9851,0.499999999999998);
#90=CIRCLE('',#9852,0.499999999999998);
#91=CIRCLE('',#9853,0.500000000000003);
#92=CIRCLE('',#9854,0.500000000000003);
#93=CIRCLE('',#9855,0.499999999999998);
#94=CIRCLE('',#9856,0.499999999999998);
#95=CIRCLE('',#9857,0.499999999999998);
#96=CIRCLE('',#9858,0.500000000000003);
#97=CIRCLE('',#9859,0.5);
#98=CIRCLE('',#9860,0.5);
#99=CIRCLE('',#9861,0.499999999999998);
#100=CIRCLE('',#9862,0.499999999999998);
#101=CIRCLE('',#9863,0.5);
#102=CIRCLE('',#9864,1.7);
#103=CIRCLE('',#9865,0.499999999999998);
#104=CIRCLE('',#9866,0.499999999999998);
#105=CIRCLE('',#9867,0.500000000000003);
#106=CIRCLE('',#9868,0.499999999999998);
#107=CIRCLE('',#9869,0.5);
#108=CIRCLE('',#9870,0.500000000000003);
#109=CIRCLE('',#9871,0.499999999999998);
#110=CIRCLE('',#9872,0.499999999999998);
#111=FACE_BOUND('',#1219,.T.);
#112=FACE_BOUND('',#1221,.T.);
#113=FACE_BOUND('',#1222,.T.);
#114=FACE_BOUND('',#1223,.T.);
#115=FACE_BOUND('',#1224,.T.);
#116=FACE_BOUND('',#1225,.T.);
#117=FACE_BOUND('',#1226,.T.);
#118=FACE_BOUND('',#1227,.T.);
#119=FACE_BOUND('',#1228,.T.);
#120=FACE_BOUND('',#1229,.T.);
#121=FACE_BOUND('',#1230,.T.);
#122=FACE_BOUND('',#1231,.T.);
#123=FACE_BOUND('',#1232,.T.);
#124=FACE_BOUND('',#1233,.T.);
#125=FACE_BOUND('',#1234,.T.);
#126=FACE_BOUND('',#1235,.T.);
#127=FACE_BOUND('',#1236,.T.);
#128=FACE_BOUND('',#1237,.T.);
#129=FACE_BOUND('',#1238,.T.);
#130=FACE_BOUND('',#1239,.T.);
#131=FACE_BOUND('',#1240,.T.);
#132=FACE_BOUND('',#1241,.T.);
#133=FACE_BOUND('',#1242,.T.);
#134=FACE_BOUND('',#1243,.T.);
#135=FACE_BOUND('',#1244,.T.);
#136=FACE_BOUND('',#1259,.T.);
#137=FACE_BOUND('',#1288,.T.);
#138=FACE_BOUND('',#1310,.T.);
#139=FACE_BOUND('',#1375,.T.);
#140=FACE_BOUND('',#1442,.T.);
#141=FACE_BOUND('',#1444,.T.);
#142=FACE_BOUND('',#1445,.T.);
#143=FACE_BOUND('',#1446,.T.);
#144=FACE_BOUND('',#1447,.T.);
#145=FACE_BOUND('',#1448,.T.);
#146=FACE_BOUND('',#1449,.T.);
#147=FACE_BOUND('',#1450,.T.);
#148=FACE_BOUND('',#1451,.T.);
#149=FACE_BOUND('',#1452,.T.);
#150=FACE_BOUND('',#1453,.T.);
#151=FACE_BOUND('',#1454,.T.);
#152=FACE_BOUND('',#1455,.T.);
#153=FACE_BOUND('',#1456,.T.);
#154=FACE_BOUND('',#1457,.T.);
#155=FACE_BOUND('',#1458,.T.);
#156=FACE_BOUND('',#1459,.T.);
#157=FACE_BOUND('',#1460,.T.);
#158=FACE_BOUND('',#1461,.T.);
#159=FACE_BOUND('',#1462,.T.);
#160=FACE_BOUND('',#1463,.T.);
#161=FACE_BOUND('',#1464,.T.);
#162=FACE_BOUND('',#1465,.T.);
#163=FACE_BOUND('',#1466,.T.);
#164=FACE_BOUND('',#1467,.T.);
#165=FACE_BOUND('',#1522,.T.);
#166=FACE_BOUND('',#1576,.T.);
#167=FACE_BOUND('',#1595,.T.);
#168=FACE_BOUND('',#1610,.T.);
#169=B_SPLINE_CURVE_WITH_KNOTS('',3,(#11932,#11933,#11934,#11935,#11936),
 .UNSPECIFIED.,.F.,.F.,(4,1,4),(0.,0.0268077161977902,0.0515880213420473),
 .UNSPECIFIED.);
#170=B_SPLINE_CURVE_WITH_KNOTS('',3,(#11938,#11939,#11940,#11941,#11942),
 .UNSPECIFIED.,.F.,.F.,(4,1,4),(-0.0515880213420473,-0.0268077161977902,
0.),.UNSPECIFIED.);
#171=B_SPLINE_CURVE_WITH_KNOTS('',3,(#11955,#11956,#11957,#11958,#11959),
 .UNSPECIFIED.,.F.,.F.,(4,1,4),(0.,0.0256824119629068,0.0517166092689754),
 .UNSPECIFIED.);
#172=B_SPLINE_CURVE_WITH_KNOTS('',3,(#11961,#11962,#11963,#11964,#11965),
 .UNSPECIFIED.,.F.,.F.,(4,1,4),(-0.0517166092689754,-0.0256824119629068,
0.),.UNSPECIFIED.);
#173=B_SPLINE_CURVE_WITH_KNOTS('',3,(#12009,#12010,#12011,#12012,#12013),
 .UNSPECIFIED.,.F.,.F.,(4,1,4),(0.,0.0209618751486406,0.039232549210887),
 .UNSPECIFIED.);
#174=B_SPLINE_CURVE_WITH_KNOTS('',3,(#12015,#12016,#12017,#12018,#12019),
 .UNSPECIFIED.,.F.,.F.,(4,1,4),(-0.039232549210887,-0.0209618751486406,
0.),.UNSPECIFIED.);
#175=B_SPLINE_CURVE_WITH_KNOTS('',3,(#12032,#12033,#12034,#12035,#12036),
 .UNSPECIFIED.,.F.,.F.,(4,1,4),(0.,0.0180028694951927,0.0385405991876565),
 .UNSPECIFIED.);
#176=B_SPLINE_CURVE_WITH_KNOTS('',3,(#12038,#12039,#12040,#12041,#12042),
 .UNSPECIFIED.,.F.,.F.,(4,1,4),(-0.0385405991876565,-0.0180028694951927,
0.),.UNSPECIFIED.);
#177=B_SPLINE_CURVE_WITH_KNOTS('',3,(#12055,#12056,#12057,#12058,#12059),
 .UNSPECIFIED.,.F.,.F.,(4,1,4),(0.,0.0227447456029193,0.0471472498051861),
 .UNSPECIFIED.);
#178=B_SPLINE_CURVE_WITH_KNOTS('',3,(#12061,#12062,#12063,#12064,#12065),
 .UNSPECIFIED.,.F.,.F.,(4,1,4),(-0.0471472498051861,-0.0227447456029193,
0.),.UNSPECIFIED.);
#179=B_SPLINE_CURVE_WITH_KNOTS('',3,(#12078,#12079,#12080,#12081,#12082),
 .UNSPECIFIED.,.F.,.F.,(4,1,4),(0.,0.0214512550073614,0.0408485940648446),
 .UNSPECIFIED.);
#180=B_SPLINE_CURVE_WITH_KNOTS('',3,(#12084,#12085,#12086,#12087,#12088),
 .UNSPECIFIED.,.F.,.F.,(4,1,4),(-0.0408485940648446,-0.0214512550073614,
0.),.UNSPECIFIED.);
#181=B_SPLINE_CURVE_WITH_KNOTS('',3,(#12101,#12102,#12103,#12104,#12105),
 .UNSPECIFIED.,.F.,.F.,(4,1,4),(0.,0.0171521909258518,0.0321655951935632),
 .UNSPECIFIED.);
#182=B_SPLINE_CURVE_WITH_KNOTS('',3,(#12107,#12108,#12109,#12110,#12111),
 .UNSPECIFIED.,.F.,.F.,(4,1,4),(-0.0321655951935632,-0.0171521909258518,
0.),.UNSPECIFIED.);
#183=B_SPLINE_CURVE_WITH_KNOTS('',3,(#12124,#12125,#12126,#12127,#12128),
 .UNSPECIFIED.,.F.,.F.,(4,1,4),(0.,0.0138548131482798,0.027400467002461),
 .UNSPECIFIED.);
#184=B_SPLINE_CURVE_WITH_KNOTS('',3,(#12130,#12131,#12132,#12133,#12134),
 .UNSPECIFIED.,.F.,.F.,(4,1,4),(-0.027400467002461,-0.0138548131482798,
0.),.UNSPECIFIED.);
#185=B_SPLINE_CURVE_WITH_KNOTS('',3,(#12147,#12148,#12149,#12150,#12151),
 .UNSPECIFIED.,.F.,.F.,(4,1,4),(0.,0.0133821838061011,0.0263601652085349),
 .UNSPECIFIED.);
#186=B_SPLINE_CURVE_WITH_KNOTS('',3,(#12153,#12154,#12155,#12156,#12157),
 .UNSPECIFIED.,.F.,.F.,(4,1,4),(-0.0263601652085349,-0.0133821838061011,
0.),.UNSPECIFIED.);
#187=B_SPLINE_CURVE_WITH_KNOTS('',3,(#12170,#12171,#12172,#12173,#12174),
 .UNSPECIFIED.,.F.,.F.,(4,1,4),(0.,0.014547182573353,0.032587672732505),
 .UNSPECIFIED.);
#188=B_SPLINE_CURVE_WITH_KNOTS('',3,(#12176,#12177,#12178,#12179,#12180),
 .UNSPECIFIED.,.F.,.F.,(4,1,4),(-0.032587672732505,-0.014547182573353,0.),
 .UNSPECIFIED.);
#189=B_SPLINE_CURVE_WITH_KNOTS('',3,(#12193,#12194,#12195,#12196,#12197),
 .UNSPECIFIED.,.F.,.F.,(4,1,4),(0.,0.0202999557183776,0.0553962505521649),
 .UNSPECIFIED.);
#190=B_SPLINE_CURVE_WITH_KNOTS('',3,(#12199,#12200,#12201,#12202,#12203),
 .UNSPECIFIED.,.F.,.F.,(4,1,4),(-0.0553962505521649,-0.0202999557183776,
0.),.UNSPECIFIED.);
#191=B_SPLINE_CURVE_WITH_KNOTS('',3,(#12216,#12217,#12218,#12219,#12220),
 .UNSPECIFIED.,.F.,.F.,(4,1,4),(0.,0.0364456500827998,0.0609559463539455),
 .UNSPECIFIED.);
#192=B_SPLINE_CURVE_WITH_KNOTS('',3,(#12222,#12223,#12224,#12225,#12226),
 .UNSPECIFIED.,.F.,.F.,(4,1,4),(-0.0609559463539455,-0.0364456500827998,
0.),.UNSPECIFIED.);
#193=B_SPLINE_CURVE_WITH_KNOTS('',3,(#12239,#12240,#12241,#12242,#12243),
 .UNSPECIFIED.,.F.,.F.,(4,1,4),(0.,0.0225963341749703,0.0428700563556092),
 .UNSPECIFIED.);
#194=B_SPLINE_CURVE_WITH_KNOTS('',3,(#12245,#12246,#12247,#12248,#12249),
 .UNSPECIFIED.,.F.,.F.,(4,1,4),(-0.0428700563556092,-0.0225963341749703,
0.),.UNSPECIFIED.);
#195=B_SPLINE_CURVE_WITH_KNOTS('',3,(#12262,#12263,#12264,#12265,#12266),
 .UNSPECIFIED.,.F.,.F.,(4,1,4),(0.,0.0193624166261492,0.0392089593745958),
 .UNSPECIFIED.);
#196=B_SPLINE_CURVE_WITH_KNOTS('',3,(#12268,#12269,#12270,#12271,#12272),
 .UNSPECIFIED.,.F.,.F.,(4,1,4),(-0.0392089593745958,-0.0193624166261492,
0.),.UNSPECIFIED.);
#197=B_SPLINE_CURVE_WITH_KNOTS('',3,(#12285,#12286,#12287,#12288,#12289),
 .UNSPECIFIED.,.F.,.F.,(4,1,4),(0.,0.0222081690916056,0.0448645070009043),
 .UNSPECIFIED.);
#198=B_SPLINE_CURVE_WITH_KNOTS('',3,(#12291,#12292,#12293,#12294,#12295),
 .UNSPECIFIED.,.F.,.F.,(4,1,4),(-0.0448645070009043,-0.0222081690916056,
0.),.UNSPECIFIED.);
#199=B_SPLINE_CURVE_WITH_KNOTS('',3,(#12308,#12309,#12310,#12311,#12312),
 .UNSPECIFIED.,.F.,.F.,(4,1,4),(0.,0.0235201006698005,0.0486996631210342),
 .UNSPECIFIED.);
#200=B_SPLINE_CURVE_WITH_KNOTS('',3,(#12314,#12315,#12316,#12317,#12318),
 .UNSPECIFIED.,.F.,.F.,(4,1,4),(-0.0486996631210342,-0.0235201006698005,
0.),.UNSPECIFIED.);
#201=B_SPLINE_CURVE_WITH_KNOTS('',3,(#12331,#12332,#12333,#12334,#12335),
 .UNSPECIFIED.,.F.,.F.,(4,1,4),(0.,0.02724563548323,0.0562637528833466),
 .UNSPECIFIED.);
#202=B_SPLINE_CURVE_WITH_KNOTS('',3,(#12337,#12338,#12339,#12340,#12341),
 .UNSPECIFIED.,.F.,.F.,(4,1,4),(-0.0562637528833466,-0.02724563548323,0.),
 .UNSPECIFIED.);
#203=B_SPLINE_CURVE_WITH_KNOTS('',3,(#12354,#12355,#12356,#12357,#12358),
 .UNSPECIFIED.,.F.,.F.,(4,1,4),(0.,0.0315010870505618,0.0601065515862131),
 .UNSPECIFIED.);
#204=B_SPLINE_CURVE_WITH_KNOTS('',3,(#12360,#12361,#12362,#12363,#12364),
 .UNSPECIFIED.,.F.,.F.,(4,1,4),(-0.0601065515862131,-0.0315010870505618,
0.),.UNSPECIFIED.);
#205=B_SPLINE_CURVE_WITH_KNOTS('',3,(#12377,#12378,#12379,#12380,#12381),
 .UNSPECIFIED.,.F.,.F.,(4,1,4),(0.,0.0261555788782514,0.0509282897952428),
 .UNSPECIFIED.);
#206=B_SPLINE_CURVE_WITH_KNOTS('',3,(#12383,#12384,#12385,#12386,#12387),
 .UNSPECIFIED.,.F.,.F.,(4,1,4),(-0.0509282897952428,-0.0261555788782514,
0.),.UNSPECIFIED.);
#207=B_SPLINE_CURVE_WITH_KNOTS('',3,(#12400,#12401,#12402,#12403,#12404),
 .UNSPECIFIED.,.F.,.F.,(4,1,4),(0.,0.0246237005273808,0.049990070981724),
 .UNSPECIFIED.);
#208=B_SPLINE_CURVE_WITH_KNOTS('',3,(#12406,#12407,#12408,#12409,#12410),
 .UNSPECIFIED.,.F.,.F.,(4,1,4),(-0.049990070981724,-0.0246237005273808,
0.),.UNSPECIFIED.);
#209=B_SPLINE_CURVE_WITH_KNOTS('',3,(#12429,#12430,#12431,#12432,#12433),
 .UNSPECIFIED.,.F.,.F.,(4,1,4),(0.,0.0258564258816921,0.0486930067752251),
 .UNSPECIFIED.);
#210=B_SPLINE_CURVE_WITH_KNOTS('',3,(#12435,#12436,#12437,#12438,#12439),
 .UNSPECIFIED.,.F.,.F.,(4,1,4),(-0.0486930067752251,-0.0258564258816921,
0.),.UNSPECIFIED.);
#211=B_SPLINE_CURVE_WITH_KNOTS('',3,(#12452,#12453,#12454,#12455,#12456),
 .UNSPECIFIED.,.F.,.F.,(4,1,4),(0.,0.0244808774176859,0.0550606343178112),
 .UNSPECIFIED.);
#212=B_SPLINE_CURVE_WITH_KNOTS('',3,(#12458,#12459,#12460,#12461,#12462),
 .UNSPECIFIED.,.F.,.F.,(4,1,4),(-0.0550606343178112,-0.0244808774176859,
0.),.UNSPECIFIED.);
#213=B_SPLINE_CURVE_WITH_KNOTS('',3,(#12475,#12476,#12477,#12478,#12479),
 .UNSPECIFIED.,.F.,.F.,(4,1,4),(0.,0.0313050106830498,0.0548466925220234),
 .UNSPECIFIED.);
#214=B_SPLINE_CURVE_WITH_KNOTS('',3,(#12481,#12482,#12483,#12484,#12485),
 .UNSPECIFIED.,.F.,.F.,(4,1,4),(-0.0548466925220234,-0.0313050106830498,
0.),.UNSPECIFIED.);
#215=B_SPLINE_CURVE_WITH_KNOTS('',3,(#12498,#12499,#12500,#12501,#12502),
 .UNSPECIFIED.,.F.,.F.,(4,1,4),(0.,0.0190916996052857,0.0368424433688357),
 .UNSPECIFIED.);
#216=B_SPLINE_CURVE_WITH_KNOTS('',3,(#12504,#12505,#12506,#12507,#12508),
 .UNSPECIFIED.,.F.,.F.,(4,1,4),(-0.0368424433688357,-0.0190916996052857,
0.),.UNSPECIFIED.);
#217=B_SPLINE_CURVE_WITH_KNOTS('',3,(#12521,#12522,#12523,#12524,#12525),
 .UNSPECIFIED.,.F.,.F.,(4,1,4),(0.,0.0150197703804802,0.0297644919260349),
 .UNSPECIFIED.);
#218=B_SPLINE_CURVE_WITH_KNOTS('',3,(#12527,#12528,#12529,#12530,#12531),
 .UNSPECIFIED.,.F.,.F.,(4,1,4),(-0.0297644919260349,-0.0150197703804802,
0.),.UNSPECIFIED.);
#219=B_SPLINE_CURVE_WITH_KNOTS('',3,(#12544,#12545,#12546,#12547,#12548),
 .UNSPECIFIED.,.F.,.F.,(4,1,4),(0.,0.0232347365375688,0.0638647045483437),
 .UNSPECIFIED.);
#220=B_SPLINE_CURVE_WITH_KNOTS('',3,(#12550,#12551,#12552,#12553,#12554),
 .UNSPECIFIED.,.F.,.F.,(4,1,4),(-0.0638647045483437,-0.0232347365375688,
0.),.UNSPECIFIED.);
#221=B_SPLINE_CURVE_WITH_KNOTS('',3,(#12567,#12568,#12569,#12570,#12571),
 .UNSPECIFIED.,.F.,.F.,(4,1,4),(0.,0.0420695236960438,0.0691696983470118),
 .UNSPECIFIED.);
#222=B_SPLINE_CURVE_WITH_KNOTS('',3,(#12573,#12574,#12575,#12576,#12577),
 .UNSPECIFIED.,.F.,.F.,(4,1,4),(-0.0691696983470118,-0.0420695236960438,
0.),.UNSPECIFIED.);
#223=B_SPLINE_CURVE_WITH_KNOTS('',3,(#12590,#12591,#12592,#12593,#12594),
 .UNSPECIFIED.,.F.,.F.,(4,1,4),(0.,0.0265626481625572,0.0497798227926599),
 .UNSPECIFIED.);
#224=B_SPLINE_CURVE_WITH_KNOTS('',3,(#12596,#12597,#12598,#12599,#12600),
 .UNSPECIFIED.,.F.,.F.,(4,1,4),(-0.0497798227926599,-0.0265626481625572,
0.),.UNSPECIFIED.);
#225=B_SPLINE_CURVE_WITH_KNOTS('',3,(#12613,#12614,#12615,#12616,#12617),
 .UNSPECIFIED.,.F.,.F.,(4,1,4),(0.,0.0220164312247025,0.0449700255468419),
 .UNSPECIFIED.);
#226=B_SPLINE_CURVE_WITH_KNOTS('',3,(#12619,#12620,#12621,#12622,#12623),
 .UNSPECIFIED.,.F.,.F.,(4,1,4),(-0.0449700255468419,-0.0220164312247025,
0.),.UNSPECIFIED.);
#227=B_SPLINE_CURVE_WITH_KNOTS('',3,(#12636,#12637,#12638,#12639,#12640),
 .UNSPECIFIED.,.F.,.F.,(4,1,4),(0.,0.0235033480182162,0.0476709665724692),
 .UNSPECIFIED.);
#228=B_SPLINE_CURVE_WITH_KNOTS('',3,(#12642,#12643,#12644,#12645,#12646),
 .UNSPECIFIED.,.F.,.F.,(4,1,4),(-0.0476709665724692,-0.0235033480182162,
0.),.UNSPECIFIED.);
#229=B_SPLINE_CURVE_WITH_KNOTS('',3,(#12659,#12660,#12661,#12662,#12663),
 .UNSPECIFIED.,.F.,.F.,(4,1,4),(0.,0.02516857299433,0.0518926529357189),
 .UNSPECIFIED.);
#230=B_SPLINE_CURVE_WITH_KNOTS('',3,(#12665,#12666,#12667,#12668,#12669),
 .UNSPECIFIED.,.F.,.F.,(4,1,4),(-0.0518926529357189,-0.02516857299433,0.),
 .UNSPECIFIED.);
#231=B_SPLINE_CURVE_WITH_KNOTS('',3,(#12682,#12683,#12684,#12685,#12686),
 .UNSPECIFIED.,.F.,.F.,(4,1,4),(0.,0.0286849491175974,0.059343086969604),
 .UNSPECIFIED.);
#232=B_SPLINE_CURVE_WITH_KNOTS('',3,(#12688,#12689,#12690,#12691,#12692),
 .UNSPECIFIED.,.F.,.F.,(4,1,4),(-0.059343086969604,-0.0286849491175974,
0.),.UNSPECIFIED.);
#233=B_SPLINE_CURVE_WITH_KNOTS('',3,(#12705,#12706,#12707,#12708,#12709),
 .UNSPECIFIED.,.F.,.F.,(4,1,4),(0.,0.0375407052449336,0.0696240083795816),
 .UNSPECIFIED.);
#234=B_SPLINE_CURVE_WITH_KNOTS('',3,(#12711,#12712,#12713,#12714,#12715),
 .UNSPECIFIED.,.F.,.F.,(4,1,4),(-0.0696240083795816,-0.0375407052449336,
0.),.UNSPECIFIED.);
#235=B_SPLINE_CURVE_WITH_KNOTS('',3,(#12728,#12729,#12730,#12731,#12732),
 .UNSPECIFIED.,.F.,.F.,(4,1,4),(0.,0.0287037269370552,0.0566573194931372),
 .UNSPECIFIED.);
#236=B_SPLINE_CURVE_WITH_KNOTS('',3,(#12734,#12735,#12736,#12737,#12738),
 .UNSPECIFIED.,.F.,.F.,(4,1,4),(-0.0566573194931372,-0.0287037269370552,
0.),.UNSPECIFIED.);
#237=B_SPLINE_CURVE_WITH_KNOTS('',3,(#12750,#12751,#12752,#12753,#12754),
 .UNSPECIFIED.,.F.,.F.,(4,1,4),(0.,0.0280695609844187,0.0569481713470462),
 .UNSPECIFIED.);
#238=B_SPLINE_CURVE_WITH_KNOTS('',3,(#12755,#12756,#12757,#12758,#12759),
 .UNSPECIFIED.,.F.,.F.,(4,1,4),(-0.0569481713470462,-0.0280695609844187,
0.),.UNSPECIFIED.);
#239=B_SPLINE_CURVE_WITH_KNOTS('',3,(#12793,#12794,#12795,#12796,#12797),
 .UNSPECIFIED.,.F.,.F.,(4,1,4),(0.,0.0360725041331516,0.0700419309043814),
 .UNSPECIFIED.);
#240=B_SPLINE_CURVE_WITH_KNOTS('',3,(#12799,#12800,#12801,#12802,#12803),
 .UNSPECIFIED.,.F.,.F.,(4,1,4),(-0.0700419309043814,-0.0360725041331516,
0.),.UNSPECIFIED.);
#241=B_SPLINE_CURVE_WITH_KNOTS('',3,(#12816,#12817,#12818,#12819,#12820),
 .UNSPECIFIED.,.F.,.F.,(4,1,4),(0.,0.0327267325255067,0.065193171370542),
 .UNSPECIFIED.);
#242=B_SPLINE_CURVE_WITH_KNOTS('',3,(#12822,#12823,#12824,#12825,#12826),
 .UNSPECIFIED.,.F.,.F.,(4,1,4),(-0.065193171370542,-0.0327267325255067,
0.),.UNSPECIFIED.);
#243=B_SPLINE_CURVE_WITH_KNOTS('',3,(#12839,#12840,#12841,#12842,#12843),
 .UNSPECIFIED.,.F.,.F.,(4,1,4),(0.,0.0424457603017463,0.0831417951671269),
 .UNSPECIFIED.);
#244=B_SPLINE_CURVE_WITH_KNOTS('',3,(#12845,#12846,#12847,#12848,#12849),
 .UNSPECIFIED.,.F.,.F.,(4,1,4),(-0.0831417951671269,-0.0424457603017463,
0.),.UNSPECIFIED.);
#245=B_SPLINE_CURVE_WITH_KNOTS('',3,(#12862,#12863,#12864,#12865,#12866),
 .UNSPECIFIED.,.F.,.F.,(4,1,4),(0.,0.0392477420709732,0.0782321157553719),
 .UNSPECIFIED.);
#246=B_SPLINE_CURVE_WITH_KNOTS('',3,(#12868,#12869,#12870,#12871,#12872),
 .UNSPECIFIED.,.F.,.F.,(4,1,4),(-0.0782321157553719,-0.0392477420709732,
0.),.UNSPECIFIED.);
#247=B_SPLINE_CURVE_WITH_KNOTS('',3,(#12885,#12886,#12887,#12888,#12889),
 .UNSPECIFIED.,.F.,.F.,(4,1,4),(0.,0.040347434651841,0.0827028046060711),
 .UNSPECIFIED.);
#248=B_SPLINE_CURVE_WITH_KNOTS('',3,(#12891,#12892,#12893,#12894,#12895),
 .UNSPECIFIED.,.F.,.F.,(4,1,4),(-0.0827028046060711,-0.040347434651841,
0.),.UNSPECIFIED.);
#249=B_SPLINE_CURVE_WITH_KNOTS('',3,(#12908,#12909,#12910,#12911,#12912),
 .UNSPECIFIED.,.F.,.F.,(4,1,4),(0.,0.0425815147775747,0.0843248099236436),
 .UNSPECIFIED.);
#250=B_SPLINE_CURVE_WITH_KNOTS('',3,(#12914,#12915,#12916,#12917,#12918),
 .UNSPECIFIED.,.F.,.F.,(4,1,4),(-0.0843248099236436,-0.0425815147775747,
0.),.UNSPECIFIED.);
#251=B_SPLINE_CURVE_WITH_KNOTS('',3,(#12931,#12932,#12933,#12934,#12935),
 .UNSPECIFIED.,.F.,.F.,(4,1,4),(0.,0.0399075818188739,0.078182425672749),
 .UNSPECIFIED.);
#252=B_SPLINE_CURVE_WITH_KNOTS('',3,(#12937,#12938,#12939,#12940,#12941),
 .UNSPECIFIED.,.F.,.F.,(4,1,4),(-0.078182425672749,-0.0399075818188739,
0.),.UNSPECIFIED.);
#253=B_SPLINE_CURVE_WITH_KNOTS('',3,(#12954,#12955,#12956,#12957,#12958),
 .UNSPECIFIED.,.F.,.F.,(4,1,4),(0.,0.0394834347794771,0.0819404832347038),
 .UNSPECIFIED.);
#254=B_SPLINE_CURVE_WITH_KNOTS('',3,(#12960,#12961,#12962,#12963,#12964),
 .UNSPECIFIED.,.F.,.F.,(4,1,4),(-0.0819404832347038,-0.0394834347794771,
0.),.UNSPECIFIED.);
#255=B_SPLINE_CURVE_WITH_KNOTS('',3,(#12977,#12978,#12979,#12980,#12981),
 .UNSPECIFIED.,.F.,.F.,(4,1,4),(0.,0.0310890930859439,0.060045127531542),
 .UNSPECIFIED.);
#256=B_SPLINE_CURVE_WITH_KNOTS('',3,(#12983,#12984,#12985,#12986,#12987),
 .UNSPECIFIED.,.F.,.F.,(4,1,4),(-0.060045127531542,-0.0310890930859439,
0.),.UNSPECIFIED.);
#257=B_SPLINE_CURVE_WITH_KNOTS('',3,(#13000,#13001,#13002,#13003,#13004),
 .UNSPECIFIED.,.F.,.F.,(4,1,4),(0.,0.0266318536911383,0.0510608724629885),
 .UNSPECIFIED.);
#258=B_SPLINE_CURVE_WITH_KNOTS('',3,(#13006,#13007,#13008,#13009,#13010),
 .UNSPECIFIED.,.F.,.F.,(4,1,4),(-0.0510608724629885,-0.0266318536911383,
0.),.UNSPECIFIED.);
#259=B_SPLINE_CURVE_WITH_KNOTS('',3,(#13023,#13024,#13025,#13026,#13027),
 .UNSPECIFIED.,.F.,.F.,(4,1,4),(0.,0.0253652573427172,0.0544078025890654),
 .UNSPECIFIED.);
#260=B_SPLINE_CURVE_WITH_KNOTS('',3,(#13029,#13030,#13031,#13032,#13033),
 .UNSPECIFIED.,.F.,.F.,(4,1,4),(-0.0544078025890654,-0.0253652573427172,
0.),.UNSPECIFIED.);
#261=B_SPLINE_CURVE_WITH_KNOTS('',3,(#13052,#13053,#13054,#13055,#13056),
 .UNSPECIFIED.,.F.,.F.,(4,1,4),(0.,0.0218196861311478,0.0398939959197416),
 .UNSPECIFIED.);
#262=B_SPLINE_CURVE_WITH_KNOTS('',3,(#13058,#13059,#13060,#13061,#13062),
 .UNSPECIFIED.,.F.,.F.,(4,1,4),(-0.0398939959197416,-0.0218196861311478,
0.),.UNSPECIFIED.);
#263=B_SPLINE_CURVE_WITH_KNOTS('',3,(#13075,#13076,#13077,#13078,#13079),
 .UNSPECIFIED.,.F.,.F.,(4,1,4),(0.,0.0169503469747544,0.0358103423884623),
 .UNSPECIFIED.);
#264=B_SPLINE_CURVE_WITH_KNOTS('',3,(#13081,#13082,#13083,#13084,#13085),
 .UNSPECIFIED.,.F.,.F.,(4,1,4),(-0.0358103423884623,-0.0169503469747544,
0.),.UNSPECIFIED.);
#265=B_SPLINE_CURVE_WITH_KNOTS('',3,(#13098,#13099,#13100,#13101,#13102),
 .UNSPECIFIED.,.F.,.F.,(4,1,4),(0.,0.0205146366341628,0.0422956746010164),
 .UNSPECIFIED.);
#266=B_SPLINE_CURVE_WITH_KNOTS('',3,(#13104,#13105,#13106,#13107,#13108),
 .UNSPECIFIED.,.F.,.F.,(4,1,4),(-0.0422956746010164,-0.0205146366341628,
0.),.UNSPECIFIED.);
#267=B_SPLINE_CURVE_WITH_KNOTS('',3,(#13121,#13122,#13123,#13124,#13125),
 .UNSPECIFIED.,.F.,.F.,(4,1,4),(0.,0.0254596984994167,0.0480244141929789),
 .UNSPECIFIED.);
#268=B_SPLINE_CURVE_WITH_KNOTS('',3,(#13127,#13128,#13129,#13130,#13131),
 .UNSPECIFIED.,.F.,.F.,(4,1,4),(-0.0480244141929789,-0.0254596984994167,
0.),.UNSPECIFIED.);
#269=B_SPLINE_CURVE_WITH_KNOTS('',3,(#13144,#13145,#13146,#13147,#13148),
 .UNSPECIFIED.,.F.,.F.,(4,1,4),(0.,0.0203359708411878,0.0389781077979647),
 .UNSPECIFIED.);
#270=B_SPLINE_CURVE_WITH_KNOTS('',3,(#13150,#13151,#13152,#13153,#13154),
 .UNSPECIFIED.,.F.,.F.,(4,1,4),(-0.0389781077979647,-0.0203359708411878,
0.),.UNSPECIFIED.);
#271=B_SPLINE_CURVE_WITH_KNOTS('',3,(#13167,#13168,#13169,#13170,#13171),
 .UNSPECIFIED.,.F.,.F.,(4,1,4),(0.,0.017829865087493,0.0353240440859935),
 .UNSPECIFIED.);
#272=B_SPLINE_CURVE_WITH_KNOTS('',3,(#13173,#13174,#13175,#13176,#13177),
 .UNSPECIFIED.,.F.,.F.,(4,1,4),(-0.0353240440859935,-0.017829865087493,
0.),.UNSPECIFIED.);
#273=B_SPLINE_CURVE_WITH_KNOTS('',3,(#13190,#13191,#13192,#13193,#13194),
 .UNSPECIFIED.,.F.,.F.,(4,1,4),(0.,0.0302539994901644,0.0617454447676377),
 .UNSPECIFIED.);
#274=B_SPLINE_CURVE_WITH_KNOTS('',3,(#13196,#13197,#13198,#13199,#13200),
 .UNSPECIFIED.,.F.,.F.,(4,1,4),(-0.0617454447676377,-0.0302539994901644,
0.),.UNSPECIFIED.);
#275=B_SPLINE_CURVE_WITH_KNOTS('',3,(#13213,#13214,#13215,#13216,#13217),
 .UNSPECIFIED.,.F.,.F.,(4,1,4),(0.,0.0369964416966284,0.0690057566575492),
 .UNSPECIFIED.);
#276=B_SPLINE_CURVE_WITH_KNOTS('',3,(#13219,#13220,#13221,#13222,#13223),
 .UNSPECIFIED.,.F.,.F.,(4,1,4),(-0.0690057566575492,-0.0369964416966284,
0.),.UNSPECIFIED.);
#277=B_SPLINE_CURVE_WITH_KNOTS('',3,(#13236,#13237,#13238,#13239,#13240),
 .UNSPECIFIED.,.F.,.F.,(4,1,4),(0.,0.0290076666652258,0.0575630447834934),
 .UNSPECIFIED.);
#278=B_SPLINE_CURVE_WITH_KNOTS('',3,(#13242,#13243,#13244,#13245,#13246),
 .UNSPECIFIED.,.F.,.F.,(4,1,4),(-0.0575630447834934,-0.0290076666652258,
0.),.UNSPECIFIED.);
#279=B_SPLINE_CURVE_WITH_KNOTS('',3,(#13259,#13260,#13261,#13262,#13263),
 .UNSPECIFIED.,.F.,.F.,(4,1,4),(0.,0.028935288924671,0.0579744802512236),
 .UNSPECIFIED.);
#280=B_SPLINE_CURVE_WITH_KNOTS('',3,(#13265,#13266,#13267,#13268,#13269),
 .UNSPECIFIED.,.F.,.F.,(4,1,4),(-0.0579744802512236,-0.028935288924671,
0.),.UNSPECIFIED.);
#281=B_SPLINE_CURVE_WITH_KNOTS('',3,(#13282,#13283,#13284,#13285,#13286),
 .UNSPECIFIED.,.F.,.F.,(4,1,4),(0.,0.0255979491190932,0.0515517883547996),
 .UNSPECIFIED.);
#282=B_SPLINE_CURVE_WITH_KNOTS('',3,(#13288,#13289,#13290,#13291,#13292),
 .UNSPECIFIED.,.F.,.F.,(4,1,4),(-0.0515517883547996,-0.0255979491190932,
0.),.UNSPECIFIED.);
#283=B_SPLINE_CURVE_WITH_KNOTS('',3,(#13305,#13306,#13307,#13308,#13309),
 .UNSPECIFIED.,.F.,.F.,(4,1,4),(0.,0.0239021531062364,0.0429909737972211),
 .UNSPECIFIED.);
#284=B_SPLINE_CURVE_WITH_KNOTS('',3,(#13311,#13312,#13313,#13314,#13315),
 .UNSPECIFIED.,.F.,.F.,(4,1,4),(-0.0429909737972211,-0.0239021531062364,
0.),.UNSPECIFIED.);
#285=B_SPLINE_CURVE_WITH_KNOTS('',3,(#13347,#13348,#13349,#13350,#13351),
 .UNSPECIFIED.,.F.,.F.,(4,1,4),(0.,0.02651119902352,0.0470144267267128),
 .UNSPECIFIED.);
#286=B_SPLINE_CURVE_WITH_KNOTS('',3,(#13353,#13354,#13355,#13356,#13357),
 .UNSPECIFIED.,.F.,.F.,(4,1,4),(-0.0470144267267128,-0.02651119902352,0.),
 .UNSPECIFIED.);
#287=B_SPLINE_CURVE_WITH_KNOTS('',3,(#13370,#13371,#13372,#13373,#13374),
 .UNSPECIFIED.,.F.,.F.,(4,1,4),(0.,0.0165626348839963,0.031296828646651),
 .UNSPECIFIED.);
#288=B_SPLINE_CURVE_WITH_KNOTS('',3,(#13376,#13377,#13378,#13379,#13380),
 .UNSPECIFIED.,.F.,.F.,(4,1,4),(-0.031296828646651,-0.0165626348839963,
0.),.UNSPECIFIED.);
#289=B_SPLINE_CURVE_WITH_KNOTS('',3,(#13393,#13394,#13395,#13396,#13397),
 .UNSPECIFIED.,.F.,.F.,(4,1,4),(0.,0.0207762234493777,0.0441748329440471),
 .UNSPECIFIED.);
#290=B_SPLINE_CURVE_WITH_KNOTS('',3,(#13399,#13400,#13401,#13402,#13403),
 .UNSPECIFIED.,.F.,.F.,(4,1,4),(-0.0441748329440471,-0.0207762234493777,
0.),.UNSPECIFIED.);
#291=B_SPLINE_CURVE_WITH_KNOTS('',3,(#13416,#13417,#13418,#13419,#13420),
 .UNSPECIFIED.,.F.,.F.,(4,1,4),(0.,0.0270266525875771,0.0585258802231085),
 .UNSPECIFIED.);
#292=B_SPLINE_CURVE_WITH_KNOTS('',3,(#13422,#13423,#13424,#13425,#13426),
 .UNSPECIFIED.,.F.,.F.,(4,1,4),(-0.0585258802231085,-0.0270266525875771,
0.),.UNSPECIFIED.);
#293=B_SPLINE_CURVE_WITH_KNOTS('',3,(#13439,#13440,#13441,#13442,#13443),
 .UNSPECIFIED.,.F.,.F.,(4,1,4),(0.,0.0417972086343456,0.0746312654354883),
 .UNSPECIFIED.);
#294=B_SPLINE_CURVE_WITH_KNOTS('',3,(#13445,#13446,#13447,#13448,#13449),
 .UNSPECIFIED.,.F.,.F.,(4,1,4),(-0.0746312654354883,-0.0417972086343456,
0.),.UNSPECIFIED.);
#295=B_SPLINE_CURVE_WITH_KNOTS('',3,(#13462,#13463,#13464,#13465,#13466),
 .UNSPECIFIED.,.F.,.F.,(4,1,4),(0.,0.0271699093679851,0.0512665486566335),
 .UNSPECIFIED.);
#296=B_SPLINE_CURVE_WITH_KNOTS('',3,(#13468,#13469,#13470,#13471,#13472),
 .UNSPECIFIED.,.F.,.F.,(4,1,4),(-0.0512665486566335,-0.0271699093679851,
0.),.UNSPECIFIED.);
#297=B_SPLINE_CURVE_WITH_KNOTS('',3,(#13485,#13486,#13487,#13488,#13489),
 .UNSPECIFIED.,.F.,.F.,(4,1,4),(0.,0.021325047101025,0.0519059604266812),
 .UNSPECIFIED.);
#298=B_SPLINE_CURVE_WITH_KNOTS('',3,(#13491,#13492,#13493,#13494,#13495),
 .UNSPECIFIED.,.F.,.F.,(4,1,4),(-0.0519059604266812,-0.021325047101025,
0.),.UNSPECIFIED.);
#299=B_SPLINE_CURVE_WITH_KNOTS('',3,(#13532,#13533,#13534,#13535,#13536),
 .UNSPECIFIED.,.F.,.F.,(4,1,4),(0.,0.0308679210968921,0.053658525971855),
 .UNSPECIFIED.);
#300=B_SPLINE_CURVE_WITH_KNOTS('',3,(#13538,#13539,#13540,#13541,#13542),
 .UNSPECIFIED.,.F.,.F.,(4,1,4),(-0.053658525971855,-0.0308679210968921,
0.),.UNSPECIFIED.);
#301=B_SPLINE_CURVE_WITH_KNOTS('',3,(#13555,#13556,#13557,#13558,#13559),
 .UNSPECIFIED.,.F.,.F.,(4,1,4),(0.,0.0253049216163373,0.0493281703836914),
 .UNSPECIFIED.);
#302=B_SPLINE_CURVE_WITH_KNOTS('',3,(#13561,#13562,#13563,#13564,#13565),
 .UNSPECIFIED.,.F.,.F.,(4,1,4),(-0.0493281703836914,-0.0253049216163373,
0.),.UNSPECIFIED.);
#303=B_SPLINE_CURVE_WITH_KNOTS('',3,(#13578,#13579,#13580,#13581,#13582),
 .UNSPECIFIED.,.F.,.F.,(4,1,4),(0.,0.0308571088060701,0.0628804032237732),
 .UNSPECIFIED.);
#304=B_SPLINE_CURVE_WITH_KNOTS('',3,(#13584,#13585,#13586,#13587,#13588),
 .UNSPECIFIED.,.F.,.F.,(4,1,4),(-0.0628804032237732,-0.0308571088060701,
0.),.UNSPECIFIED.);
#305=B_SPLINE_CURVE_WITH_KNOTS('',3,(#13601,#13602,#13603,#13604,#13605),
 .UNSPECIFIED.,.F.,.F.,(4,1,4),(0.,0.0345779789296688,0.0725757118297623),
 .UNSPECIFIED.);
#306=B_SPLINE_CURVE_WITH_KNOTS('',3,(#13607,#13608,#13609,#13610,#13611),
 .UNSPECIFIED.,.F.,.F.,(4,1,4),(-0.0725757118297623,-0.0345779789296688,
0.),.UNSPECIFIED.);
#307=B_SPLINE_CURVE_WITH_KNOTS('',3,(#13624,#13625,#13626,#13627,#13628),
 .UNSPECIFIED.,.F.,.F.,(4,1,4),(0.,0.0322922006190623,0.0612598640703812),
 .UNSPECIFIED.);
#308=B_SPLINE_CURVE_WITH_KNOTS('',3,(#13630,#13631,#13632,#13633,#13634),
 .UNSPECIFIED.,.F.,.F.,(4,1,4),(-0.0612598640703812,-0.0322922006190623,
0.),.UNSPECIFIED.);
#309=B_SPLINE_CURVE_WITH_KNOTS('',3,(#13647,#13648,#13649,#13650,#13651),
 .UNSPECIFIED.,.F.,.F.,(4,1,4),(0.,0.0257834413345096,0.048408974212574),
 .UNSPECIFIED.);
#310=B_SPLINE_CURVE_WITH_KNOTS('',3,(#13653,#13654,#13655,#13656,#13657),
 .UNSPECIFIED.,.F.,.F.,(4,1,4),(-0.048408974212574,-0.0257834413345096,
0.),.UNSPECIFIED.);
#311=B_SPLINE_CURVE_WITH_KNOTS('',3,(#13670,#13671,#13672,#13673,#13674),
 .UNSPECIFIED.,.F.,.F.,(4,1,4),(0.,0.020237804669398,0.038716399514117),
 .UNSPECIFIED.);
#312=B_SPLINE_CURVE_WITH_KNOTS('',3,(#13676,#13677,#13678,#13679,#13680),
 .UNSPECIFIED.,.F.,.F.,(4,1,4),(-0.038716399514117,-0.020237804669398,0.),
 .UNSPECIFIED.);
#313=B_SPLINE_CURVE_WITH_KNOTS('',3,(#13693,#13694,#13695,#13696,#13697),
 .UNSPECIFIED.,.F.,.F.,(4,1,4),(0.,0.0185500048537552,0.0389915974098272),
 .UNSPECIFIED.);
#314=B_SPLINE_CURVE_WITH_KNOTS('',3,(#13699,#13700,#13701,#13702,#13703),
 .UNSPECIFIED.,.F.,.F.,(4,1,4),(-0.0389915974098272,-0.0185500048537552,
0.),.UNSPECIFIED.);
#315=B_SPLINE_CURVE_WITH_KNOTS('',3,(#13716,#13717,#13718,#13719,#13720),
 .UNSPECIFIED.,.F.,.F.,(4,1,4),(0.,0.0228601139849859,0.0485484354508426),
 .UNSPECIFIED.);
#316=B_SPLINE_CURVE_WITH_KNOTS('',3,(#13722,#13723,#13724,#13725,#13726),
 .UNSPECIFIED.,.F.,.F.,(4,1,4),(-0.0485484354508426,-0.0228601139849859,
0.),.UNSPECIFIED.);
#317=B_SPLINE_CURVE_WITH_KNOTS('',3,(#13795,#13796,#13797,#13798,#13799),
 .UNSPECIFIED.,.F.,.F.,(4,1,4),(0.,0.0263568930996998,0.0457633276929466),
 .UNSPECIFIED.);
#318=B_SPLINE_CURVE_WITH_KNOTS('',3,(#13801,#13802,#13803,#13804,#13805),
 .UNSPECIFIED.,.F.,.F.,(4,1,4),(0.,0.0210022393091946,0.0398452663170777),
 .UNSPECIFIED.);
#319=B_SPLINE_CURVE_WITH_KNOTS('',3,(#13807,#13808,#13809,#13810,#13811),
 .UNSPECIFIED.,.F.,.F.,(4,1,4),(0.,0.0183203820132322,0.0379549094797944),
 .UNSPECIFIED.);
#320=B_SPLINE_CURVE_WITH_KNOTS('',3,(#13813,#13814,#13815,#13816,#13817),
 .UNSPECIFIED.,.F.,.F.,(4,1,4),(0.,0.0207020257555518,0.0422075891312985),
 .UNSPECIFIED.);
#321=B_SPLINE_CURVE_WITH_KNOTS('',3,(#13819,#13820,#13821,#13822,#13823),
 .UNSPECIFIED.,.F.,.F.,(4,1,4),(0.,0.0358464708584904,0.0704935508637009),
 .UNSPECIFIED.);
#322=B_SPLINE_CURVE_WITH_KNOTS('',3,(#13825,#13826,#13827,#13828,#13829),
 .UNSPECIFIED.,.F.,.F.,(4,1,4),(0.,0.039534103662767,0.0937602415057422),
 .UNSPECIFIED.);
#323=B_SPLINE_CURVE_WITH_KNOTS('',3,(#13839,#13840,#13841,#13842,#13843),
 .UNSPECIFIED.,.F.,.F.,(4,1,4),(0.,0.0465082122230274,0.0882801299888844),
 .UNSPECIFIED.);
#324=B_SPLINE_CURVE_WITH_KNOTS('',3,(#13845,#13846,#13847,#13848,#13849),
 .UNSPECIFIED.,.F.,.F.,(4,1,4),(0.,0.0408659864316761,0.084595350805959),
 .UNSPECIFIED.);
#325=B_SPLINE_CURVE_WITH_KNOTS('',3,(#13851,#13852,#13853,#13854,#13855),
 .UNSPECIFIED.,.F.,.F.,(4,1,4),(0.,0.0442479970160861,0.0821757089733586),
 .UNSPECIFIED.);
#326=B_SPLINE_CURVE_WITH_KNOTS('',3,(#13857,#13858,#13859,#13860,#13861),
 .UNSPECIFIED.,.F.,.F.,(4,1,4),(0.,0.0360588922475834,0.0744057811456306),
 .UNSPECIFIED.);
#327=B_SPLINE_CURVE_WITH_KNOTS('',3,(#13863,#13864,#13865,#13866,#13867),
 .UNSPECIFIED.,.F.,.F.,(4,1,4),(0.,0.0406110564153566,0.0823923862121747),
 .UNSPECIFIED.);
#328=B_SPLINE_CURVE_WITH_KNOTS('',3,(#13869,#13870,#13871,#13872,#13873),
 .UNSPECIFIED.,.F.,.F.,(4,1,4),(0.,0.0440971780072938,0.0842908097742756),
 .UNSPECIFIED.);
#329=B_SPLINE_CURVE_WITH_KNOTS('',3,(#13875,#13876,#13877,#13878,#13879),
 .UNSPECIFIED.,.F.,.F.,(4,1,4),(0.,0.0375866283011294,0.0743817262923597),
 .UNSPECIFIED.);
#330=B_SPLINE_CURVE_WITH_KNOTS('',3,(#13881,#13882,#13883,#13884,#13885),
 .UNSPECIFIED.,.F.,.F.,(4,1,4),(0.,0.0372747428348222,0.0755804414968844),
 .UNSPECIFIED.);
#331=B_SPLINE_CURVE_WITH_KNOTS('',3,(#13887,#13888,#13889,#13890,#13891),
 .UNSPECIFIED.,.F.,.F.,(4,1,4),(0.,0.0418334966612976,0.0801792036582992),
 .UNSPECIFIED.);
#332=B_SPLINE_CURVE_WITH_KNOTS('',3,(#13893,#13894,#13895,#13896,#13897),
 .UNSPECIFIED.,.F.,.F.,(4,1,4),(0.,0.0379272928984807,0.0784297792860367),
 .UNSPECIFIED.);
#333=B_SPLINE_CURVE_WITH_KNOTS('',3,(#13901,#13902,#13903,#13904,#13905),
 .UNSPECIFIED.,.F.,.F.,(4,1,4),(0.,0.0310479239818135,0.0571646546406221),
 .UNSPECIFIED.);
#334=B_SPLINE_CURVE_WITH_KNOTS('',3,(#13907,#13908,#13909,#13910,#13911),
 .UNSPECIFIED.,.F.,.F.,(4,1,4),(0.,0.0250528618955396,0.0528289542308491),
 .UNSPECIFIED.);
#335=B_SPLINE_CURVE_WITH_KNOTS('',3,(#13913,#13914,#13915,#13916,#13917),
 .UNSPECIFIED.,.F.,.F.,(4,1,4),(0.,0.032013874371977,0.0608924799441149),
 .UNSPECIFIED.);
#336=B_SPLINE_CURVE_WITH_KNOTS('',3,(#13919,#13920,#13921,#13922,#13923),
 .UNSPECIFIED.,.F.,.F.,(4,1,4),(0.,0.0277114036681677,0.0559115781049639),
 .UNSPECIFIED.);
#337=B_SPLINE_CURVE_WITH_KNOTS('',3,(#13925,#13926,#13927,#13928,#13929),
 .UNSPECIFIED.,.F.,.F.,(4,1,4),(0.,0.0292333290769302,0.0585656309231076),
 .UNSPECIFIED.);
#338=B_SPLINE_CURVE_WITH_KNOTS('',3,(#13931,#13932,#13933,#13934,#13935),
 .UNSPECIFIED.,.F.,.F.,(4,1,4),(0.,0.0359456552604602,0.0680322321003104),
 .UNSPECIFIED.);
#339=B_SPLINE_CURVE_WITH_KNOTS('',3,(#13937,#13938,#13939,#13940,#13941),
 .UNSPECIFIED.,.F.,.F.,(4,1,4),(0.,0.0287232196699097,0.0557780349159092),
 .UNSPECIFIED.);
#340=B_SPLINE_CURVE_WITH_KNOTS('',3,(#13943,#13944,#13945,#13946,#13947),
 .UNSPECIFIED.,.F.,.F.,(4,1,4),(0.,0.0266957837657511,0.0533798682225345),
 .UNSPECIFIED.);
#341=B_SPLINE_CURVE_WITH_KNOTS('',3,(#13949,#13950,#13951,#13952,#13953),
 .UNSPECIFIED.,.F.,.F.,(4,1,4),(0.,0.0311712732325954,0.060628162816119),
 .UNSPECIFIED.);
#342=B_SPLINE_CURVE_WITH_KNOTS('',3,(#13954,#13955,#13956,#13957,#13958),
 .UNSPECIFIED.,.F.,.F.,(4,1,4),(0.,0.0307694212853073,0.0660469767372765),
 .UNSPECIFIED.);
#343=B_SPLINE_CURVE_WITH_KNOTS('',3,(#14185,#14186,#14187,#14188,#14189),
 .UNSPECIFIED.,.F.,.F.,(4,1,4),(0.,0.0366715068566847,0.0657628112000776),
 .UNSPECIFIED.);
#344=B_SPLINE_CURVE_WITH_KNOTS('',3,(#14191,#14192,#14193,#14194,#14195),
 .UNSPECIFIED.,.F.,.F.,(4,1,4),(-0.0657628112000776,-0.0366715068566847,
0.),.UNSPECIFIED.);
#345=B_SPLINE_CURVE_WITH_KNOTS('',3,(#14208,#14209,#14210,#14211,#14212),
 .UNSPECIFIED.,.F.,.F.,(4,1,4),(0.,0.0295696111390752,0.0595809499272178),
 .UNSPECIFIED.);
#346=B_SPLINE_CURVE_WITH_KNOTS('',3,(#14214,#14215,#14216,#14217,#14218),
 .UNSPECIFIED.,.F.,.F.,(4,1,4),(-0.0595809499272178,-0.0295696111390752,
0.),.UNSPECIFIED.);
#347=B_SPLINE_CURVE_WITH_KNOTS('',3,(#14332,#14333,#14334,#14335,#14336),
 .UNSPECIFIED.,.F.,.F.,(4,1,4),(0.,0.0366714865673711,0.0657628089399414),
 .UNSPECIFIED.);
#348=B_SPLINE_CURVE_WITH_KNOTS('',3,(#14338,#14339,#14340,#14341,#14342),
 .UNSPECIFIED.,.F.,.F.,(4,1,4),(-0.0657628089399414,-0.0366714865673711,
0.),.UNSPECIFIED.);
#349=B_SPLINE_CURVE_WITH_KNOTS('',3,(#14355,#14356,#14357,#14358,#14359),
 .UNSPECIFIED.,.F.,.F.,(4,1,4),(0.,0.0295696111390752,0.0595809499272178),
 .UNSPECIFIED.);
#350=B_SPLINE_CURVE_WITH_KNOTS('',3,(#14361,#14362,#14363,#14364,#14365),
 .UNSPECIFIED.,.F.,.F.,(4,1,4),(-0.0595809499272178,-0.0295696111390752,
0.),.UNSPECIFIED.);
#351=B_SPLINE_CURVE_WITH_KNOTS('',3,(#14424,#14425,#14426,#14427,#14428),
 .UNSPECIFIED.,.F.,.F.,(4,1,4),(0.,0.0330899221919962,0.0573422008526352),
 .UNSPECIFIED.);
#352=B_SPLINE_CURVE_WITH_KNOTS('',3,(#14430,#14431,#14432,#14433,#14434),
 .UNSPECIFIED.,.F.,.F.,(4,1,4),(-0.0573422008526352,-0.0330899221919962,
0.),.UNSPECIFIED.);
#353=B_SPLINE_CURVE_WITH_KNOTS('',3,(#14447,#14448,#14449,#14450,#14451),
 .UNSPECIFIED.,.F.,.F.,(4,1,4),(0.,0.0210774339709433,0.0445017055942954),
 .UNSPECIFIED.);
#354=B_SPLINE_CURVE_WITH_KNOTS('',3,(#14453,#14454,#14455,#14456,#14457),
 .UNSPECIFIED.,.F.,.F.,(4,1,4),(-0.0445017055942954,-0.0210774339709433,
0.),.UNSPECIFIED.);
#355=B_SPLINE_CURVE_WITH_KNOTS('',3,(#14470,#14471,#14472,#14473,#14474),
 .UNSPECIFIED.,.F.,.F.,(4,1,4),(0.,0.0176321767391609,0.0340266350139904),
 .UNSPECIFIED.);
#356=B_SPLINE_CURVE_WITH_KNOTS('',3,(#14476,#14477,#14478,#14479,#14480),
 .UNSPECIFIED.,.F.,.F.,(4,1,4),(-0.0340266350139904,-0.0176321767391609,
0.),.UNSPECIFIED.);
#357=B_SPLINE_CURVE_WITH_KNOTS('',3,(#14493,#14494,#14495,#14496,#14497),
 .UNSPECIFIED.,.F.,.F.,(4,1,4),(0.,0.0156640436064939,0.031169840381336),
 .UNSPECIFIED.);
#358=B_SPLINE_CURVE_WITH_KNOTS('',3,(#14499,#14500,#14501,#14502,#14503),
 .UNSPECIFIED.,.F.,.F.,(4,1,4),(-0.031169840381336,-0.0156640436064939,
0.),.UNSPECIFIED.);
#359=B_SPLINE_CURVE_WITH_KNOTS('',3,(#14516,#14517,#14518,#14519,#14520),
 .UNSPECIFIED.,.F.,.F.,(4,1,4),(0.,0.0144124163513383,0.0371880036004219),
 .UNSPECIFIED.);
#360=B_SPLINE_CURVE_WITH_KNOTS('',3,(#14522,#14523,#14524,#14525,#14526),
 .UNSPECIFIED.,.F.,.F.,(4,1,4),(-0.0371880036004219,-0.0144124163513383,
0.),.UNSPECIFIED.);
#361=B_SPLINE_CURVE_WITH_KNOTS('',3,(#14558,#14559,#14560,#14561,#14562),
 .UNSPECIFIED.,.F.,.F.,(4,1,4),(-0.0457633276929466,-0.0263568930996998,
0.),.UNSPECIFIED.);
#362=B_SPLINE_CURVE_WITH_KNOTS('',3,(#14575,#14576,#14577,#14578,#14579),
 .UNSPECIFIED.,.F.,.F.,(4,1,4),(-0.0398452663170777,-0.0210022393091946,
0.),.UNSPECIFIED.);
#363=B_SPLINE_CURVE_WITH_KNOTS('',3,(#14592,#14593,#14594,#14595,#14596),
 .UNSPECIFIED.,.F.,.F.,(4,1,4),(-0.0379549094797944,-0.0183203820132322,
0.),.UNSPECIFIED.);
#364=B_SPLINE_CURVE_WITH_KNOTS('',3,(#14609,#14610,#14611,#14612,#14613),
 .UNSPECIFIED.,.F.,.F.,(4,1,4),(-0.0422075891312985,-0.0207020257555518,
0.),.UNSPECIFIED.);
#365=B_SPLINE_CURVE_WITH_KNOTS('',3,(#14626,#14627,#14628,#14629,#14630),
 .UNSPECIFIED.,.F.,.F.,(4,1,4),(-0.0704935508637009,-0.0358464708584904,
0.),.UNSPECIFIED.);
#366=B_SPLINE_CURVE_WITH_KNOTS('',3,(#14643,#14644,#14645,#14646,#14647),
 .UNSPECIFIED.,.F.,.F.,(4,1,4),(-0.0937602415057422,-0.039534103662767,
0.),.UNSPECIFIED.);
#367=B_SPLINE_CURVE_WITH_KNOTS('',3,(#14678,#14679,#14680,#14681,#14682),
 .UNSPECIFIED.,.F.,.F.,(4,1,4),(-0.0882801299888844,-0.0465082122230274,
0.),.UNSPECIFIED.);
#368=B_SPLINE_CURVE_WITH_KNOTS('',3,(#14695,#14696,#14697,#14698,#14699),
 .UNSPECIFIED.,.F.,.F.,(4,1,4),(-0.084595350805959,-0.0408659864316761,
0.),.UNSPECIFIED.);
#369=B_SPLINE_CURVE_WITH_KNOTS('',3,(#14712,#14713,#14714,#14715,#14716),
 .UNSPECIFIED.,.F.,.F.,(4,1,4),(-0.0821757089733586,-0.0442479970160861,
0.),.UNSPECIFIED.);
#370=B_SPLINE_CURVE_WITH_KNOTS('',3,(#14729,#14730,#14731,#14732,#14733),
 .UNSPECIFIED.,.F.,.F.,(4,1,4),(-0.0744057811456306,-0.0360588922475834,
0.),.UNSPECIFIED.);
#371=B_SPLINE_CURVE_WITH_KNOTS('',3,(#14746,#14747,#14748,#14749,#14750),
 .UNSPECIFIED.,.F.,.F.,(4,1,4),(-0.0823923862121747,-0.0406110564153566,
0.),.UNSPECIFIED.);
#372=B_SPLINE_CURVE_WITH_KNOTS('',3,(#14763,#14764,#14765,#14766,#14767),
 .UNSPECIFIED.,.F.,.F.,(4,1,4),(-0.0842908097742756,-0.0440971780072938,
0.),.UNSPECIFIED.);
#373=B_SPLINE_CURVE_WITH_KNOTS('',3,(#14780,#14781,#14782,#14783,#14784),
 .UNSPECIFIED.,.F.,.F.,(4,1,4),(-0.0743817262923597,-0.0375866283011294,
0.),.UNSPECIFIED.);
#374=B_SPLINE_CURVE_WITH_KNOTS('',3,(#14797,#14798,#14799,#14800,#14801),
 .UNSPECIFIED.,.F.,.F.,(4,1,4),(-0.0755804414968844,-0.0372747428348222,
0.),.UNSPECIFIED.);
#375=B_SPLINE_CURVE_WITH_KNOTS('',3,(#14814,#14815,#14816,#14817,#14818),
 .UNSPECIFIED.,.F.,.F.,(4,1,4),(-0.0801792036582992,-0.0418334966612976,
0.),.UNSPECIFIED.);
#376=B_SPLINE_CURVE_WITH_KNOTS('',3,(#14831,#14832,#14833,#14834,#14835),
 .UNSPECIFIED.,.F.,.F.,(4,1,4),(-0.0784297792860367,-0.0379272928984807,
0.),.UNSPECIFIED.);
#377=B_SPLINE_CURVE_WITH_KNOTS('',3,(#14852,#14853,#14854,#14855,#14856),
 .UNSPECIFIED.,.F.,.F.,(4,1,4),(-0.0571646546406221,-0.0310479239818135,
0.),.UNSPECIFIED.);
#378=B_SPLINE_CURVE_WITH_KNOTS('',3,(#14869,#14870,#14871,#14872,#14873),
 .UNSPECIFIED.,.F.,.F.,(4,1,4),(-0.0528289542308491,-0.0250528618955396,
0.),.UNSPECIFIED.);
#379=B_SPLINE_CURVE_WITH_KNOTS('',3,(#14886,#14887,#14888,#14889,#14890),
 .UNSPECIFIED.,.F.,.F.,(4,1,4),(-0.0608924799441149,-0.032013874371977,
0.),.UNSPECIFIED.);
#380=B_SPLINE_CURVE_WITH_KNOTS('',3,(#14903,#14904,#14905,#14906,#14907),
 .UNSPECIFIED.,.F.,.F.,(4,1,4),(-0.0559115781049639,-0.0277114036681677,
0.),.UNSPECIFIED.);
#381=B_SPLINE_CURVE_WITH_KNOTS('',3,(#14920,#14921,#14922,#14923,#14924),
 .UNSPECIFIED.,.F.,.F.,(4,1,4),(-0.0585656309231076,-0.0292333290769302,
0.),.UNSPECIFIED.);
#382=B_SPLINE_CURVE_WITH_KNOTS('',3,(#14937,#14938,#14939,#14940,#14941),
 .UNSPECIFIED.,.F.,.F.,(4,1,4),(-0.0680322321003104,-0.0359456552604602,
0.),.UNSPECIFIED.);
#383=B_SPLINE_CURVE_WITH_KNOTS('',3,(#14954,#14955,#14956,#14957,#14958),
 .UNSPECIFIED.,.F.,.F.,(4,1,4),(-0.0557780349159092,-0.0287232196699097,
0.),.UNSPECIFIED.);
#384=B_SPLINE_CURVE_WITH_KNOTS('',3,(#14971,#14972,#14973,#14974,#14975),
 .UNSPECIFIED.,.F.,.F.,(4,1,4),(-0.0533798682225345,-0.0266957837657511,
0.),.UNSPECIFIED.);
#385=B_SPLINE_CURVE_WITH_KNOTS('',3,(#14988,#14989,#14990,#14991,#14992),
 .UNSPECIFIED.,.F.,.F.,(4,1,4),(-0.060628162816119,-0.0311712732325954,
0.),.UNSPECIFIED.);
#386=B_SPLINE_CURVE_WITH_KNOTS('',3,(#15004,#15005,#15006,#15007,#15008),
 .UNSPECIFIED.,.F.,.F.,(4,1,4),(-0.0660469767372765,-0.0307694212853073,
0.),.UNSPECIFIED.);
#387=B_SPLINE_CURVE_WITH_KNOTS('',3,(#15134,#15135,#15136,#15137,#15138),
 .UNSPECIFIED.,.F.,.F.,(4,1,4),(0.,0.0366715551686308,0.0657628414829573),
 .UNSPECIFIED.);
#388=B_SPLINE_CURVE_WITH_KNOTS('',3,(#15140,#15141,#15142,#15143,#15144),
 .UNSPECIFIED.,.F.,.F.,(4,1,4),(-0.0657628414829573,-0.0366715551686308,
0.),.UNSPECIFIED.);
#389=B_SPLINE_CURVE_WITH_KNOTS('',3,(#15157,#15158,#15159,#15160,#15161),
 .UNSPECIFIED.,.F.,.F.,(4,1,4),(0.,0.0295696111390752,0.0595809499272178),
 .UNSPECIFIED.);
#390=B_SPLINE_CURVE_WITH_KNOTS('',3,(#15163,#15164,#15165,#15166,#15167),
 .UNSPECIFIED.,.F.,.F.,(4,1,4),(-0.0595809499272178,-0.0295696111390752,
0.),.UNSPECIFIED.);
#391=B_SPLINE_CURVE_WITH_KNOTS('',3,(#15308,#15309,#15310,#15311,#15312),
 .UNSPECIFIED.,.F.,.F.,(4,1,4),(0.,0.0115266665532916,0.0224512107780712),
 .UNSPECIFIED.);
#392=B_SPLINE_CURVE_WITH_KNOTS('',3,(#15316,#15317,#15318,#15319,#15320),
 .UNSPECIFIED.,.F.,.F.,(4,1,4),(-0.0224512107780712,-0.0115266665532916,
0.),.UNSPECIFIED.);
#393=B_SPLINE_CURVE_WITH_KNOTS('',3,(#15333,#15334,#15335,#15336,#15337),
 .UNSPECIFIED.,.F.,.F.,(4,1,4),(0.,0.0109790706344751,0.0225574598443232),
 .UNSPECIFIED.);
#394=B_SPLINE_CURVE_WITH_KNOTS('',3,(#15339,#15340,#15341,#15342,#15343),
 .UNSPECIFIED.,.F.,.F.,(4,1,4),(-0.0225574598443232,-0.0109790706344751,
0.),.UNSPECIFIED.);
#395=B_SPLINE_CURVE_WITH_KNOTS('',3,(#15362,#15363,#15364,#15365,#15366),
 .UNSPECIFIED.,.F.,.F.,(4,1,4),(0.,0.0115154353664461,0.0223340469728288),
 .UNSPECIFIED.);
#396=B_SPLINE_CURVE_WITH_KNOTS('',3,(#15368,#15369,#15370,#15371,#15372),
 .UNSPECIFIED.,.F.,.F.,(4,1,4),(-0.0223340469728288,-0.0115154353664461,
0.),.UNSPECIFIED.);
#397=B_SPLINE_CURVE_WITH_KNOTS('',3,(#15385,#15386,#15387,#15388,#15389),
 .UNSPECIFIED.,.F.,.F.,(4,1,4),(0.,0.0108186116063827,0.022334164414364),
 .UNSPECIFIED.);
#398=B_SPLINE_CURVE_WITH_KNOTS('',3,(#15391,#15392,#15393,#15394,#15395),
 .UNSPECIFIED.,.F.,.F.,(4,1,4),(-0.022334164414364,-0.0108186116063827,
0.),.UNSPECIFIED.);
#399=B_SPLINE_CURVE_WITH_KNOTS('',3,(#15414,#15415,#15416,#15417,#15418),
 .UNSPECIFIED.,.F.,.F.,(4,1,4),(0.,0.0115155821683709,0.0223341688434686),
 .UNSPECIFIED.);
#400=B_SPLINE_CURVE_WITH_KNOTS('',3,(#15420,#15421,#15422,#15423,#15424),
 .UNSPECIFIED.,.F.,.F.,(4,1,4),(-0.0223341688434686,-0.0115155821683709,
0.),.UNSPECIFIED.);
#401=B_SPLINE_CURVE_WITH_KNOTS('',3,(#15437,#15438,#15439,#15440,#15441),
 .UNSPECIFIED.,.F.,.F.,(4,1,4),(0.,0.0108186279345722,0.0223340633010182),
 .UNSPECIFIED.);
#402=B_SPLINE_CURVE_WITH_KNOTS('',3,(#15443,#15444,#15445,#15446,#15447),
 .UNSPECIFIED.,.F.,.F.,(4,1,4),(-0.0223340633010182,-0.0108186279345722,
0.),.UNSPECIFIED.);
#403=B_SPLINE_CURVE_WITH_KNOTS('',3,(#15466,#15467,#15468,#15469,#15470),
 .UNSPECIFIED.,.F.,.F.,(4,1,4),(0.,0.0115783892098481,0.0225574759338767),
 .UNSPECIFIED.);
#404=B_SPLINE_CURVE_WITH_KNOTS('',3,(#15472,#15473,#15474,#15475,#15476),
 .UNSPECIFIED.,.F.,.F.,(4,1,4),(-0.0225574759338767,-0.0115783892098481,
0.),.UNSPECIFIED.);
#405=B_SPLINE_CURVE_WITH_KNOTS('',3,(#15489,#15490,#15491,#15492,#15493),
 .UNSPECIFIED.,.F.,.F.,(4,1,4),(0.,0.0109245195352477,0.0224512154206203),
 .UNSPECIFIED.);
#406=B_SPLINE_CURVE_WITH_KNOTS('',3,(#15495,#15496,#15497,#15498,#15499),
 .UNSPECIFIED.,.F.,.F.,(4,1,4),(-0.0224512154206203,-0.0109245195352477,
0.),.UNSPECIFIED.);
#407=B_SPLINE_CURVE_WITH_KNOTS('',3,(#15736,#15737,#15738,#15739,#15740),
 .UNSPECIFIED.,.F.,.F.,(4,1,4),(0.,0.023020248862351,0.044553369305929),
 .UNSPECIFIED.);
#408=B_SPLINE_CURVE_WITH_KNOTS('',3,(#15742,#15743,#15744,#15745,#15746),
 .UNSPECIFIED.,.F.,.F.,(4,1,4),(0.,0.0214774201043419,0.0444458145276119),
 .UNSPECIFIED.);
#409=B_SPLINE_CURVE_WITH_KNOTS('',3,(#15750,#15751,#15752,#15753,#15754),
 .UNSPECIFIED.,.F.,.F.,(4,1,4),(0.,0.0230938807138667,0.0448913148807295),
 .UNSPECIFIED.);
#410=B_SPLINE_CURVE_WITH_KNOTS('',3,(#15756,#15757,#15758,#15759,#15760),
 .UNSPECIFIED.,.F.,.F.,(4,1,4),(0.,0.0217426061291066,0.0447847295218367),
 .UNSPECIFIED.);
#411=B_SPLINE_CURVE_WITH_KNOTS('',3,(#15774,#15775,#15776,#15777,#15778),
 .UNSPECIFIED.,.F.,.F.,(4,1,4),(0.,0.0336659848953722,0.0659201026004301),
 .UNSPECIFIED.);
#412=B_SPLINE_CURVE_WITH_KNOTS('',3,(#15782,#15783,#15784,#15785,#15786),
 .UNSPECIFIED.,.F.,.F.,(4,1,4),(0.,0.0230421337793718,0.044784706886147),
 .UNSPECIFIED.);
#413=B_SPLINE_CURVE_WITH_KNOTS('',3,(#15788,#15789,#15790,#15791,#15792),
 .UNSPECIFIED.,.F.,.F.,(4,1,4),(0.,0.0217974003561178,0.0448913448950218),
 .UNSPECIFIED.);
#414=B_SPLINE_CURVE_WITH_KNOTS('',3,(#15796,#15797,#15798,#15799,#15800),
 .UNSPECIFIED.,.F.,.F.,(4,1,4),(0.,0.02296839442327,0.0444458474269709),
 .UNSPECIFIED.);
#415=B_SPLINE_CURVE_WITH_KNOTS('',3,(#15802,#15803,#15804,#15805,#15806),
 .UNSPECIFIED.,.F.,.F.,(4,1,4),(0.,0.0215330558733165,0.0445533248686171),
 .UNSPECIFIED.);
#416=B_SPLINE_CURVE_WITH_KNOTS('',3,(#15820,#15821,#15822,#15823,#15824),
 .UNSPECIFIED.,.F.,.F.,(4,1,4),(0.,0.0326187633638049,0.0645773980995161),
 .UNSPECIFIED.);
#417=B_SPLINE_CURVE_WITH_KNOTS('',3,(#15840,#15841,#15842,#15843,#15844),
 .UNSPECIFIED.,.F.,.F.,(4,1,4),(0.,0.0219547274680403,0.0521350027712345),
 .UNSPECIFIED.);
#418=B_SPLINE_CURVE_WITH_KNOTS('',3,(#15850,#15851,#15852,#15853,#15854),
 .UNSPECIFIED.,.F.,.F.,(4,1,4),(0.,0.0292413544499458,0.0571092741114146),
 .UNSPECIFIED.);
#419=B_SPLINE_CURVE_WITH_KNOTS('',3,(#15856,#15857,#15858,#15859,#15860),
 .UNSPECIFIED.,.F.,.F.,(4,1,4),(0.,0.0279760784931948,0.0573208014303571),
 .UNSPECIFIED.);
#420=B_SPLINE_CURVE_WITH_KNOTS('',3,(#15868,#15869,#15870,#15871,#15872),
 .UNSPECIFIED.,.F.,.F.,(4,1,4),(0.,0.0295013723280563,0.0574510518971501),
 .UNSPECIFIED.);
#421=B_SPLINE_CURVE_WITH_KNOTS('',3,(#15874,#15875,#15876,#15877,#15878),
 .UNSPECIFIED.,.F.,.F.,(4,1,4),(0.,0.0278145722145707,0.0570502683205285),
 .UNSPECIFIED.);
#422=B_SPLINE_CURVE_WITH_KNOTS('',3,(#16012,#16013,#16014,#16015,#16016),
 .UNSPECIFIED.,.F.,.F.,(4,1,4),(0.,0.011552458447588,0.0225035307372519),
 .UNSPECIFIED.);
#423=B_SPLINE_CURVE_WITH_KNOTS('',3,(#16018,#16019,#16020,#16021,#16022),
 .UNSPECIFIED.,.F.,.F.,(4,1,4),(0.,0.0109510067254471,0.022503416833712),
 .UNSPECIFIED.);
#424=B_SPLINE_CURVE_WITH_KNOTS('',3,(#16034,#16035,#16036,#16037,#16038),
 .UNSPECIFIED.,.F.,.F.,(4,1,4),(0.,0.0115469109941288,0.0224456442857378),
 .UNSPECIFIED.);
#425=B_SPLINE_CURVE_WITH_KNOTS('',3,(#16040,#16041,#16042,#16043,#16044),
 .UNSPECIFIED.,.F.,.F.,(4,1,4),(0.,0.0108712617429031,0.0223923683657659),
 .UNSPECIFIED.);
#426=B_SPLINE_CURVE_WITH_KNOTS('',3,(#16048,#16049,#16050,#16051,#16052),
 .UNSPECIFIED.,.F.,.F.,(4,1,4),(0.,0.0230311056159627,0.0446683288287281),
 .UNSPECIFIED.);
#427=B_SPLINE_CURVE_WITH_KNOTS('',3,(#16054,#16055,#16056,#16057,#16058),
 .UNSPECIFIED.,.F.,.F.,(4,1,4),(0.,0.0216372232127654,0.0446683288287281),
 .UNSPECIFIED.);
#428=B_SPLINE_CURVE_WITH_KNOTS('',3,(#16062,#16063,#16064,#16065,#16066),
 .UNSPECIFIED.,.F.,.F.,(4,1,4),(0.,0.0230311056159627,0.0446683288287281),
 .UNSPECIFIED.);
#429=B_SPLINE_CURVE_WITH_KNOTS('',3,(#16068,#16069,#16070,#16071,#16072),
 .UNSPECIFIED.,.F.,.F.,(4,1,4),(0.,0.0216372232127654,0.0446683288287281),
 .UNSPECIFIED.);
#430=B_SPLINE_CURVE_WITH_KNOTS('',3,(#16076,#16077,#16078,#16079,#16080),
 .UNSPECIFIED.,.F.,.F.,(4,1,4),(0.,0.0230311056159627,0.0446683288287281),
 .UNSPECIFIED.);
#431=B_SPLINE_CURVE_WITH_KNOTS('',3,(#16082,#16083,#16084,#16085,#16086),
 .UNSPECIFIED.,.F.,.F.,(4,1,4),(0.,0.0216372395409405,0.0446683502702393),
 .UNSPECIFIED.);
#432=B_SPLINE_CURVE_WITH_KNOTS('',3,(#16090,#16091,#16092,#16093,#16094),
 .UNSPECIFIED.,.F.,.F.,(4,1,4),(0.,0.0230311056159627,0.0446683614851071),
 .UNSPECIFIED.);
#433=B_SPLINE_CURVE_WITH_KNOTS('',3,(#16096,#16097,#16098,#16099,#16100),
 .UNSPECIFIED.,.F.,.F.,(4,1,4),(0.,0.0216372232127654,0.0446683288287281),
 .UNSPECIFIED.);
#434=B_SPLINE_CURVE_WITH_KNOTS('',3,(#16233,#16234,#16235,#16236,#16237),
 .UNSPECIFIED.,.F.,.F.,(4,1,4),(-0.0446683288287281,-0.0230311056159627,
0.),.UNSPECIFIED.);
#435=B_SPLINE_CURVE_WITH_KNOTS('',3,(#16250,#16251,#16252,#16253,#16254),
 .UNSPECIFIED.,.F.,.F.,(4,1,4),(-0.0446683288287281,-0.0216372232127654,
0.),.UNSPECIFIED.);
#436=B_SPLINE_CURVE_WITH_KNOTS('',3,(#16271,#16272,#16273,#16274,#16275),
 .UNSPECIFIED.,.F.,.F.,(4,1,4),(-0.0446683288287281,-0.0230311056159627,
0.),.UNSPECIFIED.);
#437=B_SPLINE_CURVE_WITH_KNOTS('',3,(#16288,#16289,#16290,#16291,#16292),
 .UNSPECIFIED.,.F.,.F.,(4,1,4),(-0.0446683288287281,-0.0216372232127654,
0.),.UNSPECIFIED.);
#438=B_SPLINE_CURVE_WITH_KNOTS('',3,(#16309,#16310,#16311,#16312,#16313),
 .UNSPECIFIED.,.F.,.F.,(4,1,4),(-0.0446683288287281,-0.0230311056159627,
0.),.UNSPECIFIED.);
#439=B_SPLINE_CURVE_WITH_KNOTS('',3,(#16326,#16327,#16328,#16329,#16330),
 .UNSPECIFIED.,.F.,.F.,(4,1,4),(-0.0446683502702393,-0.0216372395409405,
0.),.UNSPECIFIED.);
#440=B_SPLINE_CURVE_WITH_KNOTS('',3,(#16347,#16348,#16349,#16350,#16351),
 .UNSPECIFIED.,.F.,.F.,(4,1,4),(-0.0446683614851071,-0.0230311056159627,
0.),.UNSPECIFIED.);
#441=B_SPLINE_CURVE_WITH_KNOTS('',3,(#16364,#16365,#16366,#16367,#16368),
 .UNSPECIFIED.,.F.,.F.,(4,1,4),(-0.0446683288287281,-0.0216372232127654,
0.),.UNSPECIFIED.);
#442=B_SPLINE_CURVE_WITH_KNOTS('',3,(#16482,#16483,#16484,#16485,#16486),
 .UNSPECIFIED.,.F.,.F.,(4,1,4),(-0.044553369305929,-0.023020248862351,0.),
 .UNSPECIFIED.);
#443=B_SPLINE_CURVE_WITH_KNOTS('',3,(#16499,#16500,#16501,#16502,#16503),
 .UNSPECIFIED.,.F.,.F.,(4,1,4),(-0.0444458145276119,-0.0214774201043419,
0.),.UNSPECIFIED.);
#444=B_SPLINE_CURVE_WITH_KNOTS('',3,(#16520,#16521,#16522,#16523,#16524),
 .UNSPECIFIED.,.F.,.F.,(4,1,4),(-0.0448913148807295,-0.0230938807138667,
0.),.UNSPECIFIED.);
#445=B_SPLINE_CURVE_WITH_KNOTS('',3,(#16537,#16538,#16539,#16540,#16541),
 .UNSPECIFIED.,.F.,.F.,(4,1,4),(-0.0447847295218367,-0.0217426061291066,
0.),.UNSPECIFIED.);
#446=B_SPLINE_CURVE_WITH_KNOTS('',3,(#16578,#16579,#16580,#16581,#16582),
 .UNSPECIFIED.,.F.,.F.,(4,1,4),(-0.0659201026004301,-0.0336659848953722,
0.),.UNSPECIFIED.);
#447=B_SPLINE_CURVE_WITH_KNOTS('',3,(#16599,#16600,#16601,#16602,#16603),
 .UNSPECIFIED.,.F.,.F.,(4,1,4),(-0.044784706886147,-0.0230421337793718,
0.),.UNSPECIFIED.);
#448=B_SPLINE_CURVE_WITH_KNOTS('',3,(#16616,#16617,#16618,#16619,#16620),
 .UNSPECIFIED.,.F.,.F.,(4,1,4),(-0.0448913448950218,-0.0217974003561178,
0.),.UNSPECIFIED.);
#449=B_SPLINE_CURVE_WITH_KNOTS('',3,(#16637,#16638,#16639,#16640,#16641),
 .UNSPECIFIED.,.F.,.F.,(4,1,4),(-0.0444458474269709,-0.02296839442327,0.),
 .UNSPECIFIED.);
#450=B_SPLINE_CURVE_WITH_KNOTS('',3,(#16654,#16655,#16656,#16657,#16658),
 .UNSPECIFIED.,.F.,.F.,(4,1,4),(-0.0445533248686171,-0.0215330558733165,
0.),.UNSPECIFIED.);
#451=B_SPLINE_CURVE_WITH_KNOTS('',3,(#16695,#16696,#16697,#16698,#16699),
 .UNSPECIFIED.,.F.,.F.,(4,1,4),(-0.0645773980995161,-0.0326187633638049,
0.),.UNSPECIFIED.);
#452=B_SPLINE_CURVE_WITH_KNOTS('',3,(#16728,#16729,#16730,#16731,#16732),
 .UNSPECIFIED.,.F.,.F.,(4,1,4),(-0.0520975757340367,-0.0130243939335092,
0.),.UNSPECIFIED.);
#453=B_SPLINE_CURVE_WITH_KNOTS('',3,(#16745,#16746,#16747,#16748,#16749),
 .UNSPECIFIED.,.F.,.F.,(4,1,4),(-0.0521350027712345,-0.0219547274680403,
0.),.UNSPECIFIED.);
#454=B_SPLINE_CURVE_WITH_KNOTS('',3,(#16795,#16796,#16797,#16798,#16799),
 .UNSPECIFIED.,.F.,.F.,(4,1,4),(-0.0225035307372519,-0.011552458447588,
0.),.UNSPECIFIED.);
#455=B_SPLINE_CURVE_WITH_KNOTS('',3,(#16812,#16813,#16814,#16815,#16816),
 .UNSPECIFIED.,.F.,.F.,(4,1,4),(-0.022503416833712,-0.0109510067254471,
0.),.UNSPECIFIED.);
#456=B_SPLINE_CURVE_WITH_KNOTS('',3,(#16849,#16850,#16851,#16852,#16853),
 .UNSPECIFIED.,.F.,.F.,(4,1,4),(-0.0224456442857378,-0.0115469109941288,
0.),.UNSPECIFIED.);
#457=B_SPLINE_CURVE_WITH_KNOTS('',3,(#16866,#16867,#16868,#16869,#16870),
 .UNSPECIFIED.,.F.,.F.,(4,1,4),(-0.0223923683657659,-0.0108712617429031,
0.),.UNSPECIFIED.);
#458=B_SPLINE_CURVE_WITH_KNOTS('',3,(#16896,#16897,#16898,#16899,#16900),
 .UNSPECIFIED.,.F.,.F.,(4,1,4),(0.,0.0180173125102865,0.0348014646232034),
 .UNSPECIFIED.);
#459=B_SPLINE_CURVE_WITH_KNOTS('',3,(#16902,#16903,#16904,#16905,#16906),
 .UNSPECIFIED.,.F.,.F.,(4,1,4),(-0.0348014646232034,-0.0180173125102865,
0.),.UNSPECIFIED.);
#460=B_SPLINE_CURVE_WITH_KNOTS('',3,(#16919,#16920,#16921,#16922,#16923),
 .UNSPECIFIED.,.F.,.F.,(4,1,4),(0.,0.016840175577272,0.0349092788580819),
 .UNSPECIFIED.);
#461=B_SPLINE_CURVE_WITH_KNOTS('',3,(#16925,#16926,#16927,#16928,#16929),
 .UNSPECIFIED.,.F.,.F.,(4,1,4),(-0.0349092788580819,-0.016840175577272,
0.),.UNSPECIFIED.);
#462=B_SPLINE_CURVE_WITH_KNOTS('',3,(#16960,#16961,#16962,#16963,#16964),
 .UNSPECIFIED.,.F.,.F.,(4,1,4),(0.,0.0189396347768032,0.0362205346371578),
 .UNSPECIFIED.);
#463=B_SPLINE_CURVE_WITH_KNOTS('',3,(#16966,#16967,#16968,#16969,#16970),
 .UNSPECIFIED.,.F.,.F.,(4,1,4),(-0.0362205346371578,-0.0189396347768032,
0.),.UNSPECIFIED.);
#464=B_SPLINE_CURVE_WITH_KNOTS('',3,(#16982,#16983,#16984,#16985,#16986),
 .UNSPECIFIED.,.F.,.F.,(4,1,4),(0.,0.0170509336234018,0.0357808349764135),
 .UNSPECIFIED.);
#465=B_SPLINE_CURVE_WITH_KNOTS('',3,(#16987,#16988,#16989,#16990,#16991),
 .UNSPECIFIED.,.F.,.F.,(4,1,4),(-0.0357808349764135,-0.0170509336234018,
0.),.UNSPECIFIED.);
#466=B_SPLINE_CURVE_WITH_KNOTS('',3,(#17005,#17006,#17007,#17008,#17009),
 .UNSPECIFIED.,.F.,.F.,(4,1,4),(-0.0571092741114146,-0.0292413544499458,
0.),.UNSPECIFIED.);
#467=B_SPLINE_CURVE_WITH_KNOTS('',3,(#17022,#17023,#17024,#17025,#17026),
 .UNSPECIFIED.,.F.,.F.,(4,1,4),(-0.0573208014303571,-0.0279760784931948,
0.),.UNSPECIFIED.);
#468=B_SPLINE_CURVE_WITH_KNOTS('',3,(#17051,#17052,#17053,#17054,#17055),
 .UNSPECIFIED.,.F.,.F.,(4,1,4),(-0.0574510518971501,-0.0295013723280563,
0.),.UNSPECIFIED.);
#469=B_SPLINE_CURVE_WITH_KNOTS('',3,(#17068,#17069,#17070,#17071,#17072),
 .UNSPECIFIED.,.F.,.F.,(4,1,4),(-0.0570502683205285,-0.0278145722145707,
0.),.UNSPECIFIED.);
#470=B_SPLINE_SURFACE_WITH_KNOTS('',3,1,((#11921,#11922),(#11923,#11924),
(#11925,#11926),(#11927,#11928),(#11929,#11930)),.UNSPECIFIED.,.F.,.F.,
 .F.,(4,1,4),(2,2),(-0.0515880213420473,-0.0268077161977902,0.),(0.,0.02),
 .UNSPECIFIED.);
#471=B_SPLINE_SURFACE_WITH_KNOTS('',3,1,((#11944,#11945),(#11946,#11947),
(#11948,#11949),(#11950,#11951),(#11952,#11953)),.UNSPECIFIED.,.F.,.F.,
 .F.,(4,1,4),(2,2),(-0.0517166092689754,-0.0256824119629068,0.),(0.,0.02),
 .UNSPECIFIED.);
#472=B_SPLINE_SURFACE_WITH_KNOTS('',3,1,((#11998,#11999),(#12000,#12001),
(#12002,#12003),(#12004,#12005),(#12006,#12007)),.UNSPECIFIED.,.F.,.F.,
 .F.,(4,1,4),(2,2),(-0.039232549210887,-0.0209618751486406,0.),(0.,0.02),
 .UNSPECIFIED.);
#473=B_SPLINE_SURFACE_WITH_KNOTS('',3,1,((#12021,#12022),(#12023,#12024),
(#12025,#12026),(#12027,#12028),(#12029,#12030)),.UNSPECIFIED.,.F.,.F.,
 .F.,(4,1,4),(2,2),(-0.0385405991876565,-0.0180028694951927,0.),(0.,0.02),
 .UNSPECIFIED.);
#474=B_SPLINE_SURFACE_WITH_KNOTS('',3,1,((#12044,#12045),(#12046,#12047),
(#12048,#12049),(#12050,#12051),(#12052,#12053)),.UNSPECIFIED.,.F.,.F.,
 .F.,(4,1,4),(2,2),(-0.0471472498051861,-0.0227447456029193,0.),(0.,0.02),
 .UNSPECIFIED.);
#475=B_SPLINE_SURFACE_WITH_KNOTS('',3,1,((#12067,#12068),(#12069,#12070),
(#12071,#12072),(#12073,#12074),(#12075,#12076)),.UNSPECIFIED.,.F.,.F.,
 .F.,(4,1,4),(2,2),(-0.0408485940648446,-0.0214512550073614,0.),(0.,0.02),
 .UNSPECIFIED.);
#476=B_SPLINE_SURFACE_WITH_KNOTS('',3,1,((#12090,#12091),(#12092,#12093),
(#12094,#12095),(#12096,#12097),(#12098,#12099)),.UNSPECIFIED.,.F.,.F.,
 .F.,(4,1,4),(2,2),(-0.0321655951935632,-0.0171521909258518,0.),(0.,0.02),
 .UNSPECIFIED.);
#477=B_SPLINE_SURFACE_WITH_KNOTS('',3,1,((#12113,#12114),(#12115,#12116),
(#12117,#12118),(#12119,#12120),(#12121,#12122)),.UNSPECIFIED.,.F.,.F.,
 .F.,(4,1,4),(2,2),(-0.027400467002461,-0.0138548131482798,0.),(0.,0.02),
 .UNSPECIFIED.);
#478=B_SPLINE_SURFACE_WITH_KNOTS('',3,1,((#12136,#12137),(#12138,#12139),
(#12140,#12141),(#12142,#12143),(#12144,#12145)),.UNSPECIFIED.,.F.,.F.,
 .F.,(4,1,4),(2,2),(-0.0263601652085349,-0.0133821838061011,0.),(0.,0.02),
 .UNSPECIFIED.);
#479=B_SPLINE_SURFACE_WITH_KNOTS('',3,1,((#12159,#12160),(#12161,#12162),
(#12163,#12164),(#12165,#12166),(#12167,#12168)),.UNSPECIFIED.,.F.,.F.,
 .F.,(4,1,4),(2,2),(-0.032587672732505,-0.014547182573353,0.),(0.,0.02),
 .UNSPECIFIED.);
#480=B_SPLINE_SURFACE_WITH_KNOTS('',3,1,((#12182,#12183),(#12184,#12185),
(#12186,#12187),(#12188,#12189),(#12190,#12191)),.UNSPECIFIED.,.F.,.F.,
 .F.,(4,1,4),(2,2),(-0.0553962505521649,-0.0202999557183776,0.),(0.,0.02),
 .UNSPECIFIED.);
#481=B_SPLINE_SURFACE_WITH_KNOTS('',3,1,((#12205,#12206),(#12207,#12208),
(#12209,#12210),(#12211,#12212),(#12213,#12214)),.UNSPECIFIED.,.F.,.F.,
 .F.,(4,1,4),(2,2),(-0.0609559463539455,-0.0364456500827998,0.),(0.,0.02),
 .UNSPECIFIED.);
#482=B_SPLINE_SURFACE_WITH_KNOTS('',3,1,((#12228,#12229),(#12230,#12231),
(#12232,#12233),(#12234,#12235),(#12236,#12237)),.UNSPECIFIED.,.F.,.F.,
 .F.,(4,1,4),(2,2),(-0.0428700563556092,-0.0225963341749703,0.),(0.,0.02),
 .UNSPECIFIED.);
#483=B_SPLINE_SURFACE_WITH_KNOTS('',3,1,((#12251,#12252),(#12253,#12254),
(#12255,#12256),(#12257,#12258),(#12259,#12260)),.UNSPECIFIED.,.F.,.F.,
 .F.,(4,1,4),(2,2),(-0.0392089593745958,-0.0193624166261492,0.),(0.,0.02),
 .UNSPECIFIED.);
#484=B_SPLINE_SURFACE_WITH_KNOTS('',3,1,((#12274,#12275),(#12276,#12277),
(#12278,#12279),(#12280,#12281),(#12282,#12283)),.UNSPECIFIED.,.F.,.F.,
 .F.,(4,1,4),(2,2),(-0.0448645070009043,-0.0222081690916056,0.),(0.,0.02),
 .UNSPECIFIED.);
#485=B_SPLINE_SURFACE_WITH_KNOTS('',3,1,((#12297,#12298),(#12299,#12300),
(#12301,#12302),(#12303,#12304),(#12305,#12306)),.UNSPECIFIED.,.F.,.F.,
 .F.,(4,1,4),(2,2),(-0.0486996631210342,-0.0235201006698005,0.),(0.,0.02),
 .UNSPECIFIED.);
#486=B_SPLINE_SURFACE_WITH_KNOTS('',3,1,((#12320,#12321),(#12322,#12323),
(#12324,#12325),(#12326,#12327),(#12328,#12329)),.UNSPECIFIED.,.F.,.F.,
 .F.,(4,1,4),(2,2),(-0.0562637528833466,-0.02724563548323,0.),(0.,0.02),
 .UNSPECIFIED.);
#487=B_SPLINE_SURFACE_WITH_KNOTS('',3,1,((#12343,#12344),(#12345,#12346),
(#12347,#12348),(#12349,#12350),(#12351,#12352)),.UNSPECIFIED.,.F.,.F.,
 .F.,(4,1,4),(2,2),(-0.0601065515862131,-0.0315010870505618,0.),(0.,0.02),
 .UNSPECIFIED.);
#488=B_SPLINE_SURFACE_WITH_KNOTS('',3,1,((#12366,#12367),(#12368,#12369),
(#12370,#12371),(#12372,#12373),(#12374,#12375)),.UNSPECIFIED.,.F.,.F.,
 .F.,(4,1,4),(2,2),(-0.0509282897952428,-0.0261555788782514,0.),(0.,0.02),
 .UNSPECIFIED.);
#489=B_SPLINE_SURFACE_WITH_KNOTS('',3,1,((#12389,#12390),(#12391,#12392),
(#12393,#12394),(#12395,#12396),(#12397,#12398)),.UNSPECIFIED.,.F.,.F.,
 .F.,(4,1,4),(2,2),(-0.049990070981724,-0.0246237005273808,0.),(0.,0.02),
 .UNSPECIFIED.);
#490=B_SPLINE_SURFACE_WITH_KNOTS('',3,1,((#12418,#12419),(#12420,#12421),
(#12422,#12423),(#12424,#12425),(#12426,#12427)),.UNSPECIFIED.,.F.,.F.,
 .F.,(4,1,4),(2,2),(-0.0486930067752251,-0.0258564258816921,0.),(0.,0.02),
 .UNSPECIFIED.);
#491=B_SPLINE_SURFACE_WITH_KNOTS('',3,1,((#12441,#12442),(#12443,#12444),
(#12445,#12446),(#12447,#12448),(#12449,#12450)),.UNSPECIFIED.,.F.,.F.,
 .F.,(4,1,4),(2,2),(-0.0550606343178112,-0.0244808774176859,0.),(0.,0.02),
 .UNSPECIFIED.);
#492=B_SPLINE_SURFACE_WITH_KNOTS('',3,1,((#12464,#12465),(#12466,#12467),
(#12468,#12469),(#12470,#12471),(#12472,#12473)),.UNSPECIFIED.,.F.,.F.,
 .F.,(4,1,4),(2,2),(-0.0548466925220234,-0.0313050106830498,0.),(0.,0.02),
 .UNSPECIFIED.);
#493=B_SPLINE_SURFACE_WITH_KNOTS('',3,1,((#12487,#12488),(#12489,#12490),
(#12491,#12492),(#12493,#12494),(#12495,#12496)),.UNSPECIFIED.,.F.,.F.,
 .F.,(4,1,4),(2,2),(-0.0368424433688357,-0.0190916996052857,0.),(0.,0.02),
 .UNSPECIFIED.);
#494=B_SPLINE_SURFACE_WITH_KNOTS('',3,1,((#12510,#12511),(#12512,#12513),
(#12514,#12515),(#12516,#12517),(#12518,#12519)),.UNSPECIFIED.,.F.,.F.,
 .F.,(4,1,4),(2,2),(-0.0297644919260349,-0.0150197703804802,0.),(0.,0.02),
 .UNSPECIFIED.);
#495=B_SPLINE_SURFACE_WITH_KNOTS('',3,1,((#12533,#12534),(#12535,#12536),
(#12537,#12538),(#12539,#12540),(#12541,#12542)),.UNSPECIFIED.,.F.,.F.,
 .F.,(4,1,4),(2,2),(-0.0638647045483437,-0.0232347365375688,0.),(0.,0.02),
 .UNSPECIFIED.);
#496=B_SPLINE_SURFACE_WITH_KNOTS('',3,1,((#12556,#12557),(#12558,#12559),
(#12560,#12561),(#12562,#12563),(#12564,#12565)),.UNSPECIFIED.,.F.,.F.,
 .F.,(4,1,4),(2,2),(-0.0691696983470118,-0.0420695236960438,0.),(0.,0.02),
 .UNSPECIFIED.);
#497=B_SPLINE_SURFACE_WITH_KNOTS('',3,1,((#12579,#12580),(#12581,#12582),
(#12583,#12584),(#12585,#12586),(#12587,#12588)),.UNSPECIFIED.,.F.,.F.,
 .F.,(4,1,4),(2,2),(-0.0497798227926599,-0.0265626481625572,0.),(0.,0.02),
 .UNSPECIFIED.);
#498=B_SPLINE_SURFACE_WITH_KNOTS('',3,1,((#12602,#12603),(#12604,#12605),
(#12606,#12607),(#12608,#12609),(#12610,#12611)),.UNSPECIFIED.,.F.,.F.,
 .F.,(4,1,4),(2,2),(-0.0449700255468419,-0.0220164312247025,0.),(0.,0.02),
 .UNSPECIFIED.);
#499=B_SPLINE_SURFACE_WITH_KNOTS('',3,1,((#12625,#12626),(#12627,#12628),
(#12629,#12630),(#12631,#12632),(#12633,#12634)),.UNSPECIFIED.,.F.,.F.,
 .F.,(4,1,4),(2,2),(-0.0476709665724692,-0.0235033480182162,0.),(0.,0.02),
 .UNSPECIFIED.);
#500=B_SPLINE_SURFACE_WITH_KNOTS('',3,1,((#12648,#12649),(#12650,#12651),
(#12652,#12653),(#12654,#12655),(#12656,#12657)),.UNSPECIFIED.,.F.,.F.,
 .F.,(4,1,4),(2,2),(-0.0518926529357189,-0.02516857299433,0.),(0.,0.02),
 .UNSPECIFIED.);
#501=B_SPLINE_SURFACE_WITH_KNOTS('',3,1,((#12671,#12672),(#12673,#12674),
(#12675,#12676),(#12677,#12678),(#12679,#12680)),.UNSPECIFIED.,.F.,.F.,
 .F.,(4,1,4),(2,2),(-0.059343086969604,-0.0286849491175974,0.),(0.,0.02),
 .UNSPECIFIED.);
#502=B_SPLINE_SURFACE_WITH_KNOTS('',3,1,((#12694,#12695),(#12696,#12697),
(#12698,#12699),(#12700,#12701),(#12702,#12703)),.UNSPECIFIED.,.F.,.F.,
 .F.,(4,1,4),(2,2),(-0.0696240083795816,-0.0375407052449336,0.),(0.,0.02),
 .UNSPECIFIED.);
#503=B_SPLINE_SURFACE_WITH_KNOTS('',3,1,((#12717,#12718),(#12719,#12720),
(#12721,#12722),(#12723,#12724),(#12725,#12726)),.UNSPECIFIED.,.F.,.F.,
 .F.,(4,1,4),(2,2),(-0.0566573194931372,-0.0287037269370552,0.),(0.,0.02),
 .UNSPECIFIED.);
#504=B_SPLINE_SURFACE_WITH_KNOTS('',3,1,((#12740,#12741),(#12742,#12743),
(#12744,#12745),(#12746,#12747),(#12748,#12749)),.UNSPECIFIED.,.F.,.F.,
 .F.,(4,1,4),(2,2),(-0.0569481713470462,-0.0280695609844187,0.),(0.,0.02),
 .UNSPECIFIED.);
#505=B_SPLINE_SURFACE_WITH_KNOTS('',3,1,((#12782,#12783),(#12784,#12785),
(#12786,#12787),(#12788,#12789),(#12790,#12791)),.UNSPECIFIED.,.F.,.F.,
 .F.,(4,1,4),(2,2),(-0.0700419309043814,-0.0360725041331516,0.),(0.,0.02),
 .UNSPECIFIED.);
#506=B_SPLINE_SURFACE_WITH_KNOTS('',3,1,((#12805,#12806),(#12807,#12808),
(#12809,#12810),(#12811,#12812),(#12813,#12814)),.UNSPECIFIED.,.F.,.F.,
 .F.,(4,1,4),(2,2),(-0.065193171370542,-0.0327267325255067,0.),(0.,0.02),
 .UNSPECIFIED.);
#507=B_SPLINE_SURFACE_WITH_KNOTS('',3,1,((#12828,#12829),(#12830,#12831),
(#12832,#12833),(#12834,#12835),(#12836,#12837)),.UNSPECIFIED.,.F.,.F.,
 .F.,(4,1,4),(2,2),(-0.0831417951671269,-0.0424457603017463,0.),(0.,0.02),
 .UNSPECIFIED.);
#508=B_SPLINE_SURFACE_WITH_KNOTS('',3,1,((#12851,#12852),(#12853,#12854),
(#12855,#12856),(#12857,#12858),(#12859,#12860)),.UNSPECIFIED.,.F.,.F.,
 .F.,(4,1,4),(2,2),(-0.0782321157553719,-0.0392477420709732,0.),(0.,0.02),
 .UNSPECIFIED.);
#509=B_SPLINE_SURFACE_WITH_KNOTS('',3,1,((#12874,#12875),(#12876,#12877),
(#12878,#12879),(#12880,#12881),(#12882,#12883)),.UNSPECIFIED.,.F.,.F.,
 .F.,(4,1,4),(2,2),(-0.0827028046060711,-0.040347434651841,0.),(0.,0.02),
 .UNSPECIFIED.);
#510=B_SPLINE_SURFACE_WITH_KNOTS('',3,1,((#12897,#12898),(#12899,#12900),
(#12901,#12902),(#12903,#12904),(#12905,#12906)),.UNSPECIFIED.,.F.,.F.,
 .F.,(4,1,4),(2,2),(-0.0843248099236436,-0.0425815147775747,0.),(0.,0.02),
 .UNSPECIFIED.);
#511=B_SPLINE_SURFACE_WITH_KNOTS('',3,1,((#12920,#12921),(#12922,#12923),
(#12924,#12925),(#12926,#12927),(#12928,#12929)),.UNSPECIFIED.,.F.,.F.,
 .F.,(4,1,4),(2,2),(-0.078182425672749,-0.0399075818188739,0.),(0.,0.02),
 .UNSPECIFIED.);
#512=B_SPLINE_SURFACE_WITH_KNOTS('',3,1,((#12943,#12944),(#12945,#12946),
(#12947,#12948),(#12949,#12950),(#12951,#12952)),.UNSPECIFIED.,.F.,.F.,
 .F.,(4,1,4),(2,2),(-0.0819404832347038,-0.0394834347794771,0.),(0.,0.02),
 .UNSPECIFIED.);
#513=B_SPLINE_SURFACE_WITH_KNOTS('',3,1,((#12966,#12967),(#12968,#12969),
(#12970,#12971),(#12972,#12973),(#12974,#12975)),.UNSPECIFIED.,.F.,.F.,
 .F.,(4,1,4),(2,2),(-0.060045127531542,-0.0310890930859439,0.),(0.,0.02),
 .UNSPECIFIED.);
#514=B_SPLINE_SURFACE_WITH_KNOTS('',3,1,((#12989,#12990),(#12991,#12992),
(#12993,#12994),(#12995,#12996),(#12997,#12998)),.UNSPECIFIED.,.F.,.F.,
 .F.,(4,1,4),(2,2),(-0.0510608724629885,-0.0266318536911383,0.),(0.,0.02),
 .UNSPECIFIED.);
#515=B_SPLINE_SURFACE_WITH_KNOTS('',3,1,((#13012,#13013),(#13014,#13015),
(#13016,#13017),(#13018,#13019),(#13020,#13021)),.UNSPECIFIED.,.F.,.F.,
 .F.,(4,1,4),(2,2),(-0.0544078025890654,-0.0253652573427172,0.),(0.,0.02),
 .UNSPECIFIED.);
#516=B_SPLINE_SURFACE_WITH_KNOTS('',3,1,((#13041,#13042),(#13043,#13044),
(#13045,#13046),(#13047,#13048),(#13049,#13050)),.UNSPECIFIED.,.F.,.F.,
 .F.,(4,1,4),(2,2),(-0.0398939959197416,-0.0218196861311478,0.),(0.,0.02),
 .UNSPECIFIED.);
#517=B_SPLINE_SURFACE_WITH_KNOTS('',3,1,((#13064,#13065),(#13066,#13067),
(#13068,#13069),(#13070,#13071),(#13072,#13073)),.UNSPECIFIED.,.F.,.F.,
 .F.,(4,1,4),(2,2),(-0.0358103423884623,-0.0169503469747544,0.),(0.,0.02),
 .UNSPECIFIED.);
#518=B_SPLINE_SURFACE_WITH_KNOTS('',3,1,((#13087,#13088),(#13089,#13090),
(#13091,#13092),(#13093,#13094),(#13095,#13096)),.UNSPECIFIED.,.F.,.F.,
 .F.,(4,1,4),(2,2),(-0.0422956746010164,-0.0205146366341628,0.),(0.,0.02),
 .UNSPECIFIED.);
#519=B_SPLINE_SURFACE_WITH_KNOTS('',3,1,((#13110,#13111),(#13112,#13113),
(#13114,#13115),(#13116,#13117),(#13118,#13119)),.UNSPECIFIED.,.F.,.F.,
 .F.,(4,1,4),(2,2),(-0.0480244141929789,-0.0254596984994167,0.),(0.,0.02),
 .UNSPECIFIED.);
#520=B_SPLINE_SURFACE_WITH_KNOTS('',3,1,((#13133,#13134),(#13135,#13136),
(#13137,#13138),(#13139,#13140),(#13141,#13142)),.UNSPECIFIED.,.F.,.F.,
 .F.,(4,1,4),(2,2),(-0.0389781077979647,-0.0203359708411878,0.),(0.,0.02),
 .UNSPECIFIED.);
#521=B_SPLINE_SURFACE_WITH_KNOTS('',3,1,((#13156,#13157),(#13158,#13159),
(#13160,#13161),(#13162,#13163),(#13164,#13165)),.UNSPECIFIED.,.F.,.F.,
 .F.,(4,1,4),(2,2),(-0.0353240440859935,-0.017829865087493,0.),(0.,0.02),
 .UNSPECIFIED.);
#522=B_SPLINE_SURFACE_WITH_KNOTS('',3,1,((#13179,#13180),(#13181,#13182),
(#13183,#13184),(#13185,#13186),(#13187,#13188)),.UNSPECIFIED.,.F.,.F.,
 .F.,(4,1,4),(2,2),(-0.0617454447676377,-0.0302539994901644,0.),(0.,0.02),
 .UNSPECIFIED.);
#523=B_SPLINE_SURFACE_WITH_KNOTS('',3,1,((#13202,#13203),(#13204,#13205),
(#13206,#13207),(#13208,#13209),(#13210,#13211)),.UNSPECIFIED.,.F.,.F.,
 .F.,(4,1,4),(2,2),(-0.0690057566575492,-0.0369964416966284,0.),(0.,0.02),
 .UNSPECIFIED.);
#524=B_SPLINE_SURFACE_WITH_KNOTS('',3,1,((#13225,#13226),(#13227,#13228),
(#13229,#13230),(#13231,#13232),(#13233,#13234)),.UNSPECIFIED.,.F.,.F.,
 .F.,(4,1,4),(2,2),(-0.0575630447834934,-0.0290076666652258,0.),(0.,0.02),
 .UNSPECIFIED.);
#525=B_SPLINE_SURFACE_WITH_KNOTS('',3,1,((#13248,#13249),(#13250,#13251),
(#13252,#13253),(#13254,#13255),(#13256,#13257)),.UNSPECIFIED.,.F.,.F.,
 .F.,(4,1,4),(2,2),(-0.0579744802512236,-0.028935288924671,0.),(0.,0.02),
 .UNSPECIFIED.);
#526=B_SPLINE_SURFACE_WITH_KNOTS('',3,1,((#13271,#13272),(#13273,#13274),
(#13275,#13276),(#13277,#13278),(#13279,#13280)),.UNSPECIFIED.,.F.,.F.,
 .F.,(4,1,4),(2,2),(-0.0515517883547996,-0.0255979491190932,0.),(0.,0.02),
 .UNSPECIFIED.);
#527=B_SPLINE_SURFACE_WITH_KNOTS('',3,1,((#13294,#13295),(#13296,#13297),
(#13298,#13299),(#13300,#13301),(#13302,#13303)),.UNSPECIFIED.,.F.,.F.,
 .F.,(4,1,4),(2,2),(-0.0429909737972211,-0.0239021531062364,0.),(0.,0.02),
 .UNSPECIFIED.);
#528=B_SPLINE_SURFACE_WITH_KNOTS('',3,1,((#13336,#13337),(#13338,#13339),
(#13340,#13341),(#13342,#13343),(#13344,#13345)),.UNSPECIFIED.,.F.,.F.,
 .F.,(4,1,4),(2,2),(-0.0470144267267128,-0.02651119902352,0.),(0.,0.02),
 .UNSPECIFIED.);
#529=B_SPLINE_SURFACE_WITH_KNOTS('',3,1,((#13359,#13360),(#13361,#13362),
(#13363,#13364),(#13365,#13366),(#13367,#13368)),.UNSPECIFIED.,.F.,.F.,
 .F.,(4,1,4),(2,2),(-0.031296828646651,-0.0165626348839963,0.),(0.,0.02),
 .UNSPECIFIED.);
#530=B_SPLINE_SURFACE_WITH_KNOTS('',3,1,((#13382,#13383),(#13384,#13385),
(#13386,#13387),(#13388,#13389),(#13390,#13391)),.UNSPECIFIED.,.F.,.F.,
 .F.,(4,1,4),(2,2),(-0.0441748329440471,-0.0207762234493777,0.),(0.,0.02),
 .UNSPECIFIED.);
#531=B_SPLINE_SURFACE_WITH_KNOTS('',3,1,((#13405,#13406),(#13407,#13408),
(#13409,#13410),(#13411,#13412),(#13413,#13414)),.UNSPECIFIED.,.F.,.F.,
 .F.,(4,1,4),(2,2),(-0.0585258802231085,-0.0270266525875771,0.),(0.,0.02),
 .UNSPECIFIED.);
#532=B_SPLINE_SURFACE_WITH_KNOTS('',3,1,((#13428,#13429),(#13430,#13431),
(#13432,#13433),(#13434,#13435),(#13436,#13437)),.UNSPECIFIED.,.F.,.F.,
 .F.,(4,1,4),(2,2),(-0.0746312654354883,-0.0417972086343456,0.),(0.,0.02),
 .UNSPECIFIED.);
#533=B_SPLINE_SURFACE_WITH_KNOTS('',3,1,((#13451,#13452),(#13453,#13454),
(#13455,#13456),(#13457,#13458),(#13459,#13460)),.UNSPECIFIED.,.F.,.F.,
 .F.,(4,1,4),(2,2),(-0.0512665486566335,-0.0271699093679851,0.),(0.,0.02),
 .UNSPECIFIED.);
#534=B_SPLINE_SURFACE_WITH_KNOTS('',3,1,((#13474,#13475),(#13476,#13477),
(#13478,#13479),(#13480,#13481),(#13482,#13483)),.UNSPECIFIED.,.F.,.F.,
 .F.,(4,1,4),(2,2),(-0.0519059604266812,-0.021325047101025,0.),(0.,0.02),
 .UNSPECIFIED.);
#535=B_SPLINE_SURFACE_WITH_KNOTS('',3,1,((#13521,#13522),(#13523,#13524),
(#13525,#13526),(#13527,#13528),(#13529,#13530)),.UNSPECIFIED.,.F.,.F.,
 .F.,(4,1,4),(2,2),(-0.053658525971855,-0.0308679210968921,0.),(0.,0.02),
 .UNSPECIFIED.);
#536=B_SPLINE_SURFACE_WITH_KNOTS('',3,1,((#13544,#13545),(#13546,#13547),
(#13548,#13549),(#13550,#13551),(#13552,#13553)),.UNSPECIFIED.,.F.,.F.,
 .F.,(4,1,4),(2,2),(-0.0493281703836914,-0.0253049216163373,0.),(0.,0.02),
 .UNSPECIFIED.);
#537=B_SPLINE_SURFACE_WITH_KNOTS('',3,1,((#13567,#13568),(#13569,#13570),
(#13571,#13572),(#13573,#13574),(#13575,#13576)),.UNSPECIFIED.,.F.,.F.,
 .F.,(4,1,4),(2,2),(-0.0628804032237732,-0.0308571088060701,0.),(0.,0.02),
 .UNSPECIFIED.);
#538=B_SPLINE_SURFACE_WITH_KNOTS('',3,1,((#13590,#13591),(#13592,#13593),
(#13594,#13595),(#13596,#13597),(#13598,#13599)),.UNSPECIFIED.,.F.,.F.,
 .F.,(4,1,4),(2,2),(-0.0725757118297623,-0.0345779789296688,0.),(0.,0.02),
 .UNSPECIFIED.);
#539=B_SPLINE_SURFACE_WITH_KNOTS('',3,1,((#13613,#13614),(#13615,#13616),
(#13617,#13618),(#13619,#13620),(#13621,#13622)),.UNSPECIFIED.,.F.,.F.,
 .F.,(4,1,4),(2,2),(-0.0612598640703812,-0.0322922006190623,0.),(0.,0.02),
 .UNSPECIFIED.);
#540=B_SPLINE_SURFACE_WITH_KNOTS('',3,1,((#13636,#13637),(#13638,#13639),
(#13640,#13641),(#13642,#13643),(#13644,#13645)),.UNSPECIFIED.,.F.,.F.,
 .F.,(4,1,4),(2,2),(-0.048408974212574,-0.0257834413345096,0.),(0.,0.02),
 .UNSPECIFIED.);
#541=B_SPLINE_SURFACE_WITH_KNOTS('',3,1,((#13659,#13660),(#13661,#13662),
(#13663,#13664),(#13665,#13666),(#13667,#13668)),.UNSPECIFIED.,.F.,.F.,
 .F.,(4,1,4),(2,2),(-0.038716399514117,-0.020237804669398,0.),(0.,0.02),
 .UNSPECIFIED.);
#542=B_SPLINE_SURFACE_WITH_KNOTS('',3,1,((#13682,#13683),(#13684,#13685),
(#13686,#13687),(#13688,#13689),(#13690,#13691)),.UNSPECIFIED.,.F.,.F.,
 .F.,(4,1,4),(2,2),(-0.0389915974098272,-0.0185500048537552,0.),(0.,0.02),
 .UNSPECIFIED.);
#543=B_SPLINE_SURFACE_WITH_KNOTS('',3,1,((#13705,#13706),(#13707,#13708),
(#13709,#13710),(#13711,#13712),(#13713,#13714)),.UNSPECIFIED.,.F.,.F.,
 .F.,(4,1,4),(2,2),(-0.0485484354508426,-0.0228601139849859,0.),(0.,0.02),
 .UNSPECIFIED.);
#544=B_SPLINE_SURFACE_WITH_KNOTS('',3,1,((#14174,#14175),(#14176,#14177),
(#14178,#14179),(#14180,#14181),(#14182,#14183)),.UNSPECIFIED.,.F.,.F.,
 .F.,(4,1,4),(2,2),(-0.0657628112000776,-0.0366715068566847,0.),(0.,0.02),
 .UNSPECIFIED.);
#545=B_SPLINE_SURFACE_WITH_KNOTS('',3,1,((#14197,#14198),(#14199,#14200),
(#14201,#14202),(#14203,#14204),(#14205,#14206)),.UNSPECIFIED.,.F.,.F.,
 .F.,(4,1,4),(2,2),(-0.0595809499272178,-0.0295696111390752,0.),(0.,0.02),
 .UNSPECIFIED.);
#546=B_SPLINE_SURFACE_WITH_KNOTS('',3,1,((#14321,#14322),(#14323,#14324),
(#14325,#14326),(#14327,#14328),(#14329,#14330)),.UNSPECIFIED.,.F.,.F.,
 .F.,(4,1,4),(2,2),(-0.0657628089399414,-0.0366714865673711,0.),(0.,0.02),
 .UNSPECIFIED.);
#547=B_SPLINE_SURFACE_WITH_KNOTS('',3,1,((#14344,#14345),(#14346,#14347),
(#14348,#14349),(#14350,#14351),(#14352,#14353)),.UNSPECIFIED.,.F.,.F.,
 .F.,(4,1,4),(2,2),(-0.0595809499272178,-0.0295696111390752,0.),(0.,0.02),
 .UNSPECIFIED.);
#548=B_SPLINE_SURFACE_WITH_KNOTS('',3,1,((#14413,#14414),(#14415,#14416),
(#14417,#14418),(#14419,#14420),(#14421,#14422)),.UNSPECIFIED.,.F.,.F.,
 .F.,(4,1,4),(2,2),(-0.0573422008526352,-0.0330899221919962,0.),(0.,0.02),
 .UNSPECIFIED.);
#549=B_SPLINE_SURFACE_WITH_KNOTS('',3,1,((#14436,#14437),(#14438,#14439),
(#14440,#14441),(#14442,#14443),(#14444,#14445)),.UNSPECIFIED.,.F.,.F.,
 .F.,(4,1,4),(2,2),(-0.0445017055942954,-0.0210774339709433,0.),(0.,0.02),
 .UNSPECIFIED.);
#550=B_SPLINE_SURFACE_WITH_KNOTS('',3,1,((#14459,#14460),(#14461,#14462),
(#14463,#14464),(#14465,#14466),(#14467,#14468)),.UNSPECIFIED.,.F.,.F.,
 .F.,(4,1,4),(2,2),(-0.0340266350139904,-0.0176321767391609,0.),(0.,0.02),
 .UNSPECIFIED.);
#551=B_SPLINE_SURFACE_WITH_KNOTS('',3,1,((#14482,#14483),(#14484,#14485),
(#14486,#14487),(#14488,#14489),(#14490,#14491)),.UNSPECIFIED.,.F.,.F.,
 .F.,(4,1,4),(2,2),(-0.031169840381336,-0.0156640436064939,0.),(0.,0.02),
 .UNSPECIFIED.);
#552=B_SPLINE_SURFACE_WITH_KNOTS('',3,1,((#14505,#14506),(#14507,#14508),
(#14509,#14510),(#14511,#14512),(#14513,#14514)),.UNSPECIFIED.,.F.,.F.,
 .F.,(4,1,4),(2,2),(-0.0371880036004219,-0.0144124163513383,0.),(0.,0.02),
 .UNSPECIFIED.);
#553=B_SPLINE_SURFACE_WITH_KNOTS('',3,1,((#14547,#14548),(#14549,#14550),
(#14551,#14552),(#14553,#14554),(#14555,#14556)),.UNSPECIFIED.,.F.,.F.,
 .F.,(4,1,4),(2,2),(-0.0457633276929466,-0.0263568930996998,0.),(0.,0.02),
 .UNSPECIFIED.);
#554=B_SPLINE_SURFACE_WITH_KNOTS('',3,1,((#14564,#14565),(#14566,#14567),
(#14568,#14569),(#14570,#14571),(#14572,#14573)),.UNSPECIFIED.,.F.,.F.,
 .F.,(4,1,4),(2,2),(-0.0398452663170777,-0.0210022393091946,0.),(0.,0.02),
 .UNSPECIFIED.);
#555=B_SPLINE_SURFACE_WITH_KNOTS('',3,1,((#14581,#14582),(#14583,#14584),
(#14585,#14586),(#14587,#14588),(#14589,#14590)),.UNSPECIFIED.,.F.,.F.,
 .F.,(4,1,4),(2,2),(-0.0379549094797944,-0.0183203820132322,0.),(0.,0.02),
 .UNSPECIFIED.);
#556=B_SPLINE_SURFACE_WITH_KNOTS('',3,1,((#14598,#14599),(#14600,#14601),
(#14602,#14603),(#14604,#14605),(#14606,#14607)),.UNSPECIFIED.,.F.,.F.,
 .F.,(4,1,4),(2,2),(-0.0422075891312985,-0.0207020257555518,0.),(0.,0.02),
 .UNSPECIFIED.);
#557=B_SPLINE_SURFACE_WITH_KNOTS('',3,1,((#14615,#14616),(#14617,#14618),
(#14619,#14620),(#14621,#14622),(#14623,#14624)),.UNSPECIFIED.,.F.,.F.,
 .F.,(4,1,4),(2,2),(-0.0704935508637009,-0.0358464708584904,0.),(0.,0.02),
 .UNSPECIFIED.);
#558=B_SPLINE_SURFACE_WITH_KNOTS('',3,1,((#14632,#14633),(#14634,#14635),
(#14636,#14637),(#14638,#14639),(#14640,#14641)),.UNSPECIFIED.,.F.,.F.,
 .F.,(4,1,4),(2,2),(-0.0937602415057422,-0.039534103662767,0.),(0.,0.02),
 .UNSPECIFIED.);
#559=B_SPLINE_SURFACE_WITH_KNOTS('',3,1,((#14667,#14668),(#14669,#14670),
(#14671,#14672),(#14673,#14674),(#14675,#14676)),.UNSPECIFIED.,.F.,.F.,
 .F.,(4,1,4),(2,2),(-0.0882801299888844,-0.0465082122230274,0.),(0.,0.02),
 .UNSPECIFIED.);
#560=B_SPLINE_SURFACE_WITH_KNOTS('',3,1,((#14684,#14685),(#14686,#14687),
(#14688,#14689),(#14690,#14691),(#14692,#14693)),.UNSPECIFIED.,.F.,.F.,
 .F.,(4,1,4),(2,2),(-0.084595350805959,-0.0408659864316761,0.),(0.,0.02),
 .UNSPECIFIED.);
#561=B_SPLINE_SURFACE_WITH_KNOTS('',3,1,((#14701,#14702),(#14703,#14704),
(#14705,#14706),(#14707,#14708),(#14709,#14710)),.UNSPECIFIED.,.F.,.F.,
 .F.,(4,1,4),(2,2),(-0.0821757089733586,-0.0442479970160861,0.),(0.,0.02),
 .UNSPECIFIED.);
#562=B_SPLINE_SURFACE_WITH_KNOTS('',3,1,((#14718,#14719),(#14720,#14721),
(#14722,#14723),(#14724,#14725),(#14726,#14727)),.UNSPECIFIED.,.F.,.F.,
 .F.,(4,1,4),(2,2),(-0.0744057811456306,-0.0360588922475834,0.),(0.,0.02),
 .UNSPECIFIED.);
#563=B_SPLINE_SURFACE_WITH_KNOTS('',3,1,((#14735,#14736),(#14737,#14738),
(#14739,#14740),(#14741,#14742),(#14743,#14744)),.UNSPECIFIED.,.F.,.F.,
 .F.,(4,1,4),(2,2),(-0.0823923862121747,-0.0406110564153566,0.),(0.,0.02),
 .UNSPECIFIED.);
#564=B_SPLINE_SURFACE_WITH_KNOTS('',3,1,((#14752,#14753),(#14754,#14755),
(#14756,#14757),(#14758,#14759),(#14760,#14761)),.UNSPECIFIED.,.F.,.F.,
 .F.,(4,1,4),(2,2),(-0.0842908097742756,-0.0440971780072938,0.),(0.,0.02),
 .UNSPECIFIED.);
#565=B_SPLINE_SURFACE_WITH_KNOTS('',3,1,((#14769,#14770),(#14771,#14772),
(#14773,#14774),(#14775,#14776),(#14777,#14778)),.UNSPECIFIED.,.F.,.F.,
 .F.,(4,1,4),(2,2),(-0.0743817262923597,-0.0375866283011294,0.),(0.,0.02),
 .UNSPECIFIED.);
#566=B_SPLINE_SURFACE_WITH_KNOTS('',3,1,((#14786,#14787),(#14788,#14789),
(#14790,#14791),(#14792,#14793),(#14794,#14795)),.UNSPECIFIED.,.F.,.F.,
 .F.,(4,1,4),(2,2),(-0.0755804414968844,-0.0372747428348222,0.),(0.,0.02),
 .UNSPECIFIED.);
#567=B_SPLINE_SURFACE_WITH_KNOTS('',3,1,((#14803,#14804),(#14805,#14806),
(#14807,#14808),(#14809,#14810),(#14811,#14812)),.UNSPECIFIED.,.F.,.F.,
 .F.,(4,1,4),(2,2),(-0.0801792036582992,-0.0418334966612976,0.),(0.,0.02),
 .UNSPECIFIED.);
#568=B_SPLINE_SURFACE_WITH_KNOTS('',3,1,((#14820,#14821),(#14822,#14823),
(#14824,#14825),(#14826,#14827),(#14828,#14829)),.UNSPECIFIED.,.F.,.F.,
 .F.,(4,1,4),(2,2),(-0.0784297792860367,-0.0379272928984807,0.),(0.,0.02),
 .UNSPECIFIED.);
#569=B_SPLINE_SURFACE_WITH_KNOTS('',3,1,((#14841,#14842),(#14843,#14844),
(#14845,#14846),(#14847,#14848),(#14849,#14850)),.UNSPECIFIED.,.F.,.F.,
 .F.,(4,1,4),(2,2),(-0.0571646546406221,-0.0310479239818135,0.),(0.,0.02),
 .UNSPECIFIED.);
#570=B_SPLINE_SURFACE_WITH_KNOTS('',3,1,((#14858,#14859),(#14860,#14861),
(#14862,#14863),(#14864,#14865),(#14866,#14867)),.UNSPECIFIED.,.F.,.F.,
 .F.,(4,1,4),(2,2),(-0.0528289542308491,-0.0250528618955396,0.),(0.,0.02),
 .UNSPECIFIED.);
#571=B_SPLINE_SURFACE_WITH_KNOTS('',3,1,((#14875,#14876),(#14877,#14878),
(#14879,#14880),(#14881,#14882),(#14883,#14884)),.UNSPECIFIED.,.F.,.F.,
 .F.,(4,1,4),(2,2),(-0.0608924799441149,-0.032013874371977,0.),(0.,0.02),
 .UNSPECIFIED.);
#572=B_SPLINE_SURFACE_WITH_KNOTS('',3,1,((#14892,#14893),(#14894,#14895),
(#14896,#14897),(#14898,#14899),(#14900,#14901)),.UNSPECIFIED.,.F.,.F.,
 .F.,(4,1,4),(2,2),(-0.0559115781049639,-0.0277114036681677,0.),(0.,0.02),
 .UNSPECIFIED.);
#573=B_SPLINE_SURFACE_WITH_KNOTS('',3,1,((#14909,#14910),(#14911,#14912),
(#14913,#14914),(#14915,#14916),(#14917,#14918)),.UNSPECIFIED.,.F.,.F.,
 .F.,(4,1,4),(2,2),(-0.0585656309231076,-0.0292333290769302,0.),(0.,0.02),
 .UNSPECIFIED.);
#574=B_SPLINE_SURFACE_WITH_KNOTS('',3,1,((#14926,#14927),(#14928,#14929),
(#14930,#14931),(#14932,#14933),(#14934,#14935)),.UNSPECIFIED.,.F.,.F.,
 .F.,(4,1,4),(2,2),(-0.0680322321003104,-0.0359456552604602,0.),(0.,0.02),
 .UNSPECIFIED.);
#575=B_SPLINE_SURFACE_WITH_KNOTS('',3,1,((#14943,#14944),(#14945,#14946),
(#14947,#14948),(#14949,#14950),(#14951,#14952)),.UNSPECIFIED.,.F.,.F.,
 .F.,(4,1,4),(2,2),(-0.0557780349159092,-0.0287232196699097,0.),(0.,0.02),
 .UNSPECIFIED.);
#576=B_SPLINE_SURFACE_WITH_KNOTS('',3,1,((#14960,#14961),(#14962,#14963),
(#14964,#14965),(#14966,#14967),(#14968,#14969)),.UNSPECIFIED.,.F.,.F.,
 .F.,(4,1,4),(2,2),(-0.0533798682225345,-0.0266957837657511,0.),(0.,0.02),
 .UNSPECIFIED.);
#577=B_SPLINE_SURFACE_WITH_KNOTS('',3,1,((#14977,#14978),(#14979,#14980),
(#14981,#14982),(#14983,#14984),(#14985,#14986)),.UNSPECIFIED.,.F.,.F.,
 .F.,(4,1,4),(2,2),(-0.060628162816119,-0.0311712732325954,0.),(0.,0.02),
 .UNSPECIFIED.);
#578=B_SPLINE_SURFACE_WITH_KNOTS('',3,1,((#14994,#14995),(#14996,#14997),
(#14998,#14999),(#15000,#15001),(#15002,#15003)),.UNSPECIFIED.,.F.,.F.,
 .F.,(4,1,4),(2,2),(-0.0660469767372765,-0.0307694212853073,0.),(0.,0.02),
 .UNSPECIFIED.);
#579=B_SPLINE_SURFACE_WITH_KNOTS('',3,1,((#15123,#15124),(#15125,#15126),
(#15127,#15128),(#15129,#15130),(#15131,#15132)),.UNSPECIFIED.,.F.,.F.,
 .F.,(4,1,4),(2,2),(-0.0657628414829573,-0.0366715551686308,0.),(0.,0.02),
 .UNSPECIFIED.);
#580=B_SPLINE_SURFACE_WITH_KNOTS('',3,1,((#15146,#15147),(#15148,#15149),
(#15150,#15151),(#15152,#15153),(#15154,#15155)),.UNSPECIFIED.,.F.,.F.,
 .F.,(4,1,4),(2,2),(-0.0595809499272178,-0.0295696111390752,0.),(0.,0.02),
 .UNSPECIFIED.);
#581=B_SPLINE_SURFACE_WITH_KNOTS('',3,1,((#15296,#15297),(#15298,#15299),
(#15300,#15301),(#15302,#15303),(#15304,#15305)),.UNSPECIFIED.,.F.,.F.,
 .F.,(4,1,4),(2,2),(-0.0224512107780712,-0.0115266665532916,0.),(0.,0.02),
 .UNSPECIFIED.);
#582=B_SPLINE_SURFACE_WITH_KNOTS('',3,1,((#15322,#15323),(#15324,#15325),
(#15326,#15327),(#15328,#15329),(#15330,#15331)),.UNSPECIFIED.,.F.,.F.,
 .F.,(4,1,4),(2,2),(-0.0225574598443232,-0.0109790706344751,0.),(0.,0.02),
 .UNSPECIFIED.);
#583=B_SPLINE_SURFACE_WITH_KNOTS('',3,1,((#15351,#15352),(#15353,#15354),
(#15355,#15356),(#15357,#15358),(#15359,#15360)),.UNSPECIFIED.,.F.,.F.,
 .F.,(4,1,4),(2,2),(-0.0223340469728288,-0.0115154353664461,0.),(0.,0.02),
 .UNSPECIFIED.);
#584=B_SPLINE_SURFACE_WITH_KNOTS('',3,1,((#15374,#15375),(#15376,#15377),
(#15378,#15379),(#15380,#15381),(#15382,#15383)),.UNSPECIFIED.,.F.,.F.,
 .F.,(4,1,4),(2,2),(-0.022334164414364,-0.0108186116063827,0.),(0.,0.02),
 .UNSPECIFIED.);
#585=B_SPLINE_SURFACE_WITH_KNOTS('',3,1,((#15403,#15404),(#15405,#15406),
(#15407,#15408),(#15409,#15410),(#15411,#15412)),.UNSPECIFIED.,.F.,.F.,
 .F.,(4,1,4),(2,2),(-0.0223341688434686,-0.0115155821683709,0.),(0.,0.02),
 .UNSPECIFIED.);
#586=B_SPLINE_SURFACE_WITH_KNOTS('',3,1,((#15426,#15427),(#15428,#15429),
(#15430,#15431),(#15432,#15433),(#15434,#15435)),.UNSPECIFIED.,.F.,.F.,
 .F.,(4,1,4),(2,2),(-0.0223340633010182,-0.0108186279345722,0.),(0.,0.02),
 .UNSPECIFIED.);
#587=B_SPLINE_SURFACE_WITH_KNOTS('',3,1,((#15455,#15456),(#15457,#15458),
(#15459,#15460),(#15461,#15462),(#15463,#15464)),.UNSPECIFIED.,.F.,.F.,
 .F.,(4,1,4),(2,2),(-0.0225574759338767,-0.0115783892098481,0.),(0.,0.02),
 .UNSPECIFIED.);
#588=B_SPLINE_SURFACE_WITH_KNOTS('',3,1,((#15478,#15479),(#15480,#15481),
(#15482,#15483),(#15484,#15485),(#15486,#15487)),.UNSPECIFIED.,.F.,.F.,
 .F.,(4,1,4),(2,2),(-0.0224512154206203,-0.0109245195352477,0.),(0.,0.02),
 .UNSPECIFIED.);
#589=B_SPLINE_SURFACE_WITH_KNOTS('',3,1,((#16220,#16221),(#16222,#16223),
(#16224,#16225),(#16226,#16227),(#16228,#16229)),.UNSPECIFIED.,.F.,.F.,
 .F.,(4,1,4),(2,2),(-0.0446683288287281,-0.0230311056159627,0.),(0.,0.02),
 .UNSPECIFIED.);
#590=B_SPLINE_SURFACE_WITH_KNOTS('',3,1,((#16239,#16240),(#16241,#16242),
(#16243,#16244),(#16245,#16246),(#16247,#16248)),.UNSPECIFIED.,.F.,.F.,
 .F.,(4,1,4),(2,2),(-0.0446683288287281,-0.0216372232127654,0.),(0.,0.02),
 .UNSPECIFIED.);
#591=B_SPLINE_SURFACE_WITH_KNOTS('',3,1,((#16260,#16261),(#16262,#16263),
(#16264,#16265),(#16266,#16267),(#16268,#16269)),.UNSPECIFIED.,.F.,.F.,
 .F.,(4,1,4),(2,2),(-0.0446683288287281,-0.0230311056159627,0.),(0.,0.02),
 .UNSPECIFIED.);
#592=B_SPLINE_SURFACE_WITH_KNOTS('',3,1,((#16277,#16278),(#16279,#16280),
(#16281,#16282),(#16283,#16284),(#16285,#16286)),.UNSPECIFIED.,.F.,.F.,
 .F.,(4,1,4),(2,2),(-0.0446683288287281,-0.0216372232127654,0.),(0.,0.02),
 .UNSPECIFIED.);
#593=B_SPLINE_SURFACE_WITH_KNOTS('',3,1,((#16298,#16299),(#16300,#16301),
(#16302,#16303),(#16304,#16305),(#16306,#16307)),.UNSPECIFIED.,.F.,.F.,
 .F.,(4,1,4),(2,2),(-0.0446683288287281,-0.0230311056159627,0.),(0.,0.02),
 .UNSPECIFIED.);
#594=B_SPLINE_SURFACE_WITH_KNOTS('',3,1,((#16315,#16316),(#16317,#16318),
(#16319,#16320),(#16321,#16322),(#16323,#16324)),.UNSPECIFIED.,.F.,.F.,
 .F.,(4,1,4),(2,2),(-0.0446683502702393,-0.0216372395409405,0.),(0.,0.02),
 .UNSPECIFIED.);
#595=B_SPLINE_SURFACE_WITH_KNOTS('',3,1,((#16336,#16337),(#16338,#16339),
(#16340,#16341),(#16342,#16343),(#16344,#16345)),.UNSPECIFIED.,.F.,.F.,
 .F.,(4,1,4),(2,2),(-0.0446683614851071,-0.0230311056159627,0.),(0.,0.02),
 .UNSPECIFIED.);
#596=B_SPLINE_SURFACE_WITH_KNOTS('',3,1,((#16353,#16354),(#16355,#16356),
(#16357,#16358),(#16359,#16360),(#16361,#16362)),.UNSPECIFIED.,.F.,.F.,
 .F.,(4,1,4),(2,2),(-0.0446683288287281,-0.0216372232127654,0.),(0.,0.02),
 .UNSPECIFIED.);
#597=B_SPLINE_SURFACE_WITH_KNOTS('',3,1,((#16469,#16470),(#16471,#16472),
(#16473,#16474),(#16475,#16476),(#16477,#16478)),.UNSPECIFIED.,.F.,.F.,
 .F.,(4,1,4),(2,2),(-0.044553369305929,-0.023020248862351,0.),(0.,0.02),
 .UNSPECIFIED.);
#598=B_SPLINE_SURFACE_WITH_KNOTS('',3,1,((#16488,#16489),(#16490,#16491),
(#16492,#16493),(#16494,#16495),(#16496,#16497)),.UNSPECIFIED.,.F.,.F.,
 .F.,(4,1,4),(2,2),(-0.0444458145276119,-0.0214774201043419,0.),(0.,0.02),
 .UNSPECIFIED.);
#599=B_SPLINE_SURFACE_WITH_KNOTS('',3,1,((#16509,#16510),(#16511,#16512),
(#16513,#16514),(#16515,#16516),(#16517,#16518)),.UNSPECIFIED.,.F.,.F.,
 .F.,(4,1,4),(2,2),(-0.0448913148807295,-0.0230938807138667,0.),(0.,0.02),
 .UNSPECIFIED.);
#600=B_SPLINE_SURFACE_WITH_KNOTS('',3,1,((#16526,#16527),(#16528,#16529),
(#16530,#16531),(#16532,#16533),(#16534,#16535)),.UNSPECIFIED.,.F.,.F.,
 .F.,(4,1,4),(2,2),(-0.0447847295218367,-0.0217426061291066,0.),(0.,0.02),
 .UNSPECIFIED.);
#601=B_SPLINE_SURFACE_WITH_KNOTS('',3,1,((#16567,#16568),(#16569,#16570),
(#16571,#16572),(#16573,#16574),(#16575,#16576)),.UNSPECIFIED.,.F.,.F.,
 .F.,(4,1,4),(2,2),(-0.0659201026004301,-0.0336659848953722,0.),(0.,0.02),
 .UNSPECIFIED.);
#602=B_SPLINE_SURFACE_WITH_KNOTS('',3,1,((#16588,#16589),(#16590,#16591),
(#16592,#16593),(#16594,#16595),(#16596,#16597)),.UNSPECIFIED.,.F.,.F.,
 .F.,(4,1,4),(2,2),(-0.044784706886147,-0.0230421337793718,0.),(0.,0.02),
 .UNSPECIFIED.);
#603=B_SPLINE_SURFACE_WITH_KNOTS('',3,1,((#16605,#16606),(#16607,#16608),
(#16609,#16610),(#16611,#16612),(#16613,#16614)),.UNSPECIFIED.,.F.,.F.,
 .F.,(4,1,4),(2,2),(-0.0448913448950218,-0.0217974003561178,0.),(0.,0.02),
 .UNSPECIFIED.);
#604=B_SPLINE_SURFACE_WITH_KNOTS('',3,1,((#16626,#16627),(#16628,#16629),
(#16630,#16631),(#16632,#16633),(#16634,#16635)),.UNSPECIFIED.,.F.,.F.,
 .F.,(4,1,4),(2,2),(-0.0444458474269709,-0.02296839442327,0.),(0.,0.02),
 .UNSPECIFIED.);
#605=B_SPLINE_SURFACE_WITH_KNOTS('',3,1,((#16643,#16644),(#16645,#16646),
(#16647,#16648),(#16649,#16650),(#16651,#16652)),.UNSPECIFIED.,.F.,.F.,
 .F.,(4,1,4),(2,2),(-0.0445533248686171,-0.0215330558733165,0.),(0.,0.02),
 .UNSPECIFIED.);
#606=B_SPLINE_SURFACE_WITH_KNOTS('',3,1,((#16684,#16685),(#16686,#16687),
(#16688,#16689),(#16690,#16691),(#16692,#16693)),.UNSPECIFIED.,.F.,.F.,
 .F.,(4,1,4),(2,2),(-0.0645773980995161,-0.0326187633638049,0.),(0.,0.02),
 .UNSPECIFIED.);
#607=B_SPLINE_SURFACE_WITH_KNOTS('',3,1,((#16734,#16735),(#16736,#16737),
(#16738,#16739),(#16740,#16741),(#16742,#16743)),.UNSPECIFIED.,.F.,.F.,
 .F.,(4,1,4),(2,2),(-0.0521350027712345,-0.0219547274680403,0.),(0.,0.02),
 .UNSPECIFIED.);
#608=B_SPLINE_SURFACE_WITH_KNOTS('',3,1,((#16782,#16783),(#16784,#16785),
(#16786,#16787),(#16788,#16789),(#16790,#16791)),.UNSPECIFIED.,.F.,.F.,
 .F.,(4,1,4),(2,2),(-0.0225035307372519,-0.011552458447588,0.),(0.,0.02),
 .UNSPECIFIED.);
#609=B_SPLINE_SURFACE_WITH_KNOTS('',3,1,((#16801,#16802),(#16803,#16804),
(#16805,#16806),(#16807,#16808),(#16809,#16810)),.UNSPECIFIED.,.F.,.F.,
 .F.,(4,1,4),(2,2),(-0.022503416833712,-0.0109510067254471,0.),(0.,0.02),
 .UNSPECIFIED.);
#610=B_SPLINE_SURFACE_WITH_KNOTS('',3,1,((#16838,#16839),(#16840,#16841),
(#16842,#16843),(#16844,#16845),(#16846,#16847)),.UNSPECIFIED.,.F.,.F.,
 .F.,(4,1,4),(2,2),(-0.0224456442857378,-0.0115469109941288,0.),(0.,0.02),
 .UNSPECIFIED.);
#611=B_SPLINE_SURFACE_WITH_KNOTS('',3,1,((#16855,#16856),(#16857,#16858),
(#16859,#16860),(#16861,#16862),(#16863,#16864)),.UNSPECIFIED.,.F.,.F.,
 .F.,(4,1,4),(2,2),(-0.0223923683657659,-0.0108712617429031,0.),(0.,0.02),
 .UNSPECIFIED.);
#612=B_SPLINE_SURFACE_WITH_KNOTS('',3,1,((#16885,#16886),(#16887,#16888),
(#16889,#16890),(#16891,#16892),(#16893,#16894)),.UNSPECIFIED.,.F.,.F.,
 .F.,(4,1,4),(2,2),(-0.0348014646232034,-0.0180173125102865,0.),(0.,0.02),
 .UNSPECIFIED.);
#613=B_SPLINE_SURFACE_WITH_KNOTS('',3,1,((#16908,#16909),(#16910,#16911),
(#16912,#16913),(#16914,#16915),(#16916,#16917)),.UNSPECIFIED.,.F.,.F.,
 .F.,(4,1,4),(2,2),(-0.0349092788580819,-0.016840175577272,0.),(0.,0.02),
 .UNSPECIFIED.);
#614=B_SPLINE_SURFACE_WITH_KNOTS('',3,1,((#16949,#16950),(#16951,#16952),
(#16953,#16954),(#16955,#16956),(#16957,#16958)),.UNSPECIFIED.,.F.,.F.,
 .F.,(4,1,4),(2,2),(-0.0362205346371578,-0.0189396347768032,0.),(0.,0.02),
 .UNSPECIFIED.);
#615=B_SPLINE_SURFACE_WITH_KNOTS('',3,1,((#16972,#16973),(#16974,#16975),
(#16976,#16977),(#16978,#16979),(#16980,#16981)),.UNSPECIFIED.,.F.,.F.,
 .F.,(4,1,4),(2,2),(-0.0357808349764135,-0.0170509336234018,0.),(0.,0.02),
 .UNSPECIFIED.);
#616=B_SPLINE_SURFACE_WITH_KNOTS('',3,1,((#16992,#16993),(#16994,#16995),
(#16996,#16997),(#16998,#16999),(#17000,#17001)),.UNSPECIFIED.,.F.,.F.,
 .F.,(4,1,4),(2,2),(-0.0571092741114146,-0.0292413544499458,0.),(0.,0.02),
 .UNSPECIFIED.);
#617=B_SPLINE_SURFACE_WITH_KNOTS('',3,1,((#17011,#17012),(#17013,#17014),
(#17015,#17016),(#17017,#17018),(#17019,#17020)),.UNSPECIFIED.,.F.,.F.,
 .F.,(4,1,4),(2,2),(-0.0573208014303571,-0.0279760784931948,0.),(0.,0.02),
 .UNSPECIFIED.);
#618=B_SPLINE_SURFACE_WITH_KNOTS('',3,1,((#17040,#17041),(#17042,#17043),
(#17044,#17045),(#17046,#17047),(#17048,#17049)),.UNSPECIFIED.,.F.,.F.,
 .F.,(4,1,4),(2,2),(-0.0574510518971501,-0.0295013723280563,0.),(0.,0.02),
 .UNSPECIFIED.);
#619=B_SPLINE_SURFACE_WITH_KNOTS('',3,1,((#17057,#17058),(#17059,#17060),
(#17061,#17062),(#17063,#17064),(#17065,#17066)),.UNSPECIFIED.,.F.,.F.,
 .F.,(4,1,4),(2,2),(-0.0570502683205285,-0.0278145722145707,0.),(0.,0.02),
 .UNSPECIFIED.);
#620=FACE_OUTER_BOUND('',#1120,.T.);
#621=FACE_OUTER_BOUND('',#1121,.T.);
#622=FACE_OUTER_BOUND('',#1122,.T.);
#623=FACE_OUTER_BOUND('',#1123,.T.);
#624=FACE_OUTER_BOUND('',#1124,.T.);
#625=FACE_OUTER_BOUND('',#1125,.T.);
#626=FACE_OUTER_BOUND('',#1126,.T.);
#627=FACE_OUTER_BOUND('',#1127,.T.);
#628=FACE_OUTER_BOUND('',#1128,.T.);
#629=FACE_OUTER_BOUND('',#1129,.T.);
#630=FACE_OUTER_BOUND('',#1130,.T.);
#631=FACE_OUTER_BOUND('',#1131,.T.);
#632=FACE_OUTER_BOUND('',#1132,.T.);
#633=FACE_OUTER_BOUND('',#1133,.T.);
#634=FACE_OUTER_BOUND('',#1134,.T.);
#635=FACE_OUTER_BOUND('',#1135,.T.);
#636=FACE_OUTER_BOUND('',#1136,.T.);
#637=FACE_OUTER_BOUND('',#1137,.T.);
#638=FACE_OUTER_BOUND('',#1138,.T.);
#639=FACE_OUTER_BOUND('',#1139,.T.);
#640=FACE_OUTER_BOUND('',#1140,.T.);
#641=FACE_OUTER_BOUND('',#1141,.T.);
#642=FACE_OUTER_BOUND('',#1142,.T.);
#643=FACE_OUTER_BOUND('',#1143,.T.);
#644=FACE_OUTER_BOUND('',#1144,.T.);
#645=FACE_OUTER_BOUND('',#1145,.T.);
#646=FACE_OUTER_BOUND('',#1146,.T.);
#647=FACE_OUTER_BOUND('',#1147,.T.);
#648=FACE_OUTER_BOUND('',#1148,.T.);
#649=FACE_OUTER_BOUND('',#1149,.T.);
#650=FACE_OUTER_BOUND('',#1150,.T.);
#651=FACE_OUTER_BOUND('',#1151,.T.);
#652=FACE_OUTER_BOUND('',#1152,.T.);
#653=FACE_OUTER_BOUND('',#1153,.T.);
#654=FACE_OUTER_BOUND('',#1154,.T.);
#655=FACE_OUTER_BOUND('',#1155,.T.);
#656=FACE_OUTER_BOUND('',#1156,.T.);
#657=FACE_OUTER_BOUND('',#1157,.T.);
#658=FACE_OUTER_BOUND('',#1158,.T.);
#659=FACE_OUTER_BOUND('',#1159,.T.);
#660=FACE_OUTER_BOUND('',#1160,.T.);
#661=FACE_OUTER_BOUND('',#1161,.T.);
#662=FACE_OUTER_BOUND('',#1162,.T.);
#663=FACE_OUTER_BOUND('',#1163,.T.);
#664=FACE_OUTER_BOUND('',#1164,.T.);
#665=FACE_OUTER_BOUND('',#1165,.T.);
#666=FACE_OUTER_BOUND('',#1166,.T.);
#667=FACE_OUTER_BOUND('',#1167,.T.);
#668=FACE_OUTER_BOUND('',#1168,.T.);
#669=FACE_OUTER_BOUND('',#1169,.T.);
#670=FACE_OUTER_BOUND('',#1170,.T.);
#671=FACE_OUTER_BOUND('',#1171,.T.);
#672=FACE_OUTER_BOUND('',#1172,.T.);
#673=FACE_OUTER_BOUND('',#1173,.T.);
#674=FACE_OUTER_BOUND('',#1174,.T.);
#675=FACE_OUTER_BOUND('',#1175,.T.);
#676=FACE_OUTER_BOUND('',#1176,.T.);
#677=FACE_OUTER_BOUND('',#1177,.T.);
#678=FACE_OUTER_BOUND('',#1178,.T.);
#679=FACE_OUTER_BOUND('',#1179,.T.);
#680=FACE_OUTER_BOUND('',#1180,.T.);
#681=FACE_OUTER_BOUND('',#1181,.T.);
#682=FACE_OUTER_BOUND('',#1182,.T.);
#683=FACE_OUTER_BOUND('',#1183,.T.);
#684=FACE_OUTER_BOUND('',#1184,.T.);
#685=FACE_OUTER_BOUND('',#1185,.T.);
#686=FACE_OUTER_BOUND('',#1186,.T.);
#687=FACE_OUTER_BOUND('',#1187,.T.);
#688=FACE_OUTER_BOUND('',#1188,.T.);
#689=FACE_OUTER_BOUND('',#1189,.T.);
#690=FACE_OUTER_BOUND('',#1190,.T.);
#691=FACE_OUTER_BOUND('',#1191,.T.);
#692=FACE_OUTER_BOUND('',#1192,.T.);
#693=FACE_OUTER_BOUND('',#1193,.T.);
#694=FACE_OUTER_BOUND('',#1194,.T.);
#695=FACE_OUTER_BOUND('',#1195,.T.);
#696=FACE_OUTER_BOUND('',#1196,.T.);
#697=FACE_OUTER_BOUND('',#1197,.T.);
#698=FACE_OUTER_BOUND('',#1198,.T.);
#699=FACE_OUTER_BOUND('',#1199,.T.);
#700=FACE_OUTER_BOUND('',#1200,.T.);
#701=FACE_OUTER_BOUND('',#1201,.T.);
#702=FACE_OUTER_BOUND('',#1202,.T.);
#703=FACE_OUTER_BOUND('',#1203,.T.);
#704=FACE_OUTER_BOUND('',#1204,.T.);
#705=FACE_OUTER_BOUND('',#1205,.T.);
#706=FACE_OUTER_BOUND('',#1206,.T.);
#707=FACE_OUTER_BOUND('',#1207,.T.);
#708=FACE_OUTER_BOUND('',#1208,.T.);
#709=FACE_OUTER_BOUND('',#1209,.T.);
#710=FACE_OUTER_BOUND('',#1210,.T.);
#711=FACE_OUTER_BOUND('',#1211,.T.);
#712=FACE_OUTER_BOUND('',#1212,.T.);
#713=FACE_OUTER_BOUND('',#1213,.T.);
#714=FACE_OUTER_BOUND('',#1214,.T.);
#715=FACE_OUTER_BOUND('',#1215,.T.);
#716=FACE_OUTER_BOUND('',#1216,.T.);
#717=FACE_OUTER_BOUND('',#1217,.T.);
#718=FACE_OUTER_BOUND('',#1218,.T.);
#719=FACE_OUTER_BOUND('',#1220,.T.);
#720=FACE_OUTER_BOUND('',#1245,.T.);
#721=FACE_OUTER_BOUND('',#1246,.T.);
#722=FACE_OUTER_BOUND('',#1247,.T.);
#723=FACE_OUTER_BOUND('',#1248,.T.);
#724=FACE_OUTER_BOUND('',#1249,.T.);
#725=FACE_OUTER_BOUND('',#1250,.T.);
#726=FACE_OUTER_BOUND('',#1251,.T.);
#727=FACE_OUTER_BOUND('',#1252,.T.);
#728=FACE_OUTER_BOUND('',#1253,.T.);
#729=FACE_OUTER_BOUND('',#1254,.T.);
#730=FACE_OUTER_BOUND('',#1255,.T.);
#731=FACE_OUTER_BOUND('',#1256,.T.);
#732=FACE_OUTER_BOUND('',#1257,.T.);
#733=FACE_OUTER_BOUND('',#1258,.T.);
#734=FACE_OUTER_BOUND('',#1260,.T.);
#735=FACE_OUTER_BOUND('',#1261,.T.);
#736=FACE_OUTER_BOUND('',#1262,.T.);
#737=FACE_OUTER_BOUND('',#1263,.T.);
#738=FACE_OUTER_BOUND('',#1264,.T.);
#739=FACE_OUTER_BOUND('',#1265,.T.);
#740=FACE_OUTER_BOUND('',#1266,.T.);
#741=FACE_OUTER_BOUND('',#1267,.T.);
#742=FACE_OUTER_BOUND('',#1268,.T.);
#743=FACE_OUTER_BOUND('',#1269,.T.);
#744=FACE_OUTER_BOUND('',#1270,.T.);
#745=FACE_OUTER_BOUND('',#1271,.T.);
#746=FACE_OUTER_BOUND('',#1272,.T.);
#747=FACE_OUTER_BOUND('',#1273,.T.);
#748=FACE_OUTER_BOUND('',#1274,.T.);
#749=FACE_OUTER_BOUND('',#1275,.T.);
#750=FACE_OUTER_BOUND('',#1276,.T.);
#751=FACE_OUTER_BOUND('',#1277,.T.);
#752=FACE_OUTER_BOUND('',#1278,.T.);
#753=FACE_OUTER_BOUND('',#1279,.T.);
#754=FACE_OUTER_BOUND('',#1280,.T.);
#755=FACE_OUTER_BOUND('',#1281,.T.);
#756=FACE_OUTER_BOUND('',#1282,.T.);
#757=FACE_OUTER_BOUND('',#1283,.T.);
#758=FACE_OUTER_BOUND('',#1284,.T.);
#759=FACE_OUTER_BOUND('',#1285,.T.);
#760=FACE_OUTER_BOUND('',#1286,.T.);
#761=FACE_OUTER_BOUND('',#1287,.T.);
#762=FACE_OUTER_BOUND('',#1289,.T.);
#763=FACE_OUTER_BOUND('',#1290,.T.);
#764=FACE_OUTER_BOUND('',#1291,.T.);
#765=FACE_OUTER_BOUND('',#1292,.T.);
#766=FACE_OUTER_BOUND('',#1293,.T.);
#767=FACE_OUTER_BOUND('',#1294,.T.);
#768=FACE_OUTER_BOUND('',#1295,.T.);
#769=FACE_OUTER_BOUND('',#1296,.T.);
#770=FACE_OUTER_BOUND('',#1297,.T.);
#771=FACE_OUTER_BOUND('',#1298,.T.);
#772=FACE_OUTER_BOUND('',#1299,.T.);
#773=FACE_OUTER_BOUND('',#1300,.T.);
#774=FACE_OUTER_BOUND('',#1301,.T.);
#775=FACE_OUTER_BOUND('',#1302,.T.);
#776=FACE_OUTER_BOUND('',#1303,.T.);
#777=FACE_OUTER_BOUND('',#1304,.T.);
#778=FACE_OUTER_BOUND('',#1305,.T.);
#779=FACE_OUTER_BOUND('',#1306,.T.);
#780=FACE_OUTER_BOUND('',#1307,.T.);
#781=FACE_OUTER_BOUND('',#1308,.T.);
#782=FACE_OUTER_BOUND('',#1309,.T.);
#783=FACE_OUTER_BOUND('',#1311,.T.);
#784=FACE_OUTER_BOUND('',#1312,.T.);
#785=FACE_OUTER_BOUND('',#1313,.T.);
#786=FACE_OUTER_BOUND('',#1314,.T.);
#787=FACE_OUTER_BOUND('',#1315,.T.);
#788=FACE_OUTER_BOUND('',#1316,.T.);
#789=FACE_OUTER_BOUND('',#1317,.T.);
#790=FACE_OUTER_BOUND('',#1318,.T.);
#791=FACE_OUTER_BOUND('',#1319,.T.);
#792=FACE_OUTER_BOUND('',#1320,.T.);
#793=FACE_OUTER_BOUND('',#1321,.T.);
#794=FACE_OUTER_BOUND('',#1322,.T.);
#795=FACE_OUTER_BOUND('',#1323,.T.);
#796=FACE_OUTER_BOUND('',#1324,.T.);
#797=FACE_OUTER_BOUND('',#1325,.T.);
#798=FACE_OUTER_BOUND('',#1326,.T.);
#799=FACE_OUTER_BOUND('',#1327,.T.);
#800=FACE_OUTER_BOUND('',#1328,.T.);
#801=FACE_OUTER_BOUND('',#1329,.T.);
#802=FACE_OUTER_BOUND('',#1330,.T.);
#803=FACE_OUTER_BOUND('',#1331,.T.);
#804=FACE_OUTER_BOUND('',#1332,.T.);
#805=FACE_OUTER_BOUND('',#1333,.T.);
#806=FACE_OUTER_BOUND('',#1334,.T.);
#807=FACE_OUTER_BOUND('',#1335,.T.);
#808=FACE_OUTER_BOUND('',#1336,.T.);
#809=FACE_OUTER_BOUND('',#1337,.T.);
#810=FACE_OUTER_BOUND('',#1338,.T.);
#811=FACE_OUTER_BOUND('',#1339,.T.);
#812=FACE_OUTER_BOUND('',#1340,.T.);
#813=FACE_OUTER_BOUND('',#1341,.T.);
#814=FACE_OUTER_BOUND('',#1342,.T.);
#815=FACE_OUTER_BOUND('',#1343,.T.);
#816=FACE_OUTER_BOUND('',#1344,.T.);
#817=FACE_OUTER_BOUND('',#1345,.T.);
#818=FACE_OUTER_BOUND('',#1346,.T.);
#819=FACE_OUTER_BOUND('',#1347,.T.);
#820=FACE_OUTER_BOUND('',#1348,.T.);
#821=FACE_OUTER_BOUND('',#1349,.T.);
#822=FACE_OUTER_BOUND('',#1350,.T.);
#823=FACE_OUTER_BOUND('',#1351,.T.);
#824=FACE_OUTER_BOUND('',#1352,.T.);
#825=FACE_OUTER_BOUND('',#1353,.T.);
#826=FACE_OUTER_BOUND('',#1354,.T.);
#827=FACE_OUTER_BOUND('',#1355,.T.);
#828=FACE_OUTER_BOUND('',#1356,.T.);
#829=FACE_OUTER_BOUND('',#1357,.T.);
#830=FACE_OUTER_BOUND('',#1358,.T.);
#831=FACE_OUTER_BOUND('',#1359,.T.);
#832=FACE_OUTER_BOUND('',#1360,.T.);
#833=FACE_OUTER_BOUND('',#1361,.T.);
#834=FACE_OUTER_BOUND('',#1362,.T.);
#835=FACE_OUTER_BOUND('',#1363,.T.);
#836=FACE_OUTER_BOUND('',#1364,.T.);
#837=FACE_OUTER_BOUND('',#1365,.T.);
#838=FACE_OUTER_BOUND('',#1366,.T.);
#839=FACE_OUTER_BOUND('',#1367,.T.);
#840=FACE_OUTER_BOUND('',#1368,.T.);
#841=FACE_OUTER_BOUND('',#1369,.T.);
#842=FACE_OUTER_BOUND('',#1370,.T.);
#843=FACE_OUTER_BOUND('',#1371,.T.);
#844=FACE_OUTER_BOUND('',#1372,.T.);
#845=FACE_OUTER_BOUND('',#1373,.T.);
#846=FACE_OUTER_BOUND('',#1374,.T.);
#847=FACE_OUTER_BOUND('',#1376,.T.);
#848=FACE_OUTER_BOUND('',#1377,.T.);
#849=FACE_OUTER_BOUND('',#1378,.T.);
#850=FACE_OUTER_BOUND('',#1379,.T.);
#851=FACE_OUTER_BOUND('',#1380,.T.);
#852=FACE_OUTER_BOUND('',#1381,.T.);
#853=FACE_OUTER_BOUND('',#1382,.T.);
#854=FACE_OUTER_BOUND('',#1383,.T.);
#855=FACE_OUTER_BOUND('',#1384,.T.);
#856=FACE_OUTER_BOUND('',#1385,.T.);
#857=FACE_OUTER_BOUND('',#1386,.T.);
#858=FACE_OUTER_BOUND('',#1387,.T.);
#859=FACE_OUTER_BOUND('',#1388,.T.);
#860=FACE_OUTER_BOUND('',#1389,.T.);
#861=FACE_OUTER_BOUND('',#1390,.T.);
#862=FACE_OUTER_BOUND('',#1391,.T.);
#863=FACE_OUTER_BOUND('',#1392,.T.);
#864=FACE_OUTER_BOUND('',#1393,.T.);
#865=FACE_OUTER_BOUND('',#1394,.T.);
#866=FACE_OUTER_BOUND('',#1395,.T.);
#867=FACE_OUTER_BOUND('',#1396,.T.);
#868=FACE_OUTER_BOUND('',#1397,.T.);
#869=FACE_OUTER_BOUND('',#1398,.T.);
#870=FACE_OUTER_BOUND('',#1399,.T.);
#871=FACE_OUTER_BOUND('',#1400,.T.);
#872=FACE_OUTER_BOUND('',#1401,.T.);
#873=FACE_OUTER_BOUND('',#1402,.T.);
#874=FACE_OUTER_BOUND('',#1403,.T.);
#875=FACE_OUTER_BOUND('',#1404,.T.);
#876=FACE_OUTER_BOUND('',#1405,.T.);
#877=FACE_OUTER_BOUND('',#1406,.T.);
#878=FACE_OUTER_BOUND('',#1407,.T.);
#879=FACE_OUTER_BOUND('',#1408,.T.);
#880=FACE_OUTER_BOUND('',#1409,.T.);
#881=FACE_OUTER_BOUND('',#1410,.T.);
#882=FACE_OUTER_BOUND('',#1411,.T.);
#883=FACE_OUTER_BOUND('',#1412,.T.);
#884=FACE_OUTER_BOUND('',#1413,.T.);
#885=FACE_OUTER_BOUND('',#1414,.T.);
#886=FACE_OUTER_BOUND('',#1415,.T.);
#887=FACE_OUTER_BOUND('',#1416,.T.);
#888=FACE_OUTER_BOUND('',#1417,.T.);
#889=FACE_OUTER_BOUND('',#1418,.T.);
#890=FACE_OUTER_BOUND('',#1419,.T.);
#891=FACE_OUTER_BOUND('',#1420,.T.);
#892=FACE_OUTER_BOUND('',#1421,.T.);
#893=FACE_OUTER_BOUND('',#1422,.T.);
#894=FACE_OUTER_BOUND('',#1423,.T.);
#895=FACE_OUTER_BOUND('',#1424,.T.);
#896=FACE_OUTER_BOUND('',#1425,.T.);
#897=FACE_OUTER_BOUND('',#1426,.T.);
#898=FACE_OUTER_BOUND('',#1427,.T.);
#899=FACE_OUTER_BOUND('',#1428,.T.);
#900=FACE_OUTER_BOUND('',#1429,.T.);
#901=FACE_OUTER_BOUND('',#1430,.T.);
#902=FACE_OUTER_BOUND('',#1431,.T.);
#903=FACE_OUTER_BOUND('',#1432,.T.);
#904=FACE_OUTER_BOUND('',#1433,.T.);
#905=FACE_OUTER_BOUND('',#1434,.T.);
#906=FACE_OUTER_BOUND('',#1435,.T.);
#907=FACE_OUTER_BOUND('',#1436,.T.);
#908=FACE_OUTER_BOUND('',#1437,.T.);
#909=FACE_OUTER_BOUND('',#1438,.T.);
#910=FACE_OUTER_BOUND('',#1439,.T.);
#911=FACE_OUTER_BOUND('',#1440,.T.);
#912=FACE_OUTER_BOUND('',#1441,.T.);
#913=FACE_OUTER_BOUND('',#1443,.T.);
#914=FACE_OUTER_BOUND('',#1468,.T.);
#915=FACE_OUTER_BOUND('',#1469,.T.);
#916=FACE_OUTER_BOUND('',#1470,.T.);
#917=FACE_OUTER_BOUND('',#1471,.T.);
#918=FACE_OUTER_BOUND('',#1472,.T.);
#919=FACE_OUTER_BOUND('',#1473,.T.);
#920=FACE_OUTER_BOUND('',#1474,.T.);
#921=FACE_OUTER_BOUND('',#1475,.T.);
#922=FACE_OUTER_BOUND('',#1476,.T.);
#923=FACE_OUTER_BOUND('',#1477,.T.);
#924=FACE_OUTER_BOUND('',#1478,.T.);
#925=FACE_OUTER_BOUND('',#1479,.T.);
#926=FACE_OUTER_BOUND('',#1480,.T.);
#927=FACE_OUTER_BOUND('',#1481,.T.);
#928=FACE_OUTER_BOUND('',#1482,.T.);
#929=FACE_OUTER_BOUND('',#1483,.T.);
#930=FACE_OUTER_BOUND('',#1484,.T.);
#931=FACE_OUTER_BOUND('',#1485,.T.);
#932=FACE_OUTER_BOUND('',#1486,.T.);
#933=FACE_OUTER_BOUND('',#1487,.T.);
#934=FACE_OUTER_BOUND('',#1488,.T.);
#935=FACE_OUTER_BOUND('',#1489,.T.);
#936=FACE_OUTER_BOUND('',#1490,.T.);
#937=FACE_OUTER_BOUND('',#1491,.T.);
#938=FACE_OUTER_BOUND('',#1492,.T.);
#939=FACE_OUTER_BOUND('',#1493,.T.);
#940=FACE_OUTER_BOUND('',#1494,.T.);
#941=FACE_OUTER_BOUND('',#1495,.T.);
#942=FACE_OUTER_BOUND('',#1496,.T.);
#943=FACE_OUTER_BOUND('',#1497,.T.);
#944=FACE_OUTER_BOUND('',#1498,.T.);
#945=FACE_OUTER_BOUND('',#1499,.T.);
#946=FACE_OUTER_BOUND('',#1500,.T.);
#947=FACE_OUTER_BOUND('',#1501,.T.);
#948=FACE_OUTER_BOUND('',#1502,.T.);
#949=FACE_OUTER_BOUND('',#1503,.T.);
#950=FACE_OUTER_BOUND('',#1504,.T.);
#951=FACE_OUTER_BOUND('',#1505,.T.);
#952=FACE_OUTER_BOUND('',#1506,.T.);
#953=FACE_OUTER_BOUND('',#1507,.T.);
#954=FACE_OUTER_BOUND('',#1508,.T.);
#955=FACE_OUTER_BOUND('',#1509,.T.);
#956=FACE_OUTER_BOUND('',#1510,.T.);
#957=FACE_OUTER_BOUND('',#1511,.T.);
#958=FACE_OUTER_BOUND('',#1512,.T.);
#959=FACE_OUTER_BOUND('',#1513,.T.);
#960=FACE_OUTER_BOUND('',#1514,.T.);
#961=FACE_OUTER_BOUND('',#1515,.T.);
#962=FACE_OUTER_BOUND('',#1516,.T.);
#963=FACE_OUTER_BOUND('',#1517,.T.);
#964=FACE_OUTER_BOUND('',#1518,.T.);
#965=FACE_OUTER_BOUND('',#1519,.T.);
#966=FACE_OUTER_BOUND('',#1520,.T.);
#967=FACE_OUTER_BOUND('',#1521,.T.);
#968=FACE_OUTER_BOUND('',#1523,.T.);
#969=FACE_OUTER_BOUND('',#1524,.T.);
#970=FACE_OUTER_BOUND('',#1525,.T.);
#971=FACE_OUTER_BOUND('',#1526,.T.);
#972=FACE_OUTER_BOUND('',#1527,.T.);
#973=FACE_OUTER_BOUND('',#1528,.T.);
#974=FACE_OUTER_BOUND('',#1529,.T.);
#975=FACE_OUTER_BOUND('',#1530,.T.);
#976=FACE_OUTER_BOUND('',#1531,.T.);
#977=FACE_OUTER_BOUND('',#1532,.T.);
#978=FACE_OUTER_BOUND('',#1533,.T.);
#979=FACE_OUTER_BOUND('',#1534,.T.);
#980=FACE_OUTER_BOUND('',#1535,.T.);
#981=FACE_OUTER_BOUND('',#1536,.T.);
#982=FACE_OUTER_BOUND('',#1537,.T.);
#983=FACE_OUTER_BOUND('',#1538,.T.);
#984=FACE_OUTER_BOUND('',#1539,.T.);
#985=FACE_OUTER_BOUND('',#1540,.T.);
#986=FACE_OUTER_BOUND('',#1541,.T.);
#987=FACE_OUTER_BOUND('',#1542,.T.);
#988=FACE_OUTER_BOUND('',#1543,.T.);
#989=FACE_OUTER_BOUND('',#1544,.T.);
#990=FACE_OUTER_BOUND('',#1545,.T.);
#991=FACE_OUTER_BOUND('',#1546,.T.);
#992=FACE_OUTER_BOUND('',#1547,.T.);
#993=FACE_OUTER_BOUND('',#1548,.T.);
#994=FACE_OUTER_BOUND('',#1549,.T.);
#995=FACE_OUTER_BOUND('',#1550,.T.);
#996=FACE_OUTER_BOUND('',#1551,.T.);
#997=FACE_OUTER_BOUND('',#1552,.T.);
#998=FACE_OUTER_BOUND('',#1553,.T.);
#999=FACE_OUTER_BOUND('',#1554,.T.);
#1000=FACE_OUTER_BOUND('',#1555,.T.);
#1001=FACE_OUTER_BOUND('',#1556,.T.);
#1002=FACE_OUTER_BOUND('',#1557,.T.);
#1003=FACE_OUTER_BOUND('',#1558,.T.);
#1004=FACE_OUTER_BOUND('',#1559,.T.);
#1005=FACE_OUTER_BOUND('',#1560,.T.);
#1006=FACE_OUTER_BOUND('',#1561,.T.);
#1007=FACE_OUTER_BOUND('',#1562,.T.);
#1008=FACE_OUTER_BOUND('',#1563,.T.);
#1009=FACE_OUTER_BOUND('',#1564,.T.);
#1010=FACE_OUTER_BOUND('',#1565,.T.);
#1011=FACE_OUTER_BOUND('',#1566,.T.);
#1012=FACE_OUTER_BOUND('',#1567,.T.);
#1013=FACE_OUTER_BOUND('',#1568,.T.);
#1014=FACE_OUTER_BOUND('',#1569,.T.);
#1015=FACE_OUTER_BOUND('',#1570,.T.);
#1016=FACE_OUTER_BOUND('',#1571,.T.);
#1017=FACE_OUTER_BOUND('',#1572,.T.);
#1018=FACE_OUTER_BOUND('',#1573,.T.);
#1019=FACE_OUTER_BOUND('',#1574,.T.);
#1020=FACE_OUTER_BOUND('',#1575,.T.);
#1021=FACE_OUTER_BOUND('',#1577,.T.);
#1022=FACE_OUTER_BOUND('',#1578,.T.);
#1023=FACE_OUTER_BOUND('',#1579,.T.);
#1024=FACE_OUTER_BOUND('',#1580,.T.);
#1025=FACE_OUTER_BOUND('',#1581,.T.);
#1026=FACE_OUTER_BOUND('',#1582,.T.);
#1027=FACE_OUTER_BOUND('',#1583,.T.);
#1028=FACE_OUTER_BOUND('',#1584,.T.);
#1029=FACE_OUTER_BOUND('',#1585,.T.);
#1030=FACE_OUTER_BOUND('',#1586,.T.);
#1031=FACE_OUTER_BOUND('',#1587,.T.);
#1032=FACE_OUTER_BOUND('',#1588,.T.);
#1033=FACE_OUTER_BOUND('',#1589,.T.);
#1034=FACE_OUTER_BOUND('',#1590,.T.);
#1035=FACE_OUTER_BOUND('',#1591,.T.);
#1036=FACE_OUTER_BOUND('',#1592,.T.);
#1037=FACE_OUTER_BOUND('',#1593,.T.);
#1038=FACE_OUTER_BOUND('',#1594,.T.);
#1039=FACE_OUTER_BOUND('',#1596,.T.);
#1040=FACE_OUTER_BOUND('',#1597,.T.);
#1041=FACE_OUTER_BOUND('',#1598,.T.);
#1042=FACE_OUTER_BOUND('',#1599,.T.);
#1043=FACE_OUTER_BOUND('',#1600,.T.);
#1044=FACE_OUTER_BOUND('',#1601,.T.);
#1045=FACE_OUTER_BOUND('',#1602,.T.);
#1046=FACE_OUTER_BOUND('',#1603,.T.);
#1047=FACE_OUTER_BOUND('',#1604,.T.);
#1048=FACE_OUTER_BOUND('',#1605,.T.);
#1049=FACE_OUTER_BOUND('',#1606,.T.);
#1050=FACE_OUTER_BOUND('',#1607,.T.);
#1051=FACE_OUTER_BOUND('',#1608,.T.);
#1052=FACE_OUTER_BOUND('',#1609,.T.);
#1053=FACE_OUTER_BOUND('',#1611,.T.);
#1054=FACE_OUTER_BOUND('',#1612,.T.);
#1055=FACE_OUTER_BOUND('',#1613,.T.);
#1056=FACE_OUTER_BOUND('',#1614,.T.);
#1057=FACE_OUTER_BOUND('',#1615,.T.);
#1058=FACE_OUTER_BOUND('',#1616,.T.);
#1059=FACE_OUTER_BOUND('',#1617,.T.);
#1060=FACE_OUTER_BOUND('',#1618,.T.);
#1061=FACE_OUTER_BOUND('',#1619,.T.);
#1062=FACE_OUTER_BOUND('',#1620,.T.);
#1063=FACE_OUTER_BOUND('',#1621,.T.);
#1064=FACE_OUTER_BOUND('',#1622,.T.);
#1065=FACE_OUTER_BOUND('',#1623,.T.);
#1066=FACE_OUTER_BOUND('',#1624,.T.);
#1067=FACE_OUTER_BOUND('',#1625,.T.);
#1068=FACE_OUTER_BOUND('',#1626,.T.);
#1069=FACE_OUTER_BOUND('',#1627,.T.);
#1070=FACE_OUTER_BOUND('',#1628,.T.);
#1071=FACE_OUTER_BOUND('',#1629,.T.);
#1072=FACE_OUTER_BOUND('',#1630,.T.);
#1073=FACE_OUTER_BOUND('',#1631,.T.);
#1074=FACE_OUTER_BOUND('',#1632,.T.);
#1075=FACE_OUTER_BOUND('',#1633,.T.);
#1076=FACE_OUTER_BOUND('',#1634,.T.);
#1077=FACE_OUTER_BOUND('',#1635,.T.);
#1078=FACE_OUTER_BOUND('',#1636,.T.);
#1079=FACE_OUTER_BOUND('',#1637,.T.);
#1080=FACE_OUTER_BOUND('',#1638,.T.);
#1081=FACE_OUTER_BOUND('',#1639,.T.);
#1082=FACE_OUTER_BOUND('',#1640,.T.);
#1083=FACE_OUTER_BOUND('',#1641,.T.);
#1084=FACE_OUTER_BOUND('',#1642,.T.);
#1085=FACE_OUTER_BOUND('',#1643,.T.);
#1086=FACE_OUTER_BOUND('',#1644,.T.);
#1087=FACE_OUTER_BOUND('',#1645,.T.);
#1088=FACE_OUTER_BOUND('',#1646,.T.);
#1089=FACE_OUTER_BOUND('',#1647,.T.);
#1090=FACE_OUTER_BOUND('',#1648,.T.);
#1091=FACE_OUTER_BOUND('',#1649,.T.);
#1092=FACE_OUTER_BOUND('',#1650,.T.);
#1093=FACE_OUTER_BOUND('',#1651,.T.);
#1094=FACE_OUTER_BOUND('',#1652,.T.);
#1095=FACE_OUTER_BOUND('',#1653,.T.);
#1096=FACE_OUTER_BOUND('',#1654,.T.);
#1097=FACE_OUTER_BOUND('',#1655,.T.);
#1098=FACE_OUTER_BOUND('',#1656,.T.);
#1099=FACE_OUTER_BOUND('',#1657,.T.);
#1100=FACE_OUTER_BOUND('',#1658,.T.);
#1101=FACE_OUTER_BOUND('',#1659,.T.);
#1102=FACE_OUTER_BOUND('',#1660,.T.);
#1103=FACE_OUTER_BOUND('',#1661,.T.);
#1104=FACE_OUTER_BOUND('',#1662,.T.);
#1105=FACE_OUTER_BOUND('',#1663,.T.);
#1106=FACE_OUTER_BOUND('',#1664,.T.);
#1107=FACE_OUTER_BOUND('',#1665,.T.);
#1108=FACE_OUTER_BOUND('',#1666,.T.);
#1109=FACE_OUTER_BOUND('',#1667,.T.);
#1110=FACE_OUTER_BOUND('',#1668,.T.);
#1111=FACE_OUTER_BOUND('',#1669,.T.);
#1112=FACE_OUTER_BOUND('',#1670,.T.);
#1113=FACE_OUTER_BOUND('',#1671,.T.);
#1114=FACE_OUTER_BOUND('',#1672,.T.);
#1115=FACE_OUTER_BOUND('',#1673,.T.);
#1116=FACE_OUTER_BOUND('',#1674,.T.);
#1117=FACE_OUTER_BOUND('',#1675,.T.);
#1118=FACE_OUTER_BOUND('',#1676,.T.);
#1119=FACE_OUTER_BOUND('',#1677,.T.);
#1120=EDGE_LOOP('',(#6030,#6031,#6032,#6033));
#1121=EDGE_LOOP('',(#6034,#6035,#6036,#6037));
#1122=EDGE_LOOP('',(#6038,#6039,#6040,#6041));
#1123=EDGE_LOOP('',(#6042,#6043,#6044,#6045));
#1124=EDGE_LOOP('',(#6046,#6047,#6048,#6049));
#1125=EDGE_LOOP('',(#6050,#6051,#6052,#6053));
#1126=EDGE_LOOP('',(#6054,#6055,#6056,#6057));
#1127=EDGE_LOOP('',(#6058,#6059,#6060,#6061));
#1128=EDGE_LOOP('',(#6062,#6063,#6064,#6065));
#1129=EDGE_LOOP('',(#6066,#6067,#6068,#6069,#6070,#6071,#6072,#6073,#6074));
#1130=EDGE_LOOP('',(#6075,#6076,#6077,#6078));
#1131=EDGE_LOOP('',(#6079,#6080,#6081,#6082));
#1132=EDGE_LOOP('',(#6083,#6084,#6085,#6086));
#1133=EDGE_LOOP('',(#6087,#6088,#6089,#6090));
#1134=EDGE_LOOP('',(#6091,#6092,#6093,#6094));
#1135=EDGE_LOOP('',(#6095,#6096,#6097,#6098));
#1136=EDGE_LOOP('',(#6099,#6100,#6101,#6102));
#1137=EDGE_LOOP('',(#6103,#6104,#6105,#6106));
#1138=EDGE_LOOP('',(#6107,#6108,#6109,#6110));
#1139=EDGE_LOOP('',(#6111,#6112,#6113,#6114));
#1140=EDGE_LOOP('',(#6115,#6116,#6117,#6118));
#1141=EDGE_LOOP('',(#6119,#6120,#6121,#6122));
#1142=EDGE_LOOP('',(#6123,#6124,#6125,#6126));
#1143=EDGE_LOOP('',(#6127,#6128,#6129,#6130));
#1144=EDGE_LOOP('',(#6131,#6132,#6133,#6134));
#1145=EDGE_LOOP('',(#6135,#6136,#6137,#6138));
#1146=EDGE_LOOP('',(#6139,#6140,#6141,#6142));
#1147=EDGE_LOOP('',(#6143,#6144,#6145,#6146));
#1148=EDGE_LOOP('',(#6147,#6148,#6149,#6150));
#1149=EDGE_LOOP('',(#6151,#6152,#6153,#6154));
#1150=EDGE_LOOP('',(#6155,#6156,#6157,#6158));
#1151=EDGE_LOOP('',(#6159,#6160,#6161,#6162));
#1152=EDGE_LOOP('',(#6163,#6164,#6165,#6166));
#1153=EDGE_LOOP('',(#6167,#6168,#6169,#6170));
#1154=EDGE_LOOP('',(#6171,#6172,#6173,#6174));
#1155=EDGE_LOOP('',(#6175,#6176,#6177,#6178));
#1156=EDGE_LOOP('',(#6179,#6180,#6181,#6182));
#1157=EDGE_LOOP('',(#6183,#6184,#6185,#6186));
#1158=EDGE_LOOP('',(#6187,#6188,#6189,#6190));
#1159=EDGE_LOOP('',(#6191,#6192,#6193,#6194));
#1160=EDGE_LOOP('',(#6195,#6196,#6197,#6198));
#1161=EDGE_LOOP('',(#6199,#6200,#6201,#6202));
#1162=EDGE_LOOP('',(#6203,#6204,#6205,#6206));
#1163=EDGE_LOOP('',(#6207,#6208,#6209,#6210));
#1164=EDGE_LOOP('',(#6211,#6212,#6213,#6214));
#1165=EDGE_LOOP('',(#6215,#6216,#6217,#6218,#6219,#6220,#6221,#6222,#6223,
#6224,#6225,#6226,#6227,#6228,#6229,#6230,#6231,#6232,#6233,#6234,#6235,
#6236,#6237,#6238,#6239,#6240,#6241,#6242,#6243,#6244,#6245,#6246,#6247,
#6248,#6249));
#1166=EDGE_LOOP('',(#6250,#6251,#6252,#6253));
#1167=EDGE_LOOP('',(#6254,#6255,#6256,#6257));
#1168=EDGE_LOOP('',(#6258,#6259,#6260,#6261));
#1169=EDGE_LOOP('',(#6262,#6263,#6264,#6265));
#1170=EDGE_LOOP('',(#6266,#6267,#6268,#6269));
#1171=EDGE_LOOP('',(#6270,#6271,#6272,#6273));
#1172=EDGE_LOOP('',(#6274,#6275,#6276,#6277));
#1173=EDGE_LOOP('',(#6278,#6279,#6280,#6281));
#1174=EDGE_LOOP('',(#6282,#6283,#6284,#6285));
#1175=EDGE_LOOP('',(#6286,#6287,#6288,#6289));
#1176=EDGE_LOOP('',(#6290,#6291,#6292,#6293));
#1177=EDGE_LOOP('',(#6294,#6295,#6296,#6297));
#1178=EDGE_LOOP('',(#6298,#6299,#6300,#6301));
#1179=EDGE_LOOP('',(#6302,#6303,#6304,#6305));
#1180=EDGE_LOOP('',(#6306,#6307,#6308,#6309));
#1181=EDGE_LOOP('',(#6310,#6311,#6312,#6313));
#1182=EDGE_LOOP('',(#6314,#6315,#6316,#6317));
#1183=EDGE_LOOP('',(#6318,#6319,#6320,#6321));
#1184=EDGE_LOOP('',(#6322,#6323,#6324,#6325));
#1185=EDGE_LOOP('',(#6326,#6327,#6328,#6329));
#1186=EDGE_LOOP('',(#6330,#6331,#6332,#6333));
#1187=EDGE_LOOP('',(#6334,#6335,#6336,#6337));
#1188=EDGE_LOOP('',(#6338,#6339,#6340,#6341));
#1189=EDGE_LOOP('',(#6342,#6343,#6344,#6345));
#1190=EDGE_LOOP('',(#6346,#6347,#6348,#6349));
#1191=EDGE_LOOP('',(#6350,#6351,#6352,#6353));
#1192=EDGE_LOOP('',(#6354,#6355,#6356,#6357));
#1193=EDGE_LOOP('',(#6358,#6359,#6360,#6361));
#1194=EDGE_LOOP('',(#6362,#6363,#6364,#6365));
#1195=EDGE_LOOP('',(#6366,#6367,#6368,#6369,#6370,#6371,#6372,#6373,#6374,
#6375,#6376,#6377,#6378,#6379,#6380,#6381,#6382,#6383,#6384,#6385,#6386,
#6387,#6388,#6389,#6390,#6391,#6392,#6393,#6394));
#1196=EDGE_LOOP('',(#6395,#6396,#6397,#6398));
#1197=EDGE_LOOP('',(#6399,#6400,#6401,#6402));
#1198=EDGE_LOOP('',(#6403,#6404,#6405,#6406));
#1199=EDGE_LOOP('',(#6407,#6408,#6409,#6410));
#1200=EDGE_LOOP('',(#6411,#6412,#6413,#6414));
#1201=EDGE_LOOP('',(#6415,#6416,#6417,#6418));
#1202=EDGE_LOOP('',(#6419,#6420,#6421,#6422));
#1203=EDGE_LOOP('',(#6423,#6424,#6425,#6426));
#1204=EDGE_LOOP('',(#6427,#6428,#6429,#6430));
#1205=EDGE_LOOP('',(#6431,#6432,#6433,#6434));
#1206=EDGE_LOOP('',(#6435,#6436,#6437,#6438));
#1207=EDGE_LOOP('',(#6439,#6440,#6441,#6442));
#1208=EDGE_LOOP('',(#6443,#6444,#6445,#6446));
#1209=EDGE_LOOP('',(#6447,#6448,#6449,#6450));
#1210=EDGE_LOOP('',(#6451,#6452,#6453,#6454));
#1211=EDGE_LOOP('',(#6455,#6456,#6457,#6458));
#1212=EDGE_LOOP('',(#6459,#6460,#6461,#6462));
#1213=EDGE_LOOP('',(#6463,#6464,#6465,#6466));
#1214=EDGE_LOOP('',(#6467,#6468,#6469,#6470));
#1215=EDGE_LOOP('',(#6471,#6472,#6473,#6474));
#1216=EDGE_LOOP('',(#6475,#6476,#6477,#6478));
#1217=EDGE_LOOP('',(#6479,#6480,#6481,#6482));
#1218=EDGE_LOOP('',(#6483,#6484,#6485,#6486,#6487,#6488,#6489,#6490,#6491,
#6492,#6493,#6494));
#1219=EDGE_LOOP('',(#6495,#6496,#6497,#6498,#6499,#6500,#6501,#6502,#6503,
#6504));
#1220=EDGE_LOOP('',(#6505,#6506,#6507,#6508,#6509,#6510,#6511,#6512));
#1221=EDGE_LOOP('',(#6513,#6514,#6515,#6516,#6517,#6518,#6519,#6520,#6521));
#1222=EDGE_LOOP('',(#6522,#6523,#6524,#6525,#6526,#6527,#6528,#6529,#6530,
#6531,#6532,#6533,#6534,#6535,#6536,#6537,#6538,#6539,#6540,#6541,#6542,
#6543,#6544,#6545,#6546,#6547,#6548,#6549,#6550,#6551,#6552,#6553,#6554,
#6555,#6556));
#1223=EDGE_LOOP('',(#6557,#6558,#6559,#6560,#6561,#6562,#6563,#6564,#6565,
#6566,#6567,#6568,#6569,#6570,#6571,#6572,#6573,#6574,#6575,#6576,#6577,
#6578,#6579,#6580,#6581,#6582,#6583,#6584,#6585));
#1224=EDGE_LOOP('',(#6586,#6587,#6588,#6589,#6590,#6591,#6592,#6593));
#1225=EDGE_LOOP('',(#6594,#6595,#6596,#6597,#6598,#6599,#6600,#6601,#6602,
#6603,#6604,#6605));
#1226=EDGE_LOOP('',(#6606,#6607,#6608,#6609,#6610,#6611,#6612,#6613,#6614,
#6615,#6616));
#1227=EDGE_LOOP('',(#6617,#6618,#6619,#6620,#6621,#6622,#6623,#6624,#6625,
#6626,#6627,#6628,#6629,#6630,#6631,#6632,#6633,#6634,#6635,#6636,#6637,
#6638));
#1228=EDGE_LOOP('',(#6639,#6640,#6641,#6642,#6643,#6644,#6645,#6646,#6647,
#6648,#6649,#6650));
#1229=EDGE_LOOP('',(#6651,#6652,#6653,#6654,#6655,#6656,#6657,#6658,#6659,
#6660,#6661,#6662));
#1230=EDGE_LOOP('',(#6663,#6664,#6665,#6666,#6667,#6668,#6669,#6670));
#1231=EDGE_LOOP('',(#6671,#6672,#6673,#6674,#6675,#6676,#6677,#6678));
#1232=EDGE_LOOP('',(#6679));
#1233=EDGE_LOOP('',(#6680,#6681,#6682,#6683,#6684,#6685,#6686,#6687));
#1234=EDGE_LOOP('',(#6688,#6689,#6690,#6691,#6692,#6693,#6694,#6695));
#1235=EDGE_LOOP('',(#6696,#6697,#6698,#6699));
#1236=EDGE_LOOP('',(#6700,#6701,#6702,#6703,#6704,#6705,#6706,#6707));
#1237=EDGE_LOOP('',(#6708,#6709,#6710,#6711,#6712,#6713,#6714,#6715));
#1238=EDGE_LOOP('',(#6716));
#1239=EDGE_LOOP('',(#6717));
#1240=EDGE_LOOP('',(#6718));
#1241=EDGE_LOOP('',(#6719,#6720,#6721,#6722));
#1242=EDGE_LOOP('',(#6723,#6724,#6725,#6726,#6727,#6728,#6729,#6730));
#1243=EDGE_LOOP('',(#6731,#6732,#6733,#6734,#6735,#6736,#6737,#6738));
#1244=EDGE_LOOP('',(#6739,#6740,#6741,#6742,#6743,#6744,#6745,#6746,#6747,
#6748,#6749,#6750));
#1245=EDGE_LOOP('',(#6751,#6752,#6753,#6754));
#1246=EDGE_LOOP('',(#6755,#6756,#6757,#6758));
#1247=EDGE_LOOP('',(#6759,#6760,#6761,#6762));
#1248=EDGE_LOOP('',(#6763,#6764,#6765,#6766));
#1249=EDGE_LOOP('',(#6767,#6768,#6769,#6770));
#1250=EDGE_LOOP('',(#6771,#6772,#6773,#6774));
#1251=EDGE_LOOP('',(#6775,#6776,#6777,#6778));
#1252=EDGE_LOOP('',(#6779,#6780,#6781,#6782));
#1253=EDGE_LOOP('',(#6783,#6784,#6785,#6786));
#1254=EDGE_LOOP('',(#6787,#6788,#6789,#6790));
#1255=EDGE_LOOP('',(#6791,#6792,#6793,#6794));
#1256=EDGE_LOOP('',(#6795,#6796,#6797,#6798));
#1257=EDGE_LOOP('',(#6799,#6800,#6801,#6802));
#1258=EDGE_LOOP('',(#6803,#6804,#6805,#6806,#6807,#6808,#6809,#6810));
#1259=EDGE_LOOP('',(#6811,#6812,#6813,#6814,#6815));
#1260=EDGE_LOOP('',(#6816,#6817,#6818,#6819,#6820,#6821,#6822,#6823,#6824,
#6825));
#1261=EDGE_LOOP('',(#6826,#6827,#6828,#6829));
#1262=EDGE_LOOP('',(#6830,#6831,#6832,#6833));
#1263=EDGE_LOOP('',(#6834,#6835,#6836,#6837));
#1264=EDGE_LOOP('',(#6838,#6839,#6840,#6841));
#1265=EDGE_LOOP('',(#6842,#6843,#6844,#6845));
#1266=EDGE_LOOP('',(#6846,#6847,#6848,#6849));
#1267=EDGE_LOOP('',(#6850,#6851,#6852,#6853));
#1268=EDGE_LOOP('',(#6854,#6855,#6856,#6857));
#1269=EDGE_LOOP('',(#6858,#6859,#6860,#6861));
#1270=EDGE_LOOP('',(#6862,#6863,#6864,#6865));
#1271=EDGE_LOOP('',(#6866,#6867,#6868,#6869));
#1272=EDGE_LOOP('',(#6870,#6871,#6872,#6873));
#1273=EDGE_LOOP('',(#6874,#6875,#6876,#6877,#6878,#6879,#6880,#6881,#6882,
#6883,#6884,#6885));
#1274=EDGE_LOOP('',(#6886,#6887,#6888,#6889));
#1275=EDGE_LOOP('',(#6890,#6891,#6892,#6893));
#1276=EDGE_LOOP('',(#6894,#6895,#6896,#6897));
#1277=EDGE_LOOP('',(#6898,#6899,#6900,#6901));
#1278=EDGE_LOOP('',(#6902,#6903,#6904,#6905));
#1279=EDGE_LOOP('',(#6906,#6907,#6908,#6909));
#1280=EDGE_LOOP('',(#6910,#6911,#6912,#6913));
#1281=EDGE_LOOP('',(#6914,#6915,#6916,#6917));
#1282=EDGE_LOOP('',(#6918,#6919,#6920,#6921));
#1283=EDGE_LOOP('',(#6922,#6923,#6924,#6925));
#1284=EDGE_LOOP('',(#6926,#6927,#6928,#6929));
#1285=EDGE_LOOP('',(#6930,#6931,#6932,#6933));
#1286=EDGE_LOOP('',(#6934,#6935,#6936,#6937));
#1287=EDGE_LOOP('',(#6938,#6939,#6940,#6941,#6942,#6943,#6944,#6945));
#1288=EDGE_LOOP('',(#6946,#6947,#6948,#6949,#6950));
#1289=EDGE_LOOP('',(#6951,#6952,#6953,#6954,#6955));
#1290=EDGE_LOOP('',(#6956,#6957,#6958,#6959));
#1291=EDGE_LOOP('',(#6960,#6961,#6962,#6963));
#1292=EDGE_LOOP('',(#6964,#6965,#6966,#6967));
#1293=EDGE_LOOP('',(#6968,#6969,#6970,#6971));
#1294=EDGE_LOOP('',(#6972,#6973,#6974,#6975));
#1295=EDGE_LOOP('',(#6976,#6977,#6978,#6979));
#1296=EDGE_LOOP('',(#6980,#6981,#6982,#6983));
#1297=EDGE_LOOP('',(#6984,#6985,#6986,#6987));
#1298=EDGE_LOOP('',(#6988,#6989,#6990,#6991));
#1299=EDGE_LOOP('',(#6992,#6993,#6994,#6995));
#1300=EDGE_LOOP('',(#6996,#6997,#6998,#6999));
#1301=EDGE_LOOP('',(#7000,#7001,#7002,#7003));
#1302=EDGE_LOOP('',(#7004,#7005,#7006,#7007));
#1303=EDGE_LOOP('',(#7008,#7009,#7010,#7011));
#1304=EDGE_LOOP('',(#7012,#7013,#7014,#7015));
#1305=EDGE_LOOP('',(#7016,#7017,#7018,#7019));
#1306=EDGE_LOOP('',(#7020,#7021,#7022,#7023));
#1307=EDGE_LOOP('',(#7024,#7025,#7026,#7027));
#1308=EDGE_LOOP('',(#7028,#7029,#7030,#7031));
#1309=EDGE_LOOP('',(#7032,#7033,#7034,#7035,#7036,#7037,#7038,#7039,#7040,
#7041,#7042));
#1310=EDGE_LOOP('',(#7043,#7044,#7045,#7046,#7047,#7048,#7049,#7050));
#1311=EDGE_LOOP('',(#7051,#7052,#7053,#7054,#7055));
#1312=EDGE_LOOP('',(#7056,#7057,#7058,#7059));
#1313=EDGE_LOOP('',(#7060,#7061,#7062,#7063));
#1314=EDGE_LOOP('',(#7064,#7065,#7066,#7067));
#1315=EDGE_LOOP('',(#7068,#7069,#7070,#7071));
#1316=EDGE_LOOP('',(#7072,#7073,#7074,#7075));
#1317=EDGE_LOOP('',(#7076,#7077,#7078,#7079));
#1318=EDGE_LOOP('',(#7080,#7081,#7082,#7083));
#1319=EDGE_LOOP('',(#7084,#7085,#7086,#7087));
#1320=EDGE_LOOP('',(#7088,#7089,#7090,#7091));
#1321=EDGE_LOOP('',(#7092,#7093,#7094,#7095));
#1322=EDGE_LOOP('',(#7096,#7097,#7098,#7099));
#1323=EDGE_LOOP('',(#7100,#7101,#7102,#7103));
#1324=EDGE_LOOP('',(#7104,#7105,#7106,#7107));
#1325=EDGE_LOOP('',(#7108,#7109,#7110,#7111));
#1326=EDGE_LOOP('',(#7112,#7113,#7114,#7115));
#1327=EDGE_LOOP('',(#7116,#7117,#7118,#7119));
#1328=EDGE_LOOP('',(#7120,#7121,#7122,#7123));
#1329=EDGE_LOOP('',(#7124,#7125,#7126,#7127));
#1330=EDGE_LOOP('',(#7128,#7129,#7130,#7131));
#1331=EDGE_LOOP('',(#7132,#7133,#7134,#7135));
#1332=EDGE_LOOP('',(#7136,#7137,#7138,#7139));
#1333=EDGE_LOOP('',(#7140,#7141,#7142,#7143));
#1334=EDGE_LOOP('',(#7144,#7145,#7146,#7147,#7148,#7149,#7150,#7151,#7152,
#7153,#7154,#7155,#7156,#7157,#7158,#7159,#7160,#7161,#7162,#7163,#7164,
#7165));
#1335=EDGE_LOOP('',(#7166,#7167,#7168,#7169));
#1336=EDGE_LOOP('',(#7170,#7171,#7172,#7173));
#1337=EDGE_LOOP('',(#7174,#7175,#7176,#7177));
#1338=EDGE_LOOP('',(#7178,#7179,#7180,#7181));
#1339=EDGE_LOOP('',(#7182,#7183,#7184,#7185));
#1340=EDGE_LOOP('',(#7186,#7187,#7188,#7189));
#1341=EDGE_LOOP('',(#7190,#7191,#7192,#7193));
#1342=EDGE_LOOP('',(#7194,#7195,#7196,#7197));
#1343=EDGE_LOOP('',(#7198,#7199,#7200,#7201));
#1344=EDGE_LOOP('',(#7202,#7203,#7204,#7205));
#1345=EDGE_LOOP('',(#7206,#7207,#7208,#7209));
#1346=EDGE_LOOP('',(#7210,#7211,#7212,#7213));
#1347=EDGE_LOOP('',(#7214,#7215,#7216,#7217,#7218,#7219,#7220,#7221,#7222,
#7223,#7224,#7225));
#1348=EDGE_LOOP('',(#7226,#7227,#7228,#7229));
#1349=EDGE_LOOP('',(#7230,#7231,#7232,#7233));
#1350=EDGE_LOOP('',(#7234,#7235,#7236,#7237));
#1351=EDGE_LOOP('',(#7238,#7239,#7240,#7241));
#1352=EDGE_LOOP('',(#7242,#7243,#7244,#7245));
#1353=EDGE_LOOP('',(#7246,#7247,#7248,#7249));
#1354=EDGE_LOOP('',(#7250,#7251,#7252,#7253));
#1355=EDGE_LOOP('',(#7254,#7255,#7256,#7257));
#1356=EDGE_LOOP('',(#7258,#7259,#7260,#7261));
#1357=EDGE_LOOP('',(#7262,#7263,#7264,#7265));
#1358=EDGE_LOOP('',(#7266,#7267,#7268,#7269));
#1359=EDGE_LOOP('',(#7270,#7271,#7272,#7273));
#1360=EDGE_LOOP('',(#7274,#7275,#7276,#7277,#7278,#7279,#7280,#7281,#7282,
#7283,#7284,#7285));
#1361=EDGE_LOOP('',(#7286,#7287,#7288,#7289));
#1362=EDGE_LOOP('',(#7290,#7291,#7292,#7293));
#1363=EDGE_LOOP('',(#7294,#7295,#7296,#7297));
#1364=EDGE_LOOP('',(#7298,#7299,#7300,#7301));
#1365=EDGE_LOOP('',(#7302,#7303,#7304,#7305));
#1366=EDGE_LOOP('',(#7306,#7307,#7308,#7309));
#1367=EDGE_LOOP('',(#7310,#7311,#7312,#7313));
#1368=EDGE_LOOP('',(#7314,#7315,#7316,#7317));
#1369=EDGE_LOOP('',(#7318,#7319,#7320,#7321));
#1370=EDGE_LOOP('',(#7322,#7323,#7324,#7325));
#1371=EDGE_LOOP('',(#7326,#7327,#7328,#7329));
#1372=EDGE_LOOP('',(#7330,#7331,#7332,#7333));
#1373=EDGE_LOOP('',(#7334,#7335,#7336,#7337));
#1374=EDGE_LOOP('',(#7338,#7339,#7340,#7341,#7342,#7343,#7344,#7345));
#1375=EDGE_LOOP('',(#7346,#7347,#7348,#7349,#7350));
#1376=EDGE_LOOP('',(#7351,#7352,#7353,#7354,#7355,#7356,#7357,#7358));
#1377=EDGE_LOOP('',(#7359,#7360,#7361,#7362));
#1378=EDGE_LOOP('',(#7363,#7364,#7365,#7366));
#1379=EDGE_LOOP('',(#7367,#7368,#7369,#7370));
#1380=EDGE_LOOP('',(#7371,#7372,#7373,#7374));
#1381=EDGE_LOOP('',(#7375,#7376,#7377,#7378));
#1382=EDGE_LOOP('',(#7379,#7380,#7381,#7382));
#1383=EDGE_LOOP('',(#7383,#7384,#7385,#7386));
#1384=EDGE_LOOP('',(#7387,#7388,#7389,#7390));
#1385=EDGE_LOOP('',(#7391,#7392,#7393,#7394));
#1386=EDGE_LOOP('',(#7395,#7396,#7397,#7398));
#1387=EDGE_LOOP('',(#7399,#7400,#7401,#7402));
#1388=EDGE_LOOP('',(#7403,#7404,#7405,#7406));
#1389=EDGE_LOOP('',(#7407,#7408,#7409,#7410));
#1390=EDGE_LOOP('',(#7411,#7412,#7413,#7414));
#1391=EDGE_LOOP('',(#7415,#7416,#7417,#7418));
#1392=EDGE_LOOP('',(#7419,#7420,#7421,#7422));
#1393=EDGE_LOOP('',(#7423,#7424,#7425,#7426));
#1394=EDGE_LOOP('',(#7427,#7428,#7429,#7430,#7431,#7432,#7433,#7434,#7435,
#7436,#7437,#7438));
#1395=EDGE_LOOP('',(#7439,#7440,#7441,#7442));
#1396=EDGE_LOOP('',(#7443,#7444,#7445,#7446));
#1397=EDGE_LOOP('',(#7447,#7448,#7449,#7450));
#1398=EDGE_LOOP('',(#7451,#7452,#7453,#7454));
#1399=EDGE_LOOP('',(#7455,#7456,#7457,#7458));
#1400=EDGE_LOOP('',(#7459,#7460,#7461,#7462));
#1401=EDGE_LOOP('',(#7463,#7464,#7465,#7466));
#1402=EDGE_LOOP('',(#7467,#7468,#7469,#7470));
#1403=EDGE_LOOP('',(#7471,#7472,#7473,#7474));
#1404=EDGE_LOOP('',(#7475,#7476,#7477,#7478));
#1405=EDGE_LOOP('',(#7479,#7480,#7481,#7482));
#1406=EDGE_LOOP('',(#7483,#7484,#7485,#7486));
#1407=EDGE_LOOP('',(#7487,#7488,#7489,#7490));
#1408=EDGE_LOOP('',(#7491,#7492,#7493,#7494));
#1409=EDGE_LOOP('',(#7495,#7496,#7497,#7498));
#1410=EDGE_LOOP('',(#7499,#7500,#7501,#7502));
#1411=EDGE_LOOP('',(#7503,#7504,#7505,#7506));
#1412=EDGE_LOOP('',(#7507,#7508,#7509,#7510));
#1413=EDGE_LOOP('',(#7511,#7512,#7513,#7514));
#1414=EDGE_LOOP('',(#7515,#7516,#7517,#7518));
#1415=EDGE_LOOP('',(#7519,#7520,#7521,#7522,#7523,#7524,#7525,#7526,#7527,
#7528,#7529,#7530,#7531,#7532,#7533,#7534,#7535,#7536,#7537,#7538));
#1416=EDGE_LOOP('',(#7539,#7540,#7541,#7542));
#1417=EDGE_LOOP('',(#7543,#7544,#7545,#7546));
#1418=EDGE_LOOP('',(#7547,#7548,#7549,#7550));
#1419=EDGE_LOOP('',(#7551,#7552,#7553,#7554));
#1420=EDGE_LOOP('',(#7555,#7556,#7557,#7558));
#1421=EDGE_LOOP('',(#7559,#7560,#7561,#7562));
#1422=EDGE_LOOP('',(#7563,#7564,#7565,#7566));
#1423=EDGE_LOOP('',(#7567,#7568,#7569,#7570));
#1424=EDGE_LOOP('',(#7571,#7572,#7573,#7574));
#1425=EDGE_LOOP('',(#7575,#7576,#7577,#7578));
#1426=EDGE_LOOP('',(#7579,#7580,#7581,#7582));
#1427=EDGE_LOOP('',(#7583,#7584,#7585,#7586));
#1428=EDGE_LOOP('',(#7587,#7588,#7589,#7590,#7591,#7592,#7593,#7594,#7595,
#7596,#7597,#7598));
#1429=EDGE_LOOP('',(#7599,#7600,#7601,#7602));
#1430=EDGE_LOOP('',(#7603,#7604,#7605,#7606));
#1431=EDGE_LOOP('',(#7607,#7608,#7609,#7610));
#1432=EDGE_LOOP('',(#7611,#7612,#7613,#7614));
#1433=EDGE_LOOP('',(#7615,#7616,#7617,#7618));
#1434=EDGE_LOOP('',(#7619,#7620,#7621,#7622));
#1435=EDGE_LOOP('',(#7623,#7624,#7625,#7626));
#1436=EDGE_LOOP('',(#7627,#7628,#7629,#7630));
#1437=EDGE_LOOP('',(#7631,#7632,#7633,#7634));
#1438=EDGE_LOOP('',(#7635,#7636,#7637,#7638));
#1439=EDGE_LOOP('',(#7639,#7640,#7641,#7642));
#1440=EDGE_LOOP('',(#7643,#7644,#7645,#7646));
#1441=EDGE_LOOP('',(#7647,#7648,#7649,#7650,#7651,#7652,#7653,#7654,#7655));
#1442=EDGE_LOOP('',(#7656,#7657,#7658));
#1443=EDGE_LOOP('',(#7659,#7660,#7661,#7662,#7663,#7664,#7665,#7666));
#1444=EDGE_LOOP('',(#7667,#7668,#7669,#7670,#7671,#7672,#7673,#7674,#7675,
#7676,#7677,#7678));
#1445=EDGE_LOOP('',(#7679,#7680,#7681,#7682,#7683,#7684,#7685,#7686,#7687,
#7688,#7689,#7690,#7691,#7692,#7693,#7694,#7695,#7696,#7697,#7698));
#1446=EDGE_LOOP('',(#7699,#7700,#7701,#7702,#7703,#7704,#7705,#7706,#7707,
#7708,#7709,#7710));
#1447=EDGE_LOOP('',(#7711,#7712,#7713,#7714,#7715,#7716,#7717,#7718,#7719));
#1448=EDGE_LOOP('',(#7720,#7721,#7722,#7723,#7724,#7725,#7726,#7727,#7728,
#7729,#7730,#7731,#7732,#7733,#7734,#7735,#7736,#7737,#7738,#7739,#7740,
#7741,#7742,#7743,#7744,#7745));
#1449=EDGE_LOOP('',(#7746,#7747,#7748,#7749,#7750,#7751,#7752,#7753,#7754));
#1450=EDGE_LOOP('',(#7755,#7756,#7757,#7758,#7759,#7760,#7761,#7762));
#1451=EDGE_LOOP('',(#7763));
#1452=EDGE_LOOP('',(#7764));
#1453=EDGE_LOOP('',(#7765));
#1454=EDGE_LOOP('',(#7766,#7767,#7768,#7769,#7770,#7771,#7772,#7773));
#1455=EDGE_LOOP('',(#7774,#7775,#7776,#7777,#7778,#7779,#7780,#7781));
#1456=EDGE_LOOP('',(#7782,#7783,#7784,#7785));
#1457=EDGE_LOOP('',(#7786,#7787,#7788,#7789,#7790,#7791,#7792,#7793));
#1458=EDGE_LOOP('',(#7794,#7795,#7796,#7797,#7798,#7799,#7800,#7801));
#1459=EDGE_LOOP('',(#7802));
#1460=EDGE_LOOP('',(#7803,#7804,#7805,#7806,#7807,#7808,#7809,#7810));
#1461=EDGE_LOOP('',(#7811,#7812,#7813,#7814,#7815,#7816,#7817,#7818));
#1462=EDGE_LOOP('',(#7819,#7820,#7821,#7822,#7823,#7824,#7825,#7826,#7827));
#1463=EDGE_LOOP('',(#7828,#7829,#7830,#7831,#7832,#7833,#7834,#7835,#7836,
#7837));
#1464=EDGE_LOOP('',(#7838,#7839,#7840,#7841,#7842,#7843,#7844,#7845,#7846,
#7847,#7848,#7849,#7850,#7851,#7852,#7853,#7854,#7855,#7856,#7857,#7858,
#7859));
#1465=EDGE_LOOP('',(#7860,#7861,#7862,#7863,#7864,#7865,#7866,#7867,#7868,
#7869,#7870,#7871));
#1466=EDGE_LOOP('',(#7872,#7873,#7874,#7875));
#1467=EDGE_LOOP('',(#7876,#7877,#7878,#7879,#7880,#7881,#7882,#7883,#7884));
#1468=EDGE_LOOP('',(#7885,#7886,#7887,#7888));
#1469=EDGE_LOOP('',(#7889,#7890,#7891,#7892));
#1470=EDGE_LOOP('',(#7893,#7894,#7895,#7896));
#1471=EDGE_LOOP('',(#7897,#7898,#7899,#7900));
#1472=EDGE_LOOP('',(#7901,#7902,#7903,#7904));
#1473=EDGE_LOOP('',(#7905,#7906,#7907,#7908));
#1474=EDGE_LOOP('',(#7909,#7910,#7911,#7912));
#1475=EDGE_LOOP('',(#7913,#7914,#7915,#7916));
#1476=EDGE_LOOP('',(#7917,#7918,#7919,#7920));
#1477=EDGE_LOOP('',(#7921,#7922,#7923,#7924));
#1478=EDGE_LOOP('',(#7925,#7926,#7927,#7928));
#1479=EDGE_LOOP('',(#7929,#7930,#7931,#7932));
#1480=EDGE_LOOP('',(#7933,#7934,#7935,#7936));
#1481=EDGE_LOOP('',(#7937,#7938,#7939,#7940));
#1482=EDGE_LOOP('',(#7941,#7942,#7943,#7944));
#1483=EDGE_LOOP('',(#7945,#7946,#7947,#7948));
#1484=EDGE_LOOP('',(#7949,#7950,#7951,#7952));
#1485=EDGE_LOOP('',(#7953,#7954,#7955,#7956,#7957,#7958,#7959,#7960,#7961,
#7962,#7963,#7964));
#1486=EDGE_LOOP('',(#7965,#7966,#7967,#7968));
#1487=EDGE_LOOP('',(#7969,#7970,#7971,#7972));
#1488=EDGE_LOOP('',(#7973,#7974,#7975,#7976));
#1489=EDGE_LOOP('',(#7977,#7978,#7979,#7980));
#1490=EDGE_LOOP('',(#7981,#7982,#7983,#7984));
#1491=EDGE_LOOP('',(#7985,#7986,#7987,#7988));
#1492=EDGE_LOOP('',(#7989,#7990,#7991,#7992));
#1493=EDGE_LOOP('',(#7993,#7994,#7995,#7996));
#1494=EDGE_LOOP('',(#7997,#7998,#7999,#8000));
#1495=EDGE_LOOP('',(#8001,#8002,#8003,#8004));
#1496=EDGE_LOOP('',(#8005,#8006,#8007,#8008));
#1497=EDGE_LOOP('',(#8009,#8010,#8011,#8012));
#1498=EDGE_LOOP('',(#8013,#8014,#8015,#8016));
#1499=EDGE_LOOP('',(#8017,#8018,#8019,#8020));
#1500=EDGE_LOOP('',(#8021,#8022,#8023,#8024));
#1501=EDGE_LOOP('',(#8025,#8026,#8027,#8028));
#1502=EDGE_LOOP('',(#8029,#8030,#8031,#8032));
#1503=EDGE_LOOP('',(#8033,#8034,#8035,#8036));
#1504=EDGE_LOOP('',(#8037,#8038,#8039,#8040));
#1505=EDGE_LOOP('',(#8041,#8042,#8043,#8044));
#1506=EDGE_LOOP('',(#8045,#8046,#8047,#8048));
#1507=EDGE_LOOP('',(#8049,#8050,#8051,#8052));
#1508=EDGE_LOOP('',(#8053,#8054,#8055,#8056,#8057,#8058,#8059,#8060,#8061,
#8062,#8063,#8064,#8065,#8066,#8067,#8068,#8069,#8070,#8071,#8072,#8073,
#8074));
#1509=EDGE_LOOP('',(#8075,#8076,#8077,#8078));
#1510=EDGE_LOOP('',(#8079,#8080,#8081,#8082));
#1511=EDGE_LOOP('',(#8083,#8084,#8085,#8086));
#1512=EDGE_LOOP('',(#8087,#8088,#8089,#8090));
#1513=EDGE_LOOP('',(#8091,#8092,#8093,#8094));
#1514=EDGE_LOOP('',(#8095,#8096,#8097,#8098));
#1515=EDGE_LOOP('',(#8099,#8100,#8101,#8102));
#1516=EDGE_LOOP('',(#8103,#8104,#8105,#8106));
#1517=EDGE_LOOP('',(#8107,#8108,#8109,#8110));
#1518=EDGE_LOOP('',(#8111,#8112,#8113,#8114));
#1519=EDGE_LOOP('',(#8115,#8116,#8117,#8118));
#1520=EDGE_LOOP('',(#8119,#8120,#8121,#8122));
#1521=EDGE_LOOP('',(#8123,#8124,#8125,#8126,#8127,#8128,#8129,#8130,#8131));
#1522=EDGE_LOOP('',(#8132,#8133,#8134));
#1523=EDGE_LOOP('',(#8135,#8136,#8137));
#1524=EDGE_LOOP('',(#8138,#8139,#8140,#8141));
#1525=EDGE_LOOP('',(#8142,#8143,#8144,#8145));
#1526=EDGE_LOOP('',(#8146,#8147,#8148,#8149));
#1527=EDGE_LOOP('',(#8150,#8151,#8152,#8153));
#1528=EDGE_LOOP('',(#8154,#8155,#8156,#8157));
#1529=EDGE_LOOP('',(#8158,#8159,#8160,#8161));
#1530=EDGE_LOOP('',(#8162,#8163,#8164,#8165));
#1531=EDGE_LOOP('',(#8166,#8167,#8168,#8169));
#1532=EDGE_LOOP('',(#8170,#8171,#8172,#8173));
#1533=EDGE_LOOP('',(#8174,#8175,#8176,#8177));
#1534=EDGE_LOOP('',(#8178,#8179,#8180,#8181));
#1535=EDGE_LOOP('',(#8182,#8183,#8184,#8185));
#1536=EDGE_LOOP('',(#8186,#8187,#8188,#8189));
#1537=EDGE_LOOP('',(#8190,#8191,#8192,#8193));
#1538=EDGE_LOOP('',(#8194,#8195,#8196,#8197));
#1539=EDGE_LOOP('',(#8198,#8199,#8200,#8201));
#1540=EDGE_LOOP('',(#8202,#8203,#8204,#8205));
#1541=EDGE_LOOP('',(#8206,#8207,#8208,#8209));
#1542=EDGE_LOOP('',(#8210,#8211,#8212,#8213));
#1543=EDGE_LOOP('',(#8214,#8215,#8216,#8217));
#1544=EDGE_LOOP('',(#8218,#8219,#8220,#8221));
#1545=EDGE_LOOP('',(#8222,#8223,#8224,#8225));
#1546=EDGE_LOOP('',(#8226,#8227,#8228,#8229));
#1547=EDGE_LOOP('',(#8230,#8231,#8232,#8233));
#1548=EDGE_LOOP('',(#8234,#8235,#8236,#8237));
#1549=EDGE_LOOP('',(#8238,#8239,#8240,#8241));
#1550=EDGE_LOOP('',(#8242,#8243,#8244,#8245,#8246,#8247,#8248,#8249,#8250,
#8251,#8252,#8253,#8254,#8255,#8256,#8257,#8258,#8259,#8260,#8261,#8262,
#8263,#8264,#8265,#8266,#8267));
#1551=EDGE_LOOP('',(#8268,#8269,#8270,#8271));
#1552=EDGE_LOOP('',(#8272,#8273,#8274,#8275));
#1553=EDGE_LOOP('',(#8276,#8277,#8278,#8279));
#1554=EDGE_LOOP('',(#8280,#8281,#8282,#8283));
#1555=EDGE_LOOP('',(#8284,#8285,#8286,#8287));
#1556=EDGE_LOOP('',(#8288,#8289,#8290,#8291));
#1557=EDGE_LOOP('',(#8292,#8293,#8294,#8295));
#1558=EDGE_LOOP('',(#8296,#8297,#8298,#8299));
#1559=EDGE_LOOP('',(#8300,#8301,#8302,#8303));
#1560=EDGE_LOOP('',(#8304,#8305,#8306,#8307,#8308,#8309,#8310,#8311,#8312));
#1561=EDGE_LOOP('',(#8313,#8314,#8315,#8316));
#1562=EDGE_LOOP('',(#8317,#8318,#8319,#8320));
#1563=EDGE_LOOP('',(#8321,#8322,#8323,#8324));
#1564=EDGE_LOOP('',(#8325,#8326,#8327,#8328));
#1565=EDGE_LOOP('',(#8329,#8330,#8331,#8332));
#1566=EDGE_LOOP('',(#8333,#8334,#8335,#8336));
#1567=EDGE_LOOP('',(#8337,#8338,#8339,#8340));
#1568=EDGE_LOOP('',(#8341,#8342,#8343,#8344));
#1569=EDGE_LOOP('',(#8345,#8346,#8347,#8348));
#1570=EDGE_LOOP('',(#8349,#8350,#8351,#8352));
#1571=EDGE_LOOP('',(#8353,#8354,#8355,#8356));
#1572=EDGE_LOOP('',(#8357,#8358,#8359,#8360));
#1573=EDGE_LOOP('',(#8361,#8362,#8363,#8364));
#1574=EDGE_LOOP('',(#8365,#8366,#8367,#8368));
#1575=EDGE_LOOP('',(#8369,#8370,#8371,#8372,#8373,#8374,#8375,#8376,#8377,
#8378));
#1576=EDGE_LOOP('',(#8379,#8380,#8381,#8382));
#1577=EDGE_LOOP('',(#8383,#8384,#8385));
#1578=EDGE_LOOP('',(#8386,#8387,#8388,#8389));
#1579=EDGE_LOOP('',(#8390,#8391,#8392,#8393));
#1580=EDGE_LOOP('',(#8394,#8395,#8396,#8397));
#1581=EDGE_LOOP('',(#8398,#8399,#8400,#8401));
#1582=EDGE_LOOP('',(#8402,#8403,#8404,#8405));
#1583=EDGE_LOOP('',(#8406,#8407,#8408,#8409));
#1584=EDGE_LOOP('',(#8410,#8411,#8412,#8413));
#1585=EDGE_LOOP('',(#8414,#8415,#8416,#8417));
#1586=EDGE_LOOP('',(#8418,#8419,#8420,#8421));
#1587=EDGE_LOOP('',(#8422,#8423,#8424,#8425));
#1588=EDGE_LOOP('',(#8426,#8427,#8428,#8429));
#1589=EDGE_LOOP('',(#8430,#8431,#8432,#8433));
#1590=EDGE_LOOP('',(#8434,#8435,#8436,#8437));
#1591=EDGE_LOOP('',(#8438,#8439,#8440,#8441));
#1592=EDGE_LOOP('',(#8442,#8443,#8444,#8445));
#1593=EDGE_LOOP('',(#8446,#8447,#8448,#8449));
#1594=EDGE_LOOP('',(#8450,#8451,#8452,#8453,#8454,#8455,#8456,#8457));
#1595=EDGE_LOOP('',(#8458,#8459,#8460,#8461,#8462,#8463,#8464,#8465));
#1596=EDGE_LOOP('',(#8466,#8467,#8468,#8469));
#1597=EDGE_LOOP('',(#8470,#8471,#8472,#8473));
#1598=EDGE_LOOP('',(#8474,#8475,#8476,#8477));
#1599=EDGE_LOOP('',(#8478,#8479,#8480,#8481));
#1600=EDGE_LOOP('',(#8482,#8483,#8484,#8485));
#1601=EDGE_LOOP('',(#8486,#8487,#8488,#8489));
#1602=EDGE_LOOP('',(#8490,#8491,#8492,#8493));
#1603=EDGE_LOOP('',(#8494,#8495,#8496,#8497));
#1604=EDGE_LOOP('',(#8498,#8499,#8500,#8501));
#1605=EDGE_LOOP('',(#8502,#8503,#8504,#8505));
#1606=EDGE_LOOP('',(#8506,#8507,#8508,#8509));
#1607=EDGE_LOOP('',(#8510,#8511,#8512,#8513));
#1608=EDGE_LOOP('',(#8514,#8515,#8516,#8517));
#1609=EDGE_LOOP('',(#8518,#8519,#8520,#8521,#8522,#8523,#8524,#8525,#8526));
#1610=EDGE_LOOP('',(#8527,#8528,#8529));
#1611=EDGE_LOOP('',(#8530,#8531,#8532,#8533,#8534,#8535,#8536,#8537));
#1612=EDGE_LOOP('',(#8538,#8539,#8540,#8541));
#1613=EDGE_LOOP('',(#8542,#8543,#8544,#8545));
#1614=EDGE_LOOP('',(#8546,#8547,#8548,#8549));
#1615=EDGE_LOOP('',(#8550,#8551,#8552,#8553));
#1616=EDGE_LOOP('',(#8554,#8555,#8556,#8557));
#1617=EDGE_LOOP('',(#8558,#8559,#8560,#8561));
#1618=EDGE_LOOP('',(#8562,#8563,#8564,#8565));
#1619=EDGE_LOOP('',(#8566,#8567,#8568,#8569));
#1620=EDGE_LOOP('',(#8570,#8571,#8572));
#1621=EDGE_LOOP('',(#8573,#8574,#8575,#8576,#8577));
#1622=EDGE_LOOP('',(#8578,#8579,#8580,#8581));
#1623=EDGE_LOOP('',(#8582,#8583,#8584,#8585));
#1624=EDGE_LOOP('',(#8586,#8587,#8588,#8589));
#1625=EDGE_LOOP('',(#8590,#8591,#8592,#8593));
#1626=EDGE_LOOP('',(#8594,#8595,#8596,#8597));
#1627=EDGE_LOOP('',(#8598,#8599,#8600,#8601));
#1628=EDGE_LOOP('',(#8602,#8603,#8604,#8605));
#1629=EDGE_LOOP('',(#8606,#8607,#8608,#8609));
#1630=EDGE_LOOP('',(#8610,#8611,#8612,#8613));
#1631=EDGE_LOOP('',(#8614,#8615,#8616,#8617));
#1632=EDGE_LOOP('',(#8618,#8619,#8620,#8621));
#1633=EDGE_LOOP('',(#8622,#8623,#8624,#8625));
#1634=EDGE_LOOP('',(#8626,#8627,#8628,#8629));
#1635=EDGE_LOOP('',(#8630,#8631,#8632,#8633));
#1636=EDGE_LOOP('',(#8634,#8635,#8636,#8637));
#1637=EDGE_LOOP('',(#8638,#8639,#8640,#8641));
#1638=EDGE_LOOP('',(#8642,#8643,#8644,#8645));
#1639=EDGE_LOOP('',(#8646,#8647,#8648,#8649));
#1640=EDGE_LOOP('',(#8650,#8651,#8652,#8653));
#1641=EDGE_LOOP('',(#8654,#8655,#8656,#8657));
#1642=EDGE_LOOP('',(#8658,#8659,#8660,#8661));
#1643=EDGE_LOOP('',(#8662,#8663,#8664,#8665));
#1644=EDGE_LOOP('',(#8666,#8667,#8668,#8669));
#1645=EDGE_LOOP('',(#8670,#8671,#8672,#8673));
#1646=EDGE_LOOP('',(#8674,#8675,#8676,#8677));
#1647=EDGE_LOOP('',(#8678,#8679,#8680,#8681));
#1648=EDGE_LOOP('',(#8682,#8683,#8684,#8685));
#1649=EDGE_LOOP('',(#8686,#8687,#8688,#8689));
#1650=EDGE_LOOP('',(#8690,#8691,#8692,#8693));
#1651=EDGE_LOOP('',(#8694,#8695,#8696,#8697));
#1652=EDGE_LOOP('',(#8698,#8699,#8700,#8701));
#1653=EDGE_LOOP('',(#8702,#8703,#8704,#8705));
#1654=EDGE_LOOP('',(#8706,#8707,#8708,#8709));
#1655=EDGE_LOOP('',(#8710,#8711,#8712,#8713));
#1656=EDGE_LOOP('',(#8714,#8715,#8716,#8717));
#1657=EDGE_LOOP('',(#8718,#8719,#8720,#8721));
#1658=EDGE_LOOP('',(#8722,#8723,#8724,#8725));
#1659=EDGE_LOOP('',(#8726,#8727,#8728,#8729));
#1660=EDGE_LOOP('',(#8730,#8731,#8732,#8733));
#1661=EDGE_LOOP('',(#8734,#8735,#8736,#8737));
#1662=EDGE_LOOP('',(#8738,#8739,#8740,#8741));
#1663=EDGE_LOOP('',(#8742,#8743,#8744,#8745));
#1664=EDGE_LOOP('',(#8746,#8747,#8748,#8749));
#1665=EDGE_LOOP('',(#8750,#8751,#8752,#8753));
#1666=EDGE_LOOP('',(#8754,#8755,#8756,#8757));
#1667=EDGE_LOOP('',(#8758,#8759,#8760,#8761));
#1668=EDGE_LOOP('',(#8762,#8763,#8764,#8765));
#1669=EDGE_LOOP('',(#8766,#8767,#8768,#8769));
#1670=EDGE_LOOP('',(#8770,#8771,#8772,#8773));
#1671=EDGE_LOOP('',(#8774,#8775,#8776,#8777));
#1672=EDGE_LOOP('',(#8778,#8779,#8780,#8781));
#1673=EDGE_LOOP('',(#8782,#8783,#8784,#8785));
#1674=EDGE_LOOP('',(#8786,#8787,#8788,#8789));
#1675=EDGE_LOOP('',(#8790,#8791,#8792,#8793));
#1676=EDGE_LOOP('',(#8794,#8795,#8796,#8797));
#1677=EDGE_LOOP('',(#8798,#8799,#8800,#8801));
#1678=LINE('',#11903,#2699);
#1679=LINE('',#11905,#2700);
#1680=LINE('',#11907,#2701);
#1681=LINE('',#11908,#2702);
#1682=LINE('',#11911,#2703);
#1683=LINE('',#11913,#2704);
#1684=LINE('',#11914,#2705);
#1685=LINE('',#11917,#2706);
#1686=LINE('',#11919,#2707);
#1687=LINE('',#11920,#2708);
#1688=LINE('',#11943,#2709);
#1689=LINE('',#11966,#2710);
#1690=LINE('',#11969,#2711);
#1691=LINE('',#11971,#2712);
#1692=LINE('',#11972,#2713);
#1693=LINE('',#11975,#2714);
#1694=LINE('',#11977,#2715);
#1695=LINE('',#11978,#2716);
#1696=LINE('',#11981,#2717);
#1697=LINE('',#11983,#2718);
#1698=LINE('',#11984,#2719);
#1699=LINE('',#11986,#2720);
#1700=LINE('',#11987,#2721);
#1701=LINE('',#11992,#2722);
#1702=LINE('',#11994,#2723);
#1703=LINE('',#11996,#2724);
#1704=LINE('',#11997,#2725);
#1705=LINE('',#12020,#2726);
#1706=LINE('',#12043,#2727);
#1707=LINE('',#12066,#2728);
#1708=LINE('',#12089,#2729);
#1709=LINE('',#12112,#2730);
#1710=LINE('',#12135,#2731);
#1711=LINE('',#12158,#2732);
#1712=LINE('',#12181,#2733);
#1713=LINE('',#12204,#2734);
#1714=LINE('',#12227,#2735);
#1715=LINE('',#12250,#2736);
#1716=LINE('',#12273,#2737);
#1717=LINE('',#12296,#2738);
#1718=LINE('',#12319,#2739);
#1719=LINE('',#12342,#2740);
#1720=LINE('',#12365,#2741);
#1721=LINE('',#12388,#2742);
#1722=LINE('',#12411,#2743);
#1723=LINE('',#12414,#2744);
#1724=LINE('',#12416,#2745);
#1725=LINE('',#12417,#2746);
#1726=LINE('',#12440,#2747);
#1727=LINE('',#12463,#2748);
#1728=LINE('',#12486,#2749);
#1729=LINE('',#12509,#2750);
#1730=LINE('',#12532,#2751);
#1731=LINE('',#12555,#2752);
#1732=LINE('',#12578,#2753);
#1733=LINE('',#12601,#2754);
#1734=LINE('',#12624,#2755);
#1735=LINE('',#12647,#2756);
#1736=LINE('',#12670,#2757);
#1737=LINE('',#12693,#2758);
#1738=LINE('',#12716,#2759);
#1739=LINE('',#12739,#2760);
#1740=LINE('',#12764,#2761);
#1741=LINE('',#12766,#2762);
#1742=LINE('',#12768,#2763);
#1743=LINE('',#12769,#2764);
#1744=LINE('',#12772,#2765);
#1745=LINE('',#12774,#2766);
#1746=LINE('',#12775,#2767);
#1747=LINE('',#12778,#2768);
#1748=LINE('',#12780,#2769);
#1749=LINE('',#12781,#2770);
#1750=LINE('',#12804,#2771);
#1751=LINE('',#12827,#2772);
#1752=LINE('',#12850,#2773);
#1753=LINE('',#12873,#2774);
#1754=LINE('',#12896,#2775);
#1755=LINE('',#12919,#2776);
#1756=LINE('',#12942,#2777);
#1757=LINE('',#12965,#2778);
#1758=LINE('',#12988,#2779);
#1759=LINE('',#13011,#2780);
#1760=LINE('',#13034,#2781);
#1761=LINE('',#13037,#2782);
#1762=LINE('',#13039,#2783);
#1763=LINE('',#13040,#2784);
#1764=LINE('',#13063,#2785);
#1765=LINE('',#13086,#2786);
#1766=LINE('',#13109,#2787);
#1767=LINE('',#13132,#2788);
#1768=LINE('',#13155,#2789);
#1769=LINE('',#13178,#2790);
#1770=LINE('',#13201,#2791);
#1771=LINE('',#13224,#2792);
#1772=LINE('',#13247,#2793);
#1773=LINE('',#13270,#2794);
#1774=LINE('',#13293,#2795);
#1775=LINE('',#13316,#2796);
#1776=LINE('',#13319,#2797);
#1777=LINE('',#13321,#2798);
#1778=LINE('',#13322,#2799);
#1779=LINE('',#13324,#2800);
#1780=LINE('',#13325,#2801);
#1781=LINE('',#13330,#2802);
#1782=LINE('',#13332,#2803);
#1783=LINE('',#13334,#2804);
#1784=LINE('',#13335,#2805);
#1785=LINE('',#13358,#2806);
#1786=LINE('',#13381,#2807);
#1787=LINE('',#13404,#2808);
#1788=LINE('',#13427,#2809);
#1789=LINE('',#13450,#2810);
#1790=LINE('',#13473,#2811);
#1791=LINE('',#13496,#2812);
#1792=LINE('',#13499,#2813);
#1793=LINE('',#13501,#2814);
#1794=LINE('',#13502,#2815);
#1795=LINE('',#13504,#2816);
#1796=LINE('',#13505,#2817);
#1797=LINE('',#13509,#2818);
#1798=LINE('',#13511,#2819);
#1799=LINE('',#13513,#2820);
#1800=LINE('',#13514,#2821);
#1801=LINE('',#13517,#2822);
#1802=LINE('',#13519,#2823);
#1803=LINE('',#13520,#2824);
#1804=LINE('',#13543,#2825);
#1805=LINE('',#13566,#2826);
#1806=LINE('',#13589,#2827);
#1807=LINE('',#13612,#2828);
#1808=LINE('',#13635,#2829);
#1809=LINE('',#13658,#2830);
#1810=LINE('',#13681,#2831);
#1811=LINE('',#13704,#2832);
#1812=LINE('',#13727,#2833);
#1813=LINE('',#13729,#2834);
#1814=LINE('',#13730,#2835);
#1815=LINE('',#13737,#2836);
#1816=LINE('',#13741,#2837);
#1817=LINE('',#13745,#2838);
#1818=LINE('',#13748,#2839);
#1819=LINE('',#13751,#2840);
#1820=LINE('',#13753,#2841);
#1821=LINE('',#13755,#2842);
#1822=LINE('',#13757,#2843);
#1823=LINE('',#13759,#2844);
#1824=LINE('',#13761,#2845);
#1825=LINE('',#13763,#2846);
#1826=LINE('',#13764,#2847);
#1827=LINE('',#13767,#2848);
#1828=LINE('',#13769,#2849);
#1829=LINE('',#13771,#2850);
#1830=LINE('',#13773,#2851);
#1831=LINE('',#13775,#2852);
#1832=LINE('',#13777,#2853);
#1833=LINE('',#13779,#2854);
#1834=LINE('',#13781,#2855);
#1835=LINE('',#13783,#2856);
#1836=LINE('',#13785,#2857);
#1837=LINE('',#13787,#2858);
#1838=LINE('',#13788,#2859);
#1839=LINE('',#13791,#2860);
#1840=LINE('',#13793,#2861);
#1841=LINE('',#13831,#2862);
#1842=LINE('',#13833,#2863);
#1843=LINE('',#13834,#2864);
#1844=LINE('',#13837,#2865);
#1845=LINE('',#13899,#2866);
#1846=LINE('',#13961,#2867);
#1847=LINE('',#13963,#2868);
#1848=LINE('',#13965,#2869);
#1849=LINE('',#13967,#2870);
#1850=LINE('',#13969,#2871);
#1851=LINE('',#13971,#2872);
#1852=LINE('',#13973,#2873);
#1853=LINE('',#13975,#2874);
#1854=LINE('',#13977,#2875);
#1855=LINE('',#13979,#2876);
#1856=LINE('',#13981,#2877);
#1857=LINE('',#13982,#2878);
#1858=LINE('',#13985,#2879);
#1859=LINE('',#13987,#2880);
#1860=LINE('',#13989,#2881);
#1861=LINE('',#13991,#2882);
#1862=LINE('',#13993,#2883);
#1863=LINE('',#13995,#2884);
#1864=LINE('',#13997,#2885);
#1865=LINE('',#13999,#2886);
#1866=LINE('',#14001,#2887);
#1867=LINE('',#14003,#2888);
#1868=LINE('',#14005,#2889);
#1869=LINE('',#14006,#2890);
#1870=LINE('',#14011,#2891);
#1871=LINE('',#14015,#2892);
#1872=LINE('',#14019,#2893);
#1873=LINE('',#14022,#2894);
#1874=LINE('',#14027,#2895);
#1875=LINE('',#14031,#2896);
#1876=LINE('',#14035,#2897);
#1877=LINE('',#14038,#2898);
#1878=LINE('',#14045,#2899);
#1879=LINE('',#14049,#2900);
#1880=LINE('',#14053,#2901);
#1881=LINE('',#14056,#2902);
#1882=LINE('',#14061,#2903);
#1883=LINE('',#14065,#2904);
#1884=LINE('',#14069,#2905);
#1885=LINE('',#14072,#2906);
#1886=LINE('',#14075,#2907);
#1887=LINE('',#14077,#2908);
#1888=LINE('',#14079,#2909);
#1889=LINE('',#14080,#2910);
#1890=LINE('',#14085,#2911);
#1891=LINE('',#14089,#2912);
#1892=LINE('',#14093,#2913);
#1893=LINE('',#14096,#2914);
#1894=LINE('',#14101,#2915);
#1895=LINE('',#14105,#2916);
#1896=LINE('',#14109,#2917);
#1897=LINE('',#14112,#2918);
#1898=LINE('',#14121,#2919);
#1899=LINE('',#14123,#2920);
#1900=LINE('',#14125,#2921);
#1901=LINE('',#14126,#2922);
#1902=LINE('',#14129,#2923);
#1903=LINE('',#14131,#2924);
#1904=LINE('',#14133,#2925);
#1905=LINE('',#14135,#2926);
#1906=LINE('',#14137,#2927);
#1907=LINE('',#14139,#2928);
#1908=LINE('',#14141,#2929);
#1909=LINE('',#14142,#2930);
#1910=LINE('',#14145,#2931);
#1911=LINE('',#14147,#2932);
#1912=LINE('',#14149,#2933);
#1913=LINE('',#14151,#2934);
#1914=LINE('',#14153,#2935);
#1915=LINE('',#14155,#2936);
#1916=LINE('',#14157,#2937);
#1917=LINE('',#14158,#2938);
#1918=LINE('',#14162,#2939);
#1919=LINE('',#14164,#2940);
#1920=LINE('',#14166,#2941);
#1921=LINE('',#14167,#2942);
#1922=LINE('',#14170,#2943);
#1923=LINE('',#14172,#2944);
#1924=LINE('',#14173,#2945);
#1925=LINE('',#14196,#2946);
#1926=LINE('',#14219,#2947);
#1927=LINE('',#14221,#2948);
#1928=LINE('',#14222,#2949);
#1929=LINE('',#14225,#2950);
#1930=LINE('',#14227,#2951);
#1931=LINE('',#14228,#2952);
#1932=LINE('',#14231,#2953);
#1933=LINE('',#14232,#2954);
#1934=LINE('',#14235,#2955);
#1935=LINE('',#14236,#2956);
#1936=LINE('',#14239,#2957);
#1937=LINE('',#14240,#2958);
#1938=LINE('',#14243,#2959);
#1939=LINE('',#14244,#2960);
#1940=LINE('',#14247,#2961);
#1941=LINE('',#14248,#2962);
#1942=LINE('',#14251,#2963);
#1943=LINE('',#14252,#2964);
#1944=LINE('',#14254,#2965);
#1945=LINE('',#14259,#2966);
#1946=LINE('',#14261,#2967);
#1947=LINE('',#14262,#2968);
#1948=LINE('',#14265,#2969);
#1949=LINE('',#14266,#2970);
#1950=LINE('',#14269,#2971);
#1951=LINE('',#14270,#2972);
#1952=LINE('',#14273,#2973);
#1953=LINE('',#14274,#2974);
#1954=LINE('',#14277,#2975);
#1955=LINE('',#14278,#2976);
#1956=LINE('',#14281,#2977);
#1957=LINE('',#14282,#2978);
#1958=LINE('',#14285,#2979);
#1959=LINE('',#14286,#2980);
#1960=LINE('',#14289,#2981);
#1961=LINE('',#14290,#2982);
#1962=LINE('',#14293,#2983);
#1963=LINE('',#14294,#2984);
#1964=LINE('',#14297,#2985);
#1965=LINE('',#14298,#2986);
#1966=LINE('',#14301,#2987);
#1967=LINE('',#14302,#2988);
#1968=LINE('',#14304,#2989);
#1969=LINE('',#14309,#2990);
#1970=LINE('',#14311,#2991);
#1971=LINE('',#14313,#2992);
#1972=LINE('',#14314,#2993);
#1973=LINE('',#14317,#2994);
#1974=LINE('',#14319,#2995);
#1975=LINE('',#14320,#2996);
#1976=LINE('',#14343,#2997);
#1977=LINE('',#14366,#2998);
#1978=LINE('',#14368,#2999);
#1979=LINE('',#14369,#3000);
#1980=LINE('',#14372,#3001);
#1981=LINE('',#14374,#3002);
#1982=LINE('',#14375,#3003);
#1983=LINE('',#14378,#3004);
#1984=LINE('',#14379,#3005);
#1985=LINE('',#14382,#3006);
#1986=LINE('',#14383,#3007);
#1987=LINE('',#14386,#3008);
#1988=LINE('',#14387,#3009);
#1989=LINE('',#14390,#3010);
#1990=LINE('',#14391,#3011);
#1991=LINE('',#14394,#3012);
#1992=LINE('',#14395,#3013);
#1993=LINE('',#14398,#3014);
#1994=LINE('',#14399,#3015);
#1995=LINE('',#14401,#3016);
#1996=LINE('',#14407,#3017);
#1997=LINE('',#14409,#3018);
#1998=LINE('',#14411,#3019);
#1999=LINE('',#14412,#3020);
#2000=LINE('',#14435,#3021);
#2001=LINE('',#14458,#3022);
#2002=LINE('',#14481,#3023);
#2003=LINE('',#14504,#3024);
#2004=LINE('',#14527,#3025);
#2005=LINE('',#14530,#3026);
#2006=LINE('',#14532,#3027);
#2007=LINE('',#14533,#3028);
#2008=LINE('',#14535,#3029);
#2009=LINE('',#14536,#3030);
#2010=LINE('',#14539,#3031);
#2011=LINE('',#14541,#3032);
#2012=LINE('',#14542,#3033);
#2013=LINE('',#14545,#3034);
#2014=LINE('',#14546,#3035);
#2015=LINE('',#14563,#3036);
#2016=LINE('',#14580,#3037);
#2017=LINE('',#14597,#3038);
#2018=LINE('',#14614,#3039);
#2019=LINE('',#14631,#3040);
#2020=LINE('',#14648,#3041);
#2021=LINE('',#14651,#3042);
#2022=LINE('',#14652,#3043);
#2023=LINE('',#14655,#3044);
#2024=LINE('',#14656,#3045);
#2025=LINE('',#14658,#3046);
#2026=LINE('',#14663,#3047);
#2027=LINE('',#14665,#3048);
#2028=LINE('',#14666,#3049);
#2029=LINE('',#14683,#3050);
#2030=LINE('',#14700,#3051);
#2031=LINE('',#14717,#3052);
#2032=LINE('',#14734,#3053);
#2033=LINE('',#14751,#3054);
#2034=LINE('',#14768,#3055);
#2035=LINE('',#14785,#3056);
#2036=LINE('',#14802,#3057);
#2037=LINE('',#14819,#3058);
#2038=LINE('',#14836,#3059);
#2039=LINE('',#14839,#3060);
#2040=LINE('',#14840,#3061);
#2041=LINE('',#14857,#3062);
#2042=LINE('',#14874,#3063);
#2043=LINE('',#14891,#3064);
#2044=LINE('',#14908,#3065);
#2045=LINE('',#14925,#3066);
#2046=LINE('',#14942,#3067);
#2047=LINE('',#14959,#3068);
#2048=LINE('',#14976,#3069);
#2049=LINE('',#14993,#3070);
#2050=LINE('',#15012,#3071);
#2051=LINE('',#15014,#3072);
#2052=LINE('',#15015,#3073);
#2053=LINE('',#15018,#3074);
#2054=LINE('',#15019,#3075);
#2055=LINE('',#15022,#3076);
#2056=LINE('',#15023,#3077);
#2057=LINE('',#15026,#3078);
#2058=LINE('',#15027,#3079);
#2059=LINE('',#15030,#3080);
#2060=LINE('',#15031,#3081);
#2061=LINE('',#15034,#3082);
#2062=LINE('',#15035,#3083);
#2063=LINE('',#15038,#3084);
#2064=LINE('',#15039,#3085);
#2065=LINE('',#15042,#3086);
#2066=LINE('',#15043,#3087);
#2067=LINE('',#15046,#3088);
#2068=LINE('',#15047,#3089);
#2069=LINE('',#15050,#3090);
#2070=LINE('',#15051,#3091);
#2071=LINE('',#15054,#3092);
#2072=LINE('',#15055,#3093);
#2073=LINE('',#15057,#3094);
#2074=LINE('',#15061,#3095);
#2075=LINE('',#15063,#3096);
#2076=LINE('',#15064,#3097);
#2077=LINE('',#15067,#3098);
#2078=LINE('',#15068,#3099);
#2079=LINE('',#15071,#3100);
#2080=LINE('',#15072,#3101);
#2081=LINE('',#15075,#3102);
#2082=LINE('',#15076,#3103);
#2083=LINE('',#15079,#3104);
#2084=LINE('',#15080,#3105);
#2085=LINE('',#15083,#3106);
#2086=LINE('',#15084,#3107);
#2087=LINE('',#15087,#3108);
#2088=LINE('',#15088,#3109);
#2089=LINE('',#15091,#3110);
#2090=LINE('',#15092,#3111);
#2091=LINE('',#15095,#3112);
#2092=LINE('',#15096,#3113);
#2093=LINE('',#15099,#3114);
#2094=LINE('',#15100,#3115);
#2095=LINE('',#15103,#3116);
#2096=LINE('',#15104,#3117);
#2097=LINE('',#15106,#3118);
#2098=LINE('',#15111,#3119);
#2099=LINE('',#15113,#3120);
#2100=LINE('',#15115,#3121);
#2101=LINE('',#15116,#3122);
#2102=LINE('',#15119,#3123);
#2103=LINE('',#15121,#3124);
#2104=LINE('',#15122,#3125);
#2105=LINE('',#15145,#3126);
#2106=LINE('',#15168,#3127);
#2107=LINE('',#15170,#3128);
#2108=LINE('',#15171,#3129);
#2109=LINE('',#15174,#3130);
#2110=LINE('',#15176,#3131);
#2111=LINE('',#15177,#3132);
#2112=LINE('',#15180,#3133);
#2113=LINE('',#15181,#3134);
#2114=LINE('',#15184,#3135);
#2115=LINE('',#15185,#3136);
#2116=LINE('',#15188,#3137);
#2117=LINE('',#15189,#3138);
#2118=LINE('',#15192,#3139);
#2119=LINE('',#15193,#3140);
#2120=LINE('',#15196,#3141);
#2121=LINE('',#15197,#3142);
#2122=LINE('',#15200,#3143);
#2123=LINE('',#15201,#3144);
#2124=LINE('',#15203,#3145);
#2125=LINE('',#15208,#3146);
#2126=LINE('',#15210,#3147);
#2127=LINE('',#15211,#3148);
#2128=LINE('',#15214,#3149);
#2129=LINE('',#15215,#3150);
#2130=LINE('',#15218,#3151);
#2131=LINE('',#15219,#3152);
#2132=LINE('',#15221,#3153);
#2133=LINE('',#15226,#3154);
#2134=LINE('',#15228,#3155);
#2135=LINE('',#15230,#3156);
#2136=LINE('',#15231,#3157);
#2137=LINE('',#15234,#3158);
#2138=LINE('',#15236,#3159);
#2139=LINE('',#15237,#3160);
#2140=LINE('',#15240,#3161);
#2141=LINE('',#15242,#3162);
#2142=LINE('',#15243,#3163);
#2143=LINE('',#15246,#3164);
#2144=LINE('',#15248,#3165);
#2145=LINE('',#15249,#3166);
#2146=LINE('',#15252,#3167);
#2147=LINE('',#15254,#3168);
#2148=LINE('',#15255,#3169);
#2149=LINE('',#15258,#3170);
#2150=LINE('',#15260,#3171);
#2151=LINE('',#15261,#3172);
#2152=LINE('',#15264,#3173);
#2153=LINE('',#15266,#3174);
#2154=LINE('',#15267,#3175);
#2155=LINE('',#15270,#3176);
#2156=LINE('',#15272,#3177);
#2157=LINE('',#15273,#3178);
#2158=LINE('',#15276,#3179);
#2159=LINE('',#15278,#3180);
#2160=LINE('',#15279,#3181);
#2161=LINE('',#15282,#3182);
#2162=LINE('',#15284,#3183);
#2163=LINE('',#15285,#3184);
#2164=LINE('',#15288,#3185);
#2165=LINE('',#15290,#3186);
#2166=LINE('',#15291,#3187);
#2167=LINE('',#15293,#3188);
#2168=LINE('',#15294,#3189);
#2169=LINE('',#15314,#3190);
#2170=LINE('',#15321,#3191);
#2171=LINE('',#15344,#3192);
#2172=LINE('',#15347,#3193);
#2173=LINE('',#15349,#3194);
#2174=LINE('',#15350,#3195);
#2175=LINE('',#15373,#3196);
#2176=LINE('',#15396,#3197);
#2177=LINE('',#15399,#3198);
#2178=LINE('',#15401,#3199);
#2179=LINE('',#15402,#3200);
#2180=LINE('',#15425,#3201);
#2181=LINE('',#15448,#3202);
#2182=LINE('',#15451,#3203);
#2183=LINE('',#15453,#3204);
#2184=LINE('',#15454,#3205);
#2185=LINE('',#15477,#3206);
#2186=LINE('',#15500,#3207);
#2187=LINE('',#15503,#3208);
#2188=LINE('',#15505,#3209);
#2189=LINE('',#15506,#3210);
#2190=LINE('',#15509,#3211);
#2191=LINE('',#15511,#3212);
#2192=LINE('',#15512,#3213);
#2193=LINE('',#15515,#3214);
#2194=LINE('',#15517,#3215);
#2195=LINE('',#15518,#3216);
#2196=LINE('',#15521,#3217);
#2197=LINE('',#15523,#3218);
#2198=LINE('',#15524,#3219);
#2199=LINE('',#15527,#3220);
#2200=LINE('',#15529,#3221);
#2201=LINE('',#15530,#3222);
#2202=LINE('',#15533,#3223);
#2203=LINE('',#15535,#3224);
#2204=LINE('',#15536,#3225);
#2205=LINE('',#15539,#3226);
#2206=LINE('',#15541,#3227);
#2207=LINE('',#15542,#3228);
#2208=LINE('',#15545,#3229);
#2209=LINE('',#15547,#3230);
#2210=LINE('',#15548,#3231);
#2211=LINE('',#15550,#3232);
#2212=LINE('',#15551,#3233);
#2213=LINE('',#15556,#3234);
#2214=LINE('',#15558,#3235);
#2215=LINE('',#15560,#3236);
#2216=LINE('',#15561,#3237);
#2217=LINE('',#15564,#3238);
#2218=LINE('',#15566,#3239);
#2219=LINE('',#15567,#3240);
#2220=LINE('',#15570,#3241);
#2221=LINE('',#15572,#3242);
#2222=LINE('',#15573,#3243);
#2223=LINE('',#15576,#3244);
#2224=LINE('',#15578,#3245);
#2225=LINE('',#15579,#3246);
#2226=LINE('',#15582,#3247);
#2227=LINE('',#15584,#3248);
#2228=LINE('',#15585,#3249);
#2229=LINE('',#15588,#3250);
#2230=LINE('',#15590,#3251);
#2231=LINE('',#15591,#3252);
#2232=LINE('',#15594,#3253);
#2233=LINE('',#15596,#3254);
#2234=LINE('',#15597,#3255);
#2235=LINE('',#15600,#3256);
#2236=LINE('',#15602,#3257);
#2237=LINE('',#15603,#3258);
#2238=LINE('',#15606,#3259);
#2239=LINE('',#15608,#3260);
#2240=LINE('',#15609,#3261);
#2241=LINE('',#15612,#3262);
#2242=LINE('',#15614,#3263);
#2243=LINE('',#15615,#3264);
#2244=LINE('',#15618,#3265);
#2245=LINE('',#15620,#3266);
#2246=LINE('',#15621,#3267);
#2247=LINE('',#15623,#3268);
#2248=LINE('',#15624,#3269);
#2249=LINE('',#15629,#3270);
#2250=LINE('',#15631,#3271);
#2251=LINE('',#15633,#3272);
#2252=LINE('',#15634,#3273);
#2253=LINE('',#15637,#3274);
#2254=LINE('',#15639,#3275);
#2255=LINE('',#15640,#3276);
#2256=LINE('',#15642,#3277);
#2257=LINE('',#15643,#3278);
#2258=LINE('',#15647,#3279);
#2259=LINE('',#15649,#3280);
#2260=LINE('',#15651,#3281);
#2261=LINE('',#15652,#3282);
#2262=LINE('',#15655,#3283);
#2263=LINE('',#15657,#3284);
#2264=LINE('',#15658,#3285);
#2265=LINE('',#15661,#3286);
#2266=LINE('',#15663,#3287);
#2267=LINE('',#15664,#3288);
#2268=LINE('',#15667,#3289);
#2269=LINE('',#15669,#3290);
#2270=LINE('',#15670,#3291);
#2271=LINE('',#15673,#3292);
#2272=LINE('',#15675,#3293);
#2273=LINE('',#15676,#3294);
#2274=LINE('',#15679,#3295);
#2275=LINE('',#15681,#3296);
#2276=LINE('',#15682,#3297);
#2277=LINE('',#15685,#3298);
#2278=LINE('',#15687,#3299);
#2279=LINE('',#15688,#3300);
#2280=LINE('',#15691,#3301);
#2281=LINE('',#15693,#3302);
#2282=LINE('',#15694,#3303);
#2283=LINE('',#15696,#3304);
#2284=LINE('',#15697,#3305);
#2285=LINE('',#15702,#3306);
#2286=LINE('',#15706,#3307);
#2287=LINE('',#15710,#3308);
#2288=LINE('',#15714,#3309);
#2289=LINE('',#15718,#3310);
#2290=LINE('',#15720,#3311);
#2291=LINE('',#15722,#3312);
#2292=LINE('',#15724,#3313);
#2293=LINE('',#15726,#3314);
#2294=LINE('',#15728,#3315);
#2295=LINE('',#15730,#3316);
#2296=LINE('',#15732,#3317);
#2297=LINE('',#15733,#3318);
#2298=LINE('',#15748,#3319);
#2299=LINE('',#15762,#3320);
#2300=LINE('',#15764,#3321);
#2301=LINE('',#15766,#3322);
#2302=LINE('',#15768,#3323);
#2303=LINE('',#15770,#3324);
#2304=LINE('',#15772,#3325);
#2305=LINE('',#15780,#3326);
#2306=LINE('',#15794,#3327);
#2307=LINE('',#15808,#3328);
#2308=LINE('',#15810,#3329);
#2309=LINE('',#15812,#3330);
#2310=LINE('',#15814,#3331);
#2311=LINE('',#15816,#3332);
#2312=LINE('',#15818,#3333);
#2313=LINE('',#15825,#3334);
#2314=LINE('',#15828,#3335);
#2315=LINE('',#15830,#3336);
#2316=LINE('',#15832,#3337);
#2317=LINE('',#15834,#3338);
#2318=LINE('',#15836,#3339);
#2319=LINE('',#15838,#3340);
#2320=LINE('',#15846,#3341);
#2321=LINE('',#15847,#3342);
#2322=LINE('',#15862,#3343);
#2323=LINE('',#15864,#3344);
#2324=LINE('',#15866,#3345);
#2325=LINE('',#15879,#3346);
#2326=LINE('',#15890,#3347);
#2327=LINE('',#15894,#3348);
#2328=LINE('',#15898,#3349);
#2329=LINE('',#15901,#3350);
#2330=LINE('',#15906,#3351);
#2331=LINE('',#15910,#3352);
#2332=LINE('',#15914,#3353);
#2333=LINE('',#15917,#3354);
#2334=LINE('',#15920,#3355);
#2335=LINE('',#15922,#3356);
#2336=LINE('',#15924,#3357);
#2337=LINE('',#15925,#3358);
#2338=LINE('',#15930,#3359);
#2339=LINE('',#15934,#3360);
#2340=LINE('',#15938,#3361);
#2341=LINE('',#15941,#3362);
#2342=LINE('',#15946,#3363);
#2343=LINE('',#15950,#3364);
#2344=LINE('',#15954,#3365);
#2345=LINE('',#15957,#3366);
#2346=LINE('',#15964,#3367);
#2347=LINE('',#15968,#3368);
#2348=LINE('',#15972,#3369);
#2349=LINE('',#15975,#3370);
#2350=LINE('',#15980,#3371);
#2351=LINE('',#15984,#3372);
#2352=LINE('',#15988,#3373);
#2353=LINE('',#15991,#3374);
#2354=LINE('',#15994,#3375);
#2355=LINE('',#15996,#3376);
#2356=LINE('',#15998,#3377);
#2357=LINE('',#16000,#3378);
#2358=LINE('',#16002,#3379);
#2359=LINE('',#16004,#3380);
#2360=LINE('',#16006,#3381);
#2361=LINE('',#16008,#3382);
#2362=LINE('',#16009,#3383);
#2363=LINE('',#16024,#3384);
#2364=LINE('',#16026,#3385);
#2365=LINE('',#16028,#3386);
#2366=LINE('',#16030,#3387);
#2367=LINE('',#16032,#3388);
#2368=LINE('',#16045,#3389);
#2369=LINE('',#16060,#3390);
#2370=LINE('',#16074,#3391);
#2371=LINE('',#16088,#3392);
#2372=LINE('',#16102,#3393);
#2373=LINE('',#16104,#3394);
#2374=LINE('',#16106,#3395);
#2375=LINE('',#16108,#3396);
#2376=LINE('',#16110,#3397);
#2377=LINE('',#16112,#3398);
#2378=LINE('',#16114,#3399);
#2379=LINE('',#16116,#3400);
#2380=LINE('',#16118,#3401);
#2381=LINE('',#16120,#3402);
#2382=LINE('',#16121,#3403);
#2383=LINE('',#16124,#3404);
#2384=LINE('',#16126,#3405);
#2385=LINE('',#16128,#3406);
#2386=LINE('',#16130,#3407);
#2387=LINE('',#16132,#3408);
#2388=LINE('',#16134,#3409);
#2389=LINE('',#16136,#3410);
#2390=LINE('',#16138,#3411);
#2391=LINE('',#16140,#3412);
#2392=LINE('',#16142,#3413);
#2393=LINE('',#16144,#3414);
#2394=LINE('',#16145,#3415);
#2395=LINE('',#16148,#3416);
#2396=LINE('',#16150,#3417);
#2397=LINE('',#16152,#3418);
#2398=LINE('',#16153,#3419);
#2399=LINE('',#16156,#3420);
#2400=LINE('',#16158,#3421);
#2401=LINE('',#16159,#3422);
#2402=LINE('',#16162,#3423);
#2403=LINE('',#16163,#3424);
#2404=LINE('',#16166,#3425);
#2405=LINE('',#16167,#3426);
#2406=LINE('',#16169,#3427);
#2407=LINE('',#16173,#3428);
#2408=LINE('',#16175,#3429);
#2409=LINE('',#16176,#3430);
#2410=LINE('',#16179,#3431);
#2411=LINE('',#16180,#3432);
#2412=LINE('',#16183,#3433);
#2413=LINE('',#16184,#3434);
#2414=LINE('',#16187,#3435);
#2415=LINE('',#16188,#3436);
#2416=LINE('',#16191,#3437);
#2417=LINE('',#16192,#3438);
#2418=LINE('',#16195,#3439);
#2419=LINE('',#16196,#3440);
#2420=LINE('',#16199,#3441);
#2421=LINE('',#16200,#3442);
#2422=LINE('',#16203,#3443);
#2423=LINE('',#16204,#3444);
#2424=LINE('',#16207,#3445);
#2425=LINE('',#16208,#3446);
#2426=LINE('',#16211,#3447);
#2427=LINE('',#16212,#3448);
#2428=LINE('',#16215,#3449);
#2429=LINE('',#16216,#3450);
#2430=LINE('',#16218,#3451);
#2431=LINE('',#16231,#3452);
#2432=LINE('',#16238,#3453);
#2433=LINE('',#16255,#3454);
#2434=LINE('',#16258,#3455);
#2435=LINE('',#16259,#3456);
#2436=LINE('',#16276,#3457);
#2437=LINE('',#16293,#3458);
#2438=LINE('',#16296,#3459);
#2439=LINE('',#16297,#3460);
#2440=LINE('',#16314,#3461);
#2441=LINE('',#16331,#3462);
#2442=LINE('',#16334,#3463);
#2443=LINE('',#16335,#3464);
#2444=LINE('',#16352,#3465);
#2445=LINE('',#16369,#3466);
#2446=LINE('',#16372,#3467);
#2447=LINE('',#16373,#3468);
#2448=LINE('',#16376,#3469);
#2449=LINE('',#16377,#3470);
#2450=LINE('',#16380,#3471);
#2451=LINE('',#16381,#3472);
#2452=LINE('',#16384,#3473);
#2453=LINE('',#16385,#3474);
#2454=LINE('',#16388,#3475);
#2455=LINE('',#16389,#3476);
#2456=LINE('',#16392,#3477);
#2457=LINE('',#16393,#3478);
#2458=LINE('',#16396,#3479);
#2459=LINE('',#16397,#3480);
#2460=LINE('',#16400,#3481);
#2461=LINE('',#16401,#3482);
#2462=LINE('',#16404,#3483);
#2463=LINE('',#16405,#3484);
#2464=LINE('',#16408,#3485);
#2465=LINE('',#16409,#3486);
#2466=LINE('',#16411,#3487);
#2467=LINE('',#16416,#3488);
#2468=LINE('',#16418,#3489);
#2469=LINE('',#16420,#3490);
#2470=LINE('',#16421,#3491);
#2471=LINE('',#16424,#3492);
#2472=LINE('',#16426,#3493);
#2473=LINE('',#16427,#3494);
#2474=LINE('',#16429,#3495);
#2475=LINE('',#16430,#3496);
#2476=LINE('',#16433,#3497);
#2477=LINE('',#16435,#3498);
#2478=LINE('',#16436,#3499);
#2479=LINE('',#16439,#3500);
#2480=LINE('',#16440,#3501);
#2481=LINE('',#16443,#3502);
#2482=LINE('',#16444,#3503);
#2483=LINE('',#16447,#3504);
#2484=LINE('',#16448,#3505);
#2485=LINE('',#16451,#3506);
#2486=LINE('',#16452,#3507);
#2487=LINE('',#16455,#3508);
#2488=LINE('',#16456,#3509);
#2489=LINE('',#16459,#3510);
#2490=LINE('',#16460,#3511);
#2491=LINE('',#16463,#3512);
#2492=LINE('',#16464,#3513);
#2493=LINE('',#16466,#3514);
#2494=LINE('',#16480,#3515);
#2495=LINE('',#16487,#3516);
#2496=LINE('',#16504,#3517);
#2497=LINE('',#16507,#3518);
#2498=LINE('',#16508,#3519);
#2499=LINE('',#16525,#3520);
#2500=LINE('',#16542,#3521);
#2501=LINE('',#16545,#3522);
#2502=LINE('',#16546,#3523);
#2503=LINE('',#16549,#3524);
#2504=LINE('',#16550,#3525);
#2505=LINE('',#16553,#3526);
#2506=LINE('',#16554,#3527);
#2507=LINE('',#16557,#3528);
#2508=LINE('',#16558,#3529);
#2509=LINE('',#16561,#3530);
#2510=LINE('',#16562,#3531);
#2511=LINE('',#16565,#3532);
#2512=LINE('',#16566,#3533);
#2513=LINE('',#16583,#3534);
#2514=LINE('',#16586,#3535);
#2515=LINE('',#16587,#3536);
#2516=LINE('',#16604,#3537);
#2517=LINE('',#16621,#3538);
#2518=LINE('',#16624,#3539);
#2519=LINE('',#16625,#3540);
#2520=LINE('',#16642,#3541);
#2521=LINE('',#16659,#3542);
#2522=LINE('',#16662,#3543);
#2523=LINE('',#16663,#3544);
#2524=LINE('',#16666,#3545);
#2525=LINE('',#16667,#3546);
#2526=LINE('',#16670,#3547);
#2527=LINE('',#16671,#3548);
#2528=LINE('',#16674,#3549);
#2529=LINE('',#16675,#3550);
#2530=LINE('',#16678,#3551);
#2531=LINE('',#16679,#3552);
#2532=LINE('',#16682,#3553);
#2533=LINE('',#16683,#3554);
#2534=LINE('',#16700,#3555);
#2535=LINE('',#16702,#3556);
#2536=LINE('',#16706,#3557);
#2537=LINE('',#16708,#3558);
#2538=LINE('',#16709,#3559);
#2539=LINE('',#16712,#3560);
#2540=LINE('',#16713,#3561);
#2541=LINE('',#16716,#3562);
#2542=LINE('',#16717,#3563);
#2543=LINE('',#16720,#3564);
#2544=LINE('',#16721,#3565);
#2545=LINE('',#16724,#3566);
#2546=LINE('',#16725,#3567);
#2547=LINE('',#16733,#3568);
#2548=LINE('',#16750,#3569);
#2549=LINE('',#16753,#3570);
#2550=LINE('',#16754,#3571);
#2551=LINE('',#16756,#3572);
#2552=LINE('',#16761,#3573);
#2553=LINE('',#16763,#3574);
#2554=LINE('',#16765,#3575);
#2555=LINE('',#16766,#3576);
#2556=LINE('',#16769,#3577);
#2557=LINE('',#16771,#3578);
#2558=LINE('',#16772,#3579);
#2559=LINE('',#16775,#3580);
#2560=LINE('',#16777,#3581);
#2561=LINE('',#16778,#3582);
#2562=LINE('',#16780,#3583);
#2563=LINE('',#16781,#3584);
#2564=LINE('',#16793,#3585);
#2565=LINE('',#16800,#3586);
#2566=LINE('',#16817,#3587);
#2567=LINE('',#16820,#3588);
#2568=LINE('',#16821,#3589);
#2569=LINE('',#16824,#3590);
#2570=LINE('',#16825,#3591);
#2571=LINE('',#16828,#3592);
#2572=LINE('',#16829,#3593);
#2573=LINE('',#16832,#3594);
#2574=LINE('',#16833,#3595);
#2575=LINE('',#16836,#3596);
#2576=LINE('',#16837,#3597);
#2577=LINE('',#16854,#3598);
#2578=LINE('',#16871,#3599);
#2579=LINE('',#16873,#3600);
#2580=LINE('',#16879,#3601);
#2581=LINE('',#16881,#3602);
#2582=LINE('',#16883,#3603);
#2583=LINE('',#16884,#3604);
#2584=LINE('',#16907,#3605);
#2585=LINE('',#16930,#3606);
#2586=LINE('',#16933,#3607);
#2587=LINE('',#16935,#3608);
#2588=LINE('',#16936,#3609);
#2589=LINE('',#16939,#3610);
#2590=LINE('',#16941,#3611);
#2591=LINE('',#16942,#3612);
#2592=LINE('',#16945,#3613);
#2593=LINE('',#16947,#3614);
#2594=LINE('',#16948,#3615);
#2595=LINE('',#16971,#3616);
#2596=LINE('',#17003,#3617);
#2597=LINE('',#17010,#3618);
#2598=LINE('',#17027,#3619);
#2599=LINE('',#17030,#3620);
#2600=LINE('',#17031,#3621);
#2601=LINE('',#17034,#3622);
#2602=LINE('',#17035,#3623);
#2603=LINE('',#17038,#3624);
#2604=LINE('',#17039,#3625);
#2605=LINE('',#17056,#3626);
#2606=LINE('',#17073,#3627);
#2607=LINE('',#17075,#3628);
#2608=LINE('',#17081,#3629);
#2609=LINE('',#17083,#3630);
#2610=LINE('',#17085,#3631);
#2611=LINE('',#17086,#3632);
#2612=LINE('',#17089,#3633);
#2613=LINE('',#17091,#3634);
#2614=LINE('',#17092,#3635);
#2615=LINE('',#17094,#3636);
#2616=LINE('',#17095,#3637);
#2617=LINE('',#17098,#3638);
#2618=LINE('',#17100,#3639);
#2619=LINE('',#17101,#3640);
#2620=LINE('',#17104,#3641);
#2621=LINE('',#17105,#3642);
#2622=LINE('',#17108,#3643);
#2623=LINE('',#17109,#3644);
#2624=LINE('',#17112,#3645);
#2625=LINE('',#17113,#3646);
#2626=LINE('',#17116,#3647);
#2627=LINE('',#17117,#3648);
#2628=LINE('',#17120,#3649);
#2629=LINE('',#17121,#3650);
#2630=LINE('',#17124,#3651);
#2631=LINE('',#17125,#3652);
#2632=LINE('',#17128,#3653);
#2633=LINE('',#17129,#3654);
#2634=LINE('',#17131,#3655);
#2635=LINE('',#17135,#3656);
#2636=LINE('',#17136,#3657);
#2637=LINE('',#17138,#3658);
#2638=LINE('',#17140,#3659);
#2639=LINE('',#17142,#3660);
#2640=LINE('',#17144,#3661);
#2641=LINE('',#17146,#3662);
#2642=LINE('',#17148,#3663);
#2643=LINE('',#17153,#3664);
#2644=LINE('',#17154,#3665);
#2645=LINE('',#17156,#3666);
#2646=LINE('',#17158,#3667);
#2647=LINE('',#17160,#3668);
#2648=LINE('',#17162,#3669);
#2649=LINE('',#17164,#3670);
#2650=LINE('',#17166,#3671);
#2651=LINE('',#17169,#3672);
#2652=LINE('',#17170,#3673);
#2653=LINE('',#17172,#3674);
#2654=LINE('',#17174,#3675);
#2655=LINE('',#17176,#3676);
#2656=LINE('',#17178,#3677);
#2657=LINE('',#17180,#3678);
#2658=LINE('',#17182,#3679);
#2659=LINE('',#17185,#3680);
#2660=LINE('',#17187,#3681);
#2661=LINE('',#17188,#3682);
#2662=LINE('',#17190,#3683);
#2663=LINE('',#17192,#3684);
#2664=LINE('',#17194,#3685);
#2665=LINE('',#17196,#3686);
#2666=LINE('',#17198,#3687);
#2667=LINE('',#17200,#3688);
#2668=LINE('',#17203,#3689);
#2669=LINE('',#17204,#3690);
#2670=LINE('',#17206,#3691);
#2671=LINE('',#17208,#3692);
#2672=LINE('',#17210,#3693);
#2673=LINE('',#17212,#3694);
#2674=LINE('',#17214,#3695);
#2675=LINE('',#17216,#3696);
#2676=LINE('',#17219,#3697);
#2677=LINE('',#17220,#3698);
#2678=LINE('',#17222,#3699);
#2679=LINE('',#17224,#3700);
#2680=LINE('',#17227,#3701);
#2681=LINE('',#17228,#3702);
#2682=LINE('',#17230,#3703);
#2683=LINE('',#17232,#3704);
#2684=LINE('',#17234,#3705);
#2685=LINE('',#17236,#3706);
#2686=LINE('',#17238,#3707);
#2687=LINE('',#17240,#3708);
#2688=LINE('',#17243,#3709);
#2689=LINE('',#17244,#3710);
#2690=LINE('',#17246,#3711);
#2691=LINE('',#17248,#3712);
#2692=LINE('',#17250,#3713);
#2693=LINE('',#17252,#3714);
#2694=LINE('',#17254,#3715);
#2695=LINE('',#17256,#3716);
#2696=LINE('',#17259,#3717);
#2697=LINE('',#17261,#3718);
#2698=LINE('',#17263,#3719);
#2699=VECTOR('',#10052,10.);
#2700=VECTOR('',#10053,10.);
#2701=VECTOR('',#10054,10.);
#2702=VECTOR('',#10055,10.);
#2703=VECTOR('',#10058,10.);
#2704=VECTOR('',#10059,10.);
#2705=VECTOR('',#10060,10.);
#2706=VECTOR('',#10063,10.);
#2707=VECTOR('',#10064,10.);
#2708=VECTOR('',#10065,10.);
#2709=VECTOR('',#10066,10.);
#2710=VECTOR('',#10067,10.);
#2711=VECTOR('',#10070,10.);
#2712=VECTOR('',#10071,10.);
#2713=VECTOR('',#10072,10.);
#2714=VECTOR('',#10075,10.);
#2715=VECTOR('',#10076,10.);
#2716=VECTOR('',#10077,10.);
#2717=VECTOR('',#10080,10.);
#2718=VECTOR('',#10081,10.);
#2719=VECTOR('',#10082,10.);
#2720=VECTOR('',#10085,10.);
#2721=VECTOR('',#10086,10.);
#2722=VECTOR('',#10091,10.);
#2723=VECTOR('',#10092,10.);
#2724=VECTOR('',#10093,10.);
#2725=VECTOR('',#10094,10.);
#2726=VECTOR('',#10095,10.);
#2727=VECTOR('',#10096,10.);
#2728=VECTOR('',#10097,10.);
#2729=VECTOR('',#10098,10.);
#2730=VECTOR('',#10099,10.);
#2731=VECTOR('',#10100,10.);
#2732=VECTOR('',#10101,10.);
#2733=VECTOR('',#10102,10.);
#2734=VECTOR('',#10103,10.);
#2735=VECTOR('',#10104,10.);
#2736=VECTOR('',#10105,10.);
#2737=VECTOR('',#10106,10.);
#2738=VECTOR('',#10107,10.);
#2739=VECTOR('',#10108,10.);
#2740=VECTOR('',#10109,10.);
#2741=VECTOR('',#10110,10.);
#2742=VECTOR('',#10111,10.);
#2743=VECTOR('',#10112,10.);
#2744=VECTOR('',#10115,10.);
#2745=VECTOR('',#10116,10.);
#2746=VECTOR('',#10117,10.);
#2747=VECTOR('',#10118,10.);
#2748=VECTOR('',#10119,10.);
#2749=VECTOR('',#10120,10.);
#2750=VECTOR('',#10121,10.);
#2751=VECTOR('',#10122,10.);
#2752=VECTOR('',#10123,10.);
#2753=VECTOR('',#10124,10.);
#2754=VECTOR('',#10125,10.);
#2755=VECTOR('',#10126,10.);
#2756=VECTOR('',#10127,10.);
#2757=VECTOR('',#10128,10.);
#2758=VECTOR('',#10129,10.);
#2759=VECTOR('',#10130,10.);
#2760=VECTOR('',#10131,10.);
#2761=VECTOR('',#10136,10.);
#2762=VECTOR('',#10137,10.);
#2763=VECTOR('',#10138,10.);
#2764=VECTOR('',#10139,10.);
#2765=VECTOR('',#10142,10.);
#2766=VECTOR('',#10143,10.);
#2767=VECTOR('',#10144,10.);
#2768=VECTOR('',#10147,10.);
#2769=VECTOR('',#10148,10.);
#2770=VECTOR('',#10149,10.);
#2771=VECTOR('',#10150,10.);
#2772=VECTOR('',#10151,10.);
#2773=VECTOR('',#10152,10.);
#2774=VECTOR('',#10153,10.);
#2775=VECTOR('',#10154,10.);
#2776=VECTOR('',#10155,10.);
#2777=VECTOR('',#10156,10.);
#2778=VECTOR('',#10157,10.);
#2779=VECTOR('',#10158,10.);
#2780=VECTOR('',#10159,10.);
#2781=VECTOR('',#10160,10.);
#2782=VECTOR('',#10163,10.);
#2783=VECTOR('',#10164,10.);
#2784=VECTOR('',#10165,10.);
#2785=VECTOR('',#10166,10.);
#2786=VECTOR('',#10167,10.);
#2787=VECTOR('',#10168,10.);
#2788=VECTOR('',#10169,10.);
#2789=VECTOR('',#10170,10.);
#2790=VECTOR('',#10171,10.);
#2791=VECTOR('',#10172,10.);
#2792=VECTOR('',#10173,10.);
#2793=VECTOR('',#10174,10.);
#2794=VECTOR('',#10175,10.);
#2795=VECTOR('',#10176,10.);
#2796=VECTOR('',#10177,10.);
#2797=VECTOR('',#10180,10.);
#2798=VECTOR('',#10181,10.);
#2799=VECTOR('',#10182,10.);
#2800=VECTOR('',#10185,10.);
#2801=VECTOR('',#10186,10.);
#2802=VECTOR('',#10191,10.);
#2803=VECTOR('',#10192,10.);
#2804=VECTOR('',#10193,10.);
#2805=VECTOR('',#10194,10.);
#2806=VECTOR('',#10195,10.);
#2807=VECTOR('',#10196,10.);
#2808=VECTOR('',#10197,10.);
#2809=VECTOR('',#10198,10.);
#2810=VECTOR('',#10199,10.);
#2811=VECTOR('',#10200,10.);
#2812=VECTOR('',#10201,10.);
#2813=VECTOR('',#10204,10.);
#2814=VECTOR('',#10205,10.);
#2815=VECTOR('',#10206,10.);
#2816=VECTOR('',#10209,10.);
#2817=VECTOR('',#10210,10.);
#2818=VECTOR('',#10213,10.);
#2819=VECTOR('',#10214,10.);
#2820=VECTOR('',#10215,10.);
#2821=VECTOR('',#10216,10.);
#2822=VECTOR('',#10219,10.);
#2823=VECTOR('',#10220,10.);
#2824=VECTOR('',#10221,10.);
#2825=VECTOR('',#10222,10.);
#2826=VECTOR('',#10223,10.);
#2827=VECTOR('',#10224,10.);
#2828=VECTOR('',#10225,10.);
#2829=VECTOR('',#10226,10.);
#2830=VECTOR('',#10227,10.);
#2831=VECTOR('',#10228,10.);
#2832=VECTOR('',#10229,10.);
#2833=VECTOR('',#10230,10.);
#2834=VECTOR('',#10233,10.);
#2835=VECTOR('',#10234,10.);
#2836=VECTOR('',#10241,10.);
#2837=VECTOR('',#10244,10.);
#2838=VECTOR('',#10247,10.);
#2839=VECTOR('',#10250,10.);
#2840=VECTOR('',#10251,10.);
#2841=VECTOR('',#10252,10.);
#2842=VECTOR('',#10253,10.);
#2843=VECTOR('',#10254,10.);
#2844=VECTOR('',#10255,10.);
#2845=VECTOR('',#10256,10.);
#2846=VECTOR('',#10257,10.);
#2847=VECTOR('',#10258,10.);
#2848=VECTOR('',#10259,10.);
#2849=VECTOR('',#10260,10.);
#2850=VECTOR('',#10261,10.);
#2851=VECTOR('',#10262,10.);
#2852=VECTOR('',#10263,10.);
#2853=VECTOR('',#10264,10.);
#2854=VECTOR('',#10265,10.);
#2855=VECTOR('',#10266,10.);
#2856=VECTOR('',#10267,10.);
#2857=VECTOR('',#10268,10.);
#2858=VECTOR('',#10269,10.);
#2859=VECTOR('',#10270,10.);
#2860=VECTOR('',#10271,10.);
#2861=VECTOR('',#10272,10.);
#2862=VECTOR('',#10273,10.);
#2863=VECTOR('',#10274,10.);
#2864=VECTOR('',#10275,10.);
#2865=VECTOR('',#10276,10.);
#2866=VECTOR('',#10277,10.);
#2867=VECTOR('',#10278,10.);
#2868=VECTOR('',#10279,10.);
#2869=VECTOR('',#10280,10.);
#2870=VECTOR('',#10281,10.);
#2871=VECTOR('',#10282,10.);
#2872=VECTOR('',#10283,10.);
#2873=VECTOR('',#10284,10.);
#2874=VECTOR('',#10285,10.);
#2875=VECTOR('',#10286,10.);
#2876=VECTOR('',#10287,10.);
#2877=VECTOR('',#10288,10.);
#2878=VECTOR('',#10289,10.);
#2879=VECTOR('',#10290,10.);
#2880=VECTOR('',#10291,10.);
#2881=VECTOR('',#10292,10.);
#2882=VECTOR('',#10293,10.);
#2883=VECTOR('',#10294,10.);
#2884=VECTOR('',#10295,10.);
#2885=VECTOR('',#10296,10.);
#2886=VECTOR('',#10297,10.);
#2887=VECTOR('',#10298,10.);
#2888=VECTOR('',#10299,10.);
#2889=VECTOR('',#10300,10.);
#2890=VECTOR('',#10301,10.);
#2891=VECTOR('',#10304,10.);
#2892=VECTOR('',#10307,10.);
#2893=VECTOR('',#10310,10.);
#2894=VECTOR('',#10313,10.);
#2895=VECTOR('',#10316,10.);
#2896=VECTOR('',#10319,10.);
#2897=VECTOR('',#10322,10.);
#2898=VECTOR('',#10325,10.);
#2899=VECTOR('',#10330,10.);
#2900=VECTOR('',#10333,10.);
#2901=VECTOR('',#10336,10.);
#2902=VECTOR('',#10339,10.);
#2903=VECTOR('',#10342,10.);
#2904=VECTOR('',#10345,10.);
#2905=VECTOR('',#10348,10.);
#2906=VECTOR('',#10351,10.);
#2907=VECTOR('',#10352,10.);
#2908=VECTOR('',#10353,10.);
#2909=VECTOR('',#10354,10.);
#2910=VECTOR('',#10355,10.);
#2911=VECTOR('',#10358,10.);
#2912=VECTOR('',#10361,10.);
#2913=VECTOR('',#10364,10.);
#2914=VECTOR('',#10367,10.);
#2915=VECTOR('',#10370,10.);
#2916=VECTOR('',#10373,10.);
#2917=VECTOR('',#10376,10.);
#2918=VECTOR('',#10379,10.);
#2919=VECTOR('',#10386,10.);
#2920=VECTOR('',#10387,10.);
#2921=VECTOR('',#10388,10.);
#2922=VECTOR('',#10389,10.);
#2923=VECTOR('',#10390,10.);
#2924=VECTOR('',#10391,10.);
#2925=VECTOR('',#10392,10.);
#2926=VECTOR('',#10393,10.);
#2927=VECTOR('',#10394,10.);
#2928=VECTOR('',#10395,10.);
#2929=VECTOR('',#10396,10.);
#2930=VECTOR('',#10397,10.);
#2931=VECTOR('',#10398,10.);
#2932=VECTOR('',#10399,10.);
#2933=VECTOR('',#10400,10.);
#2934=VECTOR('',#10401,10.);
#2935=VECTOR('',#10402,10.);
#2936=VECTOR('',#10403,10.);
#2937=VECTOR('',#10404,10.);
#2938=VECTOR('',#10405,10.);
#2939=VECTOR('',#10408,10.);
#2940=VECTOR('',#10409,10.);
#2941=VECTOR('',#10410,10.);
#2942=VECTOR('',#10411,10.);
#2943=VECTOR('',#10414,10.);
#2944=VECTOR('',#10415,10.);
#2945=VECTOR('',#10416,10.);
#2946=VECTOR('',#10417,10.);
#2947=VECTOR('',#10418,10.);
#2948=VECTOR('',#10421,10.);
#2949=VECTOR('',#10422,10.);
#2950=VECTOR('',#10425,10.);
#2951=VECTOR('',#10426,10.);
#2952=VECTOR('',#10427,10.);
#2953=VECTOR('',#10430,10.);
#2954=VECTOR('',#10431,10.);
#2955=VECTOR('',#10434,10.);
#2956=VECTOR('',#10435,10.);
#2957=VECTOR('',#10438,10.);
#2958=VECTOR('',#10439,10.);
#2959=VECTOR('',#10442,10.);
#2960=VECTOR('',#10443,10.);
#2961=VECTOR('',#10446,10.);
#2962=VECTOR('',#10447,10.);
#2963=VECTOR('',#10450,10.);
#2964=VECTOR('',#10451,10.);
#2965=VECTOR('',#10454,10.);
#2966=VECTOR('',#10461,10.);
#2967=VECTOR('',#10462,10.);
#2968=VECTOR('',#10463,10.);
#2969=VECTOR('',#10466,10.);
#2970=VECTOR('',#10467,10.);
#2971=VECTOR('',#10470,10.);
#2972=VECTOR('',#10471,10.);
#2973=VECTOR('',#10474,10.);
#2974=VECTOR('',#10475,10.);
#2975=VECTOR('',#10478,10.);
#2976=VECTOR('',#10479,10.);
#2977=VECTOR('',#10482,10.);
#2978=VECTOR('',#10483,10.);
#2979=VECTOR('',#10486,10.);
#2980=VECTOR('',#10487,10.);
#2981=VECTOR('',#10490,10.);
#2982=VECTOR('',#10491,10.);
#2983=VECTOR('',#10494,10.);
#2984=VECTOR('',#10495,10.);
#2985=VECTOR('',#10498,10.);
#2986=VECTOR('',#10499,10.);
#2987=VECTOR('',#10502,10.);
#2988=VECTOR('',#10503,10.);
#2989=VECTOR('',#10506,10.);
#2990=VECTOR('',#10511,10.);
#2991=VECTOR('',#10512,10.);
#2992=VECTOR('',#10513,10.);
#2993=VECTOR('',#10514,10.);
#2994=VECTOR('',#10517,10.);
#2995=VECTOR('',#10518,10.);
#2996=VECTOR('',#10519,10.);
#2997=VECTOR('',#10520,10.);
#2998=VECTOR('',#10521,10.);
#2999=VECTOR('',#10524,10.);
#3000=VECTOR('',#10525,10.);
#3001=VECTOR('',#10528,10.);
#3002=VECTOR('',#10529,10.);
#3003=VECTOR('',#10530,10.);
#3004=VECTOR('',#10533,10.);
#3005=VECTOR('',#10534,10.);
#3006=VECTOR('',#10537,10.);
#3007=VECTOR('',#10538,10.);
#3008=VECTOR('',#10541,10.);
#3009=VECTOR('',#10542,10.);
#3010=VECTOR('',#10545,10.);
#3011=VECTOR('',#10546,10.);
#3012=VECTOR('',#10549,10.);
#3013=VECTOR('',#10550,10.);
#3014=VECTOR('',#10553,10.);
#3015=VECTOR('',#10554,10.);
#3016=VECTOR('',#10557,10.);
#3017=VECTOR('',#10564,10.);
#3018=VECTOR('',#10565,10.);
#3019=VECTOR('',#10566,10.);
#3020=VECTOR('',#10567,10.);
#3021=VECTOR('',#10568,10.);
#3022=VECTOR('',#10569,10.);
#3023=VECTOR('',#10570,10.);
#3024=VECTOR('',#10571,10.);
#3025=VECTOR('',#10572,10.);
#3026=VECTOR('',#10575,10.);
#3027=VECTOR('',#10576,10.);
#3028=VECTOR('',#10577,10.);
#3029=VECTOR('',#10580,10.);
#3030=VECTOR('',#10581,10.);
#3031=VECTOR('',#10584,10.);
#3032=VECTOR('',#10585,10.);
#3033=VECTOR('',#10586,10.);
#3034=VECTOR('',#10589,10.);
#3035=VECTOR('',#10590,10.);
#3036=VECTOR('',#10591,10.);
#3037=VECTOR('',#10592,10.);
#3038=VECTOR('',#10593,10.);
#3039=VECTOR('',#10594,10.);
#3040=VECTOR('',#10595,10.);
#3041=VECTOR('',#10596,10.);
#3042=VECTOR('',#10599,10.);
#3043=VECTOR('',#10600,10.);
#3044=VECTOR('',#10603,10.);
#3045=VECTOR('',#10604,10.);
#3046=VECTOR('',#10607,10.);
#3047=VECTOR('',#10614,10.);
#3048=VECTOR('',#10615,10.);
#3049=VECTOR('',#10616,10.);
#3050=VECTOR('',#10617,10.);
#3051=VECTOR('',#10618,10.);
#3052=VECTOR('',#10619,10.);
#3053=VECTOR('',#10620,10.);
#3054=VECTOR('',#10621,10.);
#3055=VECTOR('',#10622,10.);
#3056=VECTOR('',#10623,10.);
#3057=VECTOR('',#10624,10.);
#3058=VECTOR('',#10625,10.);
#3059=VECTOR('',#10626,10.);
#3060=VECTOR('',#10629,10.);
#3061=VECTOR('',#10630,10.);
#3062=VECTOR('',#10631,10.);
#3063=VECTOR('',#10632,10.);
#3064=VECTOR('',#10633,10.);
#3065=VECTOR('',#10634,10.);
#3066=VECTOR('',#10635,10.);
#3067=VECTOR('',#10636,10.);
#3068=VECTOR('',#10637,10.);
#3069=VECTOR('',#10638,10.);
#3070=VECTOR('',#10639,10.);
#3071=VECTOR('',#10644,10.);
#3072=VECTOR('',#10645,10.);
#3073=VECTOR('',#10646,10.);
#3074=VECTOR('',#10649,10.);
#3075=VECTOR('',#10650,10.);
#3076=VECTOR('',#10653,10.);
#3077=VECTOR('',#10654,10.);
#3078=VECTOR('',#10657,10.);
#3079=VECTOR('',#10658,10.);
#3080=VECTOR('',#10661,10.);
#3081=VECTOR('',#10662,10.);
#3082=VECTOR('',#10665,10.);
#3083=VECTOR('',#10666,10.);
#3084=VECTOR('',#10669,10.);
#3085=VECTOR('',#10670,10.);
#3086=VECTOR('',#10673,10.);
#3087=VECTOR('',#10674,10.);
#3088=VECTOR('',#10677,10.);
#3089=VECTOR('',#10678,10.);
#3090=VECTOR('',#10681,10.);
#3091=VECTOR('',#10682,10.);
#3092=VECTOR('',#10685,10.);
#3093=VECTOR('',#10686,10.);
#3094=VECTOR('',#10689,10.);
#3095=VECTOR('',#10694,10.);
#3096=VECTOR('',#10695,10.);
#3097=VECTOR('',#10696,10.);
#3098=VECTOR('',#10699,10.);
#3099=VECTOR('',#10700,10.);
#3100=VECTOR('',#10703,10.);
#3101=VECTOR('',#10704,10.);
#3102=VECTOR('',#10707,10.);
#3103=VECTOR('',#10708,10.);
#3104=VECTOR('',#10711,10.);
#3105=VECTOR('',#10712,10.);
#3106=VECTOR('',#10715,10.);
#3107=VECTOR('',#10716,10.);
#3108=VECTOR('',#10719,10.);
#3109=VECTOR('',#10720,10.);
#3110=VECTOR('',#10723,10.);
#3111=VECTOR('',#10724,10.);
#3112=VECTOR('',#10727,10.);
#3113=VECTOR('',#10728,10.);
#3114=VECTOR('',#10731,10.);
#3115=VECTOR('',#10732,10.);
#3116=VECTOR('',#10735,10.);
#3117=VECTOR('',#10736,10.);
#3118=VECTOR('',#10739,10.);
#3119=VECTOR('',#10744,10.);
#3120=VECTOR('',#10745,10.);
#3121=VECTOR('',#10746,10.);
#3122=VECTOR('',#10747,10.);
#3123=VECTOR('',#10750,10.);
#3124=VECTOR('',#10751,10.);
#3125=VECTOR('',#10752,10.);
#3126=VECTOR('',#10753,10.);
#3127=VECTOR('',#10754,10.);
#3128=VECTOR('',#10757,10.);
#3129=VECTOR('',#10758,10.);
#3130=VECTOR('',#10761,10.);
#3131=VECTOR('',#10762,10.);
#3132=VECTOR('',#10763,10.);
#3133=VECTOR('',#10766,10.);
#3134=VECTOR('',#10767,10.);
#3135=VECTOR('',#10770,10.);
#3136=VECTOR('',#10771,10.);
#3137=VECTOR('',#10774,10.);
#3138=VECTOR('',#10775,10.);
#3139=VECTOR('',#10778,10.);
#3140=VECTOR('',#10779,10.);
#3141=VECTOR('',#10782,10.);
#3142=VECTOR('',#10783,10.);
#3143=VECTOR('',#10786,10.);
#3144=VECTOR('',#10787,10.);
#3145=VECTOR('',#10790,10.);
#3146=VECTOR('',#10797,10.);
#3147=VECTOR('',#10798,10.);
#3148=VECTOR('',#10799,10.);
#3149=VECTOR('',#10802,10.);
#3150=VECTOR('',#10803,10.);
#3151=VECTOR('',#10806,10.);
#3152=VECTOR('',#10807,10.);
#3153=VECTOR('',#10810,10.);
#3154=VECTOR('',#10815,10.);
#3155=VECTOR('',#10816,10.);
#3156=VECTOR('',#10817,10.);
#3157=VECTOR('',#10818,10.);
#3158=VECTOR('',#10821,10.);
#3159=VECTOR('',#10822,10.);
#3160=VECTOR('',#10823,10.);
#3161=VECTOR('',#10826,10.);
#3162=VECTOR('',#10827,10.);
#3163=VECTOR('',#10828,10.);
#3164=VECTOR('',#10831,10.);
#3165=VECTOR('',#10832,10.);
#3166=VECTOR('',#10833,10.);
#3167=VECTOR('',#10836,10.);
#3168=VECTOR('',#10837,10.);
#3169=VECTOR('',#10838,10.);
#3170=VECTOR('',#10841,10.);
#3171=VECTOR('',#10842,10.);
#3172=VECTOR('',#10843,10.);
#3173=VECTOR('',#10846,10.);
#3174=VECTOR('',#10847,10.);
#3175=VECTOR('',#10848,10.);
#3176=VECTOR('',#10851,10.);
#3177=VECTOR('',#10852,10.);
#3178=VECTOR('',#10853,10.);
#3179=VECTOR('',#10856,10.);
#3180=VECTOR('',#10857,10.);
#3181=VECTOR('',#10858,10.);
#3182=VECTOR('',#10861,10.);
#3183=VECTOR('',#10862,10.);
#3184=VECTOR('',#10863,10.);
#3185=VECTOR('',#10866,10.);
#3186=VECTOR('',#10867,10.);
#3187=VECTOR('',#10868,10.);
#3188=VECTOR('',#10871,10.);
#3189=VECTOR('',#10872,10.);
#3190=VECTOR('',#10875,10.);
#3191=VECTOR('',#10876,10.);
#3192=VECTOR('',#10877,10.);
#3193=VECTOR('',#10880,10.);
#3194=VECTOR('',#10881,10.);
#3195=VECTOR('',#10882,10.);
#3196=VECTOR('',#10883,10.);
#3197=VECTOR('',#10884,10.);
#3198=VECTOR('',#10887,10.);
#3199=VECTOR('',#10888,10.);
#3200=VECTOR('',#10889,10.);
#3201=VECTOR('',#10890,10.);
#3202=VECTOR('',#10891,10.);
#3203=VECTOR('',#10894,10.);
#3204=VECTOR('',#10895,10.);
#3205=VECTOR('',#10896,10.);
#3206=VECTOR('',#10897,10.);
#3207=VECTOR('',#10898,10.);
#3208=VECTOR('',#10901,10.);
#3209=VECTOR('',#10902,10.);
#3210=VECTOR('',#10903,10.);
#3211=VECTOR('',#10906,10.);
#3212=VECTOR('',#10907,10.);
#3213=VECTOR('',#10908,10.);
#3214=VECTOR('',#10911,10.);
#3215=VECTOR('',#10912,10.);
#3216=VECTOR('',#10913,10.);
#3217=VECTOR('',#10916,10.);
#3218=VECTOR('',#10917,10.);
#3219=VECTOR('',#10918,10.);
#3220=VECTOR('',#10921,10.);
#3221=VECTOR('',#10922,10.);
#3222=VECTOR('',#10923,10.);
#3223=VECTOR('',#10926,10.);
#3224=VECTOR('',#10927,10.);
#3225=VECTOR('',#10928,10.);
#3226=VECTOR('',#10931,10.);
#3227=VECTOR('',#10932,10.);
#3228=VECTOR('',#10933,10.);
#3229=VECTOR('',#10936,10.);
#3230=VECTOR('',#10937,10.);
#3231=VECTOR('',#10938,10.);
#3232=VECTOR('',#10941,10.);
#3233=VECTOR('',#10942,10.);
#3234=VECTOR('',#10947,10.);
#3235=VECTOR('',#10948,10.);
#3236=VECTOR('',#10949,10.);
#3237=VECTOR('',#10950,10.);
#3238=VECTOR('',#10953,10.);
#3239=VECTOR('',#10954,10.);
#3240=VECTOR('',#10955,10.);
#3241=VECTOR('',#10958,10.);
#3242=VECTOR('',#10959,10.);
#3243=VECTOR('',#10960,10.);
#3244=VECTOR('',#10963,10.);
#3245=VECTOR('',#10964,10.);
#3246=VECTOR('',#10965,10.);
#3247=VECTOR('',#10968,10.);
#3248=VECTOR('',#10969,10.);
#3249=VECTOR('',#10970,10.);
#3250=VECTOR('',#10973,10.);
#3251=VECTOR('',#10974,10.);
#3252=VECTOR('',#10975,10.);
#3253=VECTOR('',#10978,10.);
#3254=VECTOR('',#10979,10.);
#3255=VECTOR('',#10980,10.);
#3256=VECTOR('',#10983,10.);
#3257=VECTOR('',#10984,10.);
#3258=VECTOR('',#10985,10.);
#3259=VECTOR('',#10988,10.);
#3260=VECTOR('',#10989,10.);
#3261=VECTOR('',#10990,10.);
#3262=VECTOR('',#10993,10.);
#3263=VECTOR('',#10994,10.);
#3264=VECTOR('',#10995,10.);
#3265=VECTOR('',#10998,10.);
#3266=VECTOR('',#10999,10.);
#3267=VECTOR('',#11000,10.);
#3268=VECTOR('',#11003,10.);
#3269=VECTOR('',#11004,10.);
#3270=VECTOR('',#11009,10.);
#3271=VECTOR('',#11010,10.);
#3272=VECTOR('',#11011,10.);
#3273=VECTOR('',#11012,10.);
#3274=VECTOR('',#11015,10.);
#3275=VECTOR('',#11016,10.);
#3276=VECTOR('',#11017,10.);
#3277=VECTOR('',#11020,10.);
#3278=VECTOR('',#11021,10.);
#3279=VECTOR('',#11024,10.);
#3280=VECTOR('',#11025,10.);
#3281=VECTOR('',#11026,10.);
#3282=VECTOR('',#11027,10.);
#3283=VECTOR('',#11030,10.);
#3284=VECTOR('',#11031,10.);
#3285=VECTOR('',#11032,10.);
#3286=VECTOR('',#11035,10.);
#3287=VECTOR('',#11036,10.);
#3288=VECTOR('',#11037,10.);
#3289=VECTOR('',#11040,10.);
#3290=VECTOR('',#11041,10.);
#3291=VECTOR('',#11042,10.);
#3292=VECTOR('',#11045,10.);
#3293=VECTOR('',#11046,10.);
#3294=VECTOR('',#11047,10.);
#3295=VECTOR('',#11050,10.);
#3296=VECTOR('',#11051,10.);
#3297=VECTOR('',#11052,10.);
#3298=VECTOR('',#11055,10.);
#3299=VECTOR('',#11056,10.);
#3300=VECTOR('',#11057,10.);
#3301=VECTOR('',#11060,10.);
#3302=VECTOR('',#11061,10.);
#3303=VECTOR('',#11062,10.);
#3304=VECTOR('',#11065,10.);
#3305=VECTOR('',#11066,10.);
#3306=VECTOR('',#11071,10.);
#3307=VECTOR('',#11074,10.);
#3308=VECTOR('',#11077,10.);
#3309=VECTOR('',#11080,10.);
#3310=VECTOR('',#11083,10.);
#3311=VECTOR('',#11084,10.);
#3312=VECTOR('',#11085,10.);
#3313=VECTOR('',#11086,10.);
#3314=VECTOR('',#11087,10.);
#3315=VECTOR('',#11088,10.);
#3316=VECTOR('',#11089,10.);
#3317=VECTOR('',#11090,10.);
#3318=VECTOR('',#11091,10.);
#3319=VECTOR('',#11092,10.);
#3320=VECTOR('',#11093,10.);
#3321=VECTOR('',#11094,10.);
#3322=VECTOR('',#11095,10.);
#3323=VECTOR('',#11096,10.);
#3324=VECTOR('',#11097,10.);
#3325=VECTOR('',#11098,10.);
#3326=VECTOR('',#11099,10.);
#3327=VECTOR('',#11100,10.);
#3328=VECTOR('',#11101,10.);
#3329=VECTOR('',#11102,10.);
#3330=VECTOR('',#11103,10.);
#3331=VECTOR('',#11104,10.);
#3332=VECTOR('',#11105,10.);
#3333=VECTOR('',#11106,10.);
#3334=VECTOR('',#11107,10.);
#3335=VECTOR('',#11108,10.);
#3336=VECTOR('',#11109,10.);
#3337=VECTOR('',#11110,10.);
#3338=VECTOR('',#11111,10.);
#3339=VECTOR('',#11112,10.);
#3340=VECTOR('',#11113,10.);
#3341=VECTOR('',#11114,10.);
#3342=VECTOR('',#11115,10.);
#3343=VECTOR('',#11116,10.);
#3344=VECTOR('',#11117,10.);
#3345=VECTOR('',#11118,10.);
#3346=VECTOR('',#11119,10.);
#3347=VECTOR('',#11128,10.);
#3348=VECTOR('',#11131,10.);
#3349=VECTOR('',#11134,10.);
#3350=VECTOR('',#11137,10.);
#3351=VECTOR('',#11140,10.);
#3352=VECTOR('',#11143,10.);
#3353=VECTOR('',#11146,10.);
#3354=VECTOR('',#11149,10.);
#3355=VECTOR('',#11150,10.);
#3356=VECTOR('',#11151,10.);
#3357=VECTOR('',#11152,10.);
#3358=VECTOR('',#11153,10.);
#3359=VECTOR('',#11156,10.);
#3360=VECTOR('',#11159,10.);
#3361=VECTOR('',#11162,10.);
#3362=VECTOR('',#11165,10.);
#3363=VECTOR('',#11168,10.);
#3364=VECTOR('',#11171,10.);
#3365=VECTOR('',#11174,10.);
#3366=VECTOR('',#11177,10.);
#3367=VECTOR('',#11182,10.);
#3368=VECTOR('',#11185,10.);
#3369=VECTOR('',#11188,10.);
#3370=VECTOR('',#11191,10.);
#3371=VECTOR('',#11194,10.);
#3372=VECTOR('',#11197,10.);
#3373=VECTOR('',#11200,10.);
#3374=VECTOR('',#11203,10.);
#3375=VECTOR('',#11204,10.);
#3376=VECTOR('',#11205,10.);
#3377=VECTOR('',#11206,10.);
#3378=VECTOR('',#11207,10.);
#3379=VECTOR('',#11208,10.);
#3380=VECTOR('',#11209,10.);
#3381=VECTOR('',#11210,10.);
#3382=VECTOR('',#11211,10.);
#3383=VECTOR('',#11212,10.);
#3384=VECTOR('',#11213,10.);
#3385=VECTOR('',#11214,10.);
#3386=VECTOR('',#11215,10.);
#3387=VECTOR('',#11216,10.);
#3388=VECTOR('',#11217,10.);
#3389=VECTOR('',#11218,10.);
#3390=VECTOR('',#11219,10.);
#3391=VECTOR('',#11220,10.);
#3392=VECTOR('',#11221,10.);
#3393=VECTOR('',#11222,10.);
#3394=VECTOR('',#11223,10.);
#3395=VECTOR('',#11224,10.);
#3396=VECTOR('',#11225,10.);
#3397=VECTOR('',#11226,10.);
#3398=VECTOR('',#11227,10.);
#3399=VECTOR('',#11228,10.);
#3400=VECTOR('',#11229,10.);
#3401=VECTOR('',#11230,10.);
#3402=VECTOR('',#11231,10.);
#3403=VECTOR('',#11232,10.);
#3404=VECTOR('',#11233,10.);
#3405=VECTOR('',#11234,10.);
#3406=VECTOR('',#11235,10.);
#3407=VECTOR('',#11236,10.);
#3408=VECTOR('',#11237,10.);
#3409=VECTOR('',#11238,10.);
#3410=VECTOR('',#11239,10.);
#3411=VECTOR('',#11240,10.);
#3412=VECTOR('',#11241,10.);
#3413=VECTOR('',#11242,10.);
#3414=VECTOR('',#11243,10.);
#3415=VECTOR('',#11244,10.);
#3416=VECTOR('',#11245,10.);
#3417=VECTOR('',#11246,10.);
#3418=VECTOR('',#11247,10.);
#3419=VECTOR('',#11248,10.);
#3420=VECTOR('',#11251,10.);
#3421=VECTOR('',#11252,10.);
#3422=VECTOR('',#11253,10.);
#3423=VECTOR('',#11256,10.);
#3424=VECTOR('',#11257,10.);
#3425=VECTOR('',#11260,10.);
#3426=VECTOR('',#11261,10.);
#3427=VECTOR('',#11264,10.);
#3428=VECTOR('',#11269,10.);
#3429=VECTOR('',#11270,10.);
#3430=VECTOR('',#11271,10.);
#3431=VECTOR('',#11274,10.);
#3432=VECTOR('',#11275,10.);
#3433=VECTOR('',#11278,10.);
#3434=VECTOR('',#11279,10.);
#3435=VECTOR('',#11282,10.);
#3436=VECTOR('',#11283,10.);
#3437=VECTOR('',#11286,10.);
#3438=VECTOR('',#11287,10.);
#3439=VECTOR('',#11290,10.);
#3440=VECTOR('',#11291,10.);
#3441=VECTOR('',#11294,10.);
#3442=VECTOR('',#11295,10.);
#3443=VECTOR('',#11298,10.);
#3444=VECTOR('',#11299,10.);
#3445=VECTOR('',#11302,10.);
#3446=VECTOR('',#11303,10.);
#3447=VECTOR('',#11306,10.);
#3448=VECTOR('',#11307,10.);
#3449=VECTOR('',#11310,10.);
#3450=VECTOR('',#11311,10.);
#3451=VECTOR('',#11314,10.);
#3452=VECTOR('',#11317,10.);
#3453=VECTOR('',#11318,10.);
#3454=VECTOR('',#11319,10.);
#3455=VECTOR('',#11322,10.);
#3456=VECTOR('',#11323,10.);
#3457=VECTOR('',#11324,10.);
#3458=VECTOR('',#11325,10.);
#3459=VECTOR('',#11328,10.);
#3460=VECTOR('',#11329,10.);
#3461=VECTOR('',#11330,10.);
#3462=VECTOR('',#11331,10.);
#3463=VECTOR('',#11334,10.);
#3464=VECTOR('',#11335,10.);
#3465=VECTOR('',#11336,10.);
#3466=VECTOR('',#11337,10.);
#3467=VECTOR('',#11340,10.);
#3468=VECTOR('',#11341,10.);
#3469=VECTOR('',#11344,10.);
#3470=VECTOR('',#11345,10.);
#3471=VECTOR('',#11348,10.);
#3472=VECTOR('',#11349,10.);
#3473=VECTOR('',#11352,10.);
#3474=VECTOR('',#11353,10.);
#3475=VECTOR('',#11356,10.);
#3476=VECTOR('',#11357,10.);
#3477=VECTOR('',#11360,10.);
#3478=VECTOR('',#11361,10.);
#3479=VECTOR('',#11364,10.);
#3480=VECTOR('',#11365,10.);
#3481=VECTOR('',#11368,10.);
#3482=VECTOR('',#11369,10.);
#3483=VECTOR('',#11372,10.);
#3484=VECTOR('',#11373,10.);
#3485=VECTOR('',#11376,10.);
#3486=VECTOR('',#11377,10.);
#3487=VECTOR('',#11380,10.);
#3488=VECTOR('',#11385,10.);
#3489=VECTOR('',#11386,10.);
#3490=VECTOR('',#11387,10.);
#3491=VECTOR('',#11388,10.);
#3492=VECTOR('',#11391,10.);
#3493=VECTOR('',#11392,10.);
#3494=VECTOR('',#11393,10.);
#3495=VECTOR('',#11396,10.);
#3496=VECTOR('',#11397,10.);
#3497=VECTOR('',#11400,10.);
#3498=VECTOR('',#11401,10.);
#3499=VECTOR('',#11402,10.);
#3500=VECTOR('',#11405,10.);
#3501=VECTOR('',#11406,10.);
#3502=VECTOR('',#11409,10.);
#3503=VECTOR('',#11410,10.);
#3504=VECTOR('',#11413,10.);
#3505=VECTOR('',#11414,10.);
#3506=VECTOR('',#11417,10.);
#3507=VECTOR('',#11418,10.);
#3508=VECTOR('',#11421,10.);
#3509=VECTOR('',#11422,10.);
#3510=VECTOR('',#11425,10.);
#3511=VECTOR('',#11426,10.);
#3512=VECTOR('',#11429,10.);
#3513=VECTOR('',#11430,10.);
#3514=VECTOR('',#11433,10.);
#3515=VECTOR('',#11438,10.);
#3516=VECTOR('',#11439,10.);
#3517=VECTOR('',#11440,10.);
#3518=VECTOR('',#11443,10.);
#3519=VECTOR('',#11444,10.);
#3520=VECTOR('',#11445,10.);
#3521=VECTOR('',#11446,10.);
#3522=VECTOR('',#11449,10.);
#3523=VECTOR('',#11450,10.);
#3524=VECTOR('',#11453,10.);
#3525=VECTOR('',#11454,10.);
#3526=VECTOR('',#11457,10.);
#3527=VECTOR('',#11458,10.);
#3528=VECTOR('',#11461,10.);
#3529=VECTOR('',#11462,10.);
#3530=VECTOR('',#11465,10.);
#3531=VECTOR('',#11466,10.);
#3532=VECTOR('',#11469,10.);
#3533=VECTOR('',#11470,10.);
#3534=VECTOR('',#11471,10.);
#3535=VECTOR('',#11474,10.);
#3536=VECTOR('',#11475,10.);
#3537=VECTOR('',#11476,10.);
#3538=VECTOR('',#11477,10.);
#3539=VECTOR('',#11480,10.);
#3540=VECTOR('',#11481,10.);
#3541=VECTOR('',#11482,10.);
#3542=VECTOR('',#11483,10.);
#3543=VECTOR('',#11486,10.);
#3544=VECTOR('',#11487,10.);
#3545=VECTOR('',#11490,10.);
#3546=VECTOR('',#11491,10.);
#3547=VECTOR('',#11494,10.);
#3548=VECTOR('',#11495,10.);
#3549=VECTOR('',#11498,10.);
#3550=VECTOR('',#11499,10.);
#3551=VECTOR('',#11502,10.);
#3552=VECTOR('',#11503,10.);
#3553=VECTOR('',#11506,10.);
#3554=VECTOR('',#11507,10.);
#3555=VECTOR('',#11508,10.);
#3556=VECTOR('',#11511,10.);
#3557=VECTOR('',#11516,10.);
#3558=VECTOR('',#11517,10.);
#3559=VECTOR('',#11518,10.);
#3560=VECTOR('',#11521,10.);
#3561=VECTOR('',#11522,10.);
#3562=VECTOR('',#11525,10.);
#3563=VECTOR('',#11526,10.);
#3564=VECTOR('',#11529,10.);
#3565=VECTOR('',#11530,10.);
#3566=VECTOR('',#11533,10.);
#3567=VECTOR('',#11534,10.);
#3568=VECTOR('',#11537,10.);
#3569=VECTOR('',#11538,10.);
#3570=VECTOR('',#11541,10.);
#3571=VECTOR('',#11542,10.);
#3572=VECTOR('',#11545,10.);
#3573=VECTOR('',#11550,10.);
#3574=VECTOR('',#11551,10.);
#3575=VECTOR('',#11552,10.);
#3576=VECTOR('',#11553,10.);
#3577=VECTOR('',#11556,10.);
#3578=VECTOR('',#11557,10.);
#3579=VECTOR('',#11558,10.);
#3580=VECTOR('',#11561,10.);
#3581=VECTOR('',#11562,10.);
#3582=VECTOR('',#11563,10.);
#3583=VECTOR('',#11566,10.);
#3584=VECTOR('',#11567,10.);
#3585=VECTOR('',#11568,10.);
#3586=VECTOR('',#11569,10.);
#3587=VECTOR('',#11570,10.);
#3588=VECTOR('',#11573,10.);
#3589=VECTOR('',#11574,10.);
#3590=VECTOR('',#11577,10.);
#3591=VECTOR('',#11578,10.);
#3592=VECTOR('',#11581,10.);
#3593=VECTOR('',#11582,10.);
#3594=VECTOR('',#11585,10.);
#3595=VECTOR('',#11586,10.);
#3596=VECTOR('',#11589,10.);
#3597=VECTOR('',#11590,10.);
#3598=VECTOR('',#11591,10.);
#3599=VECTOR('',#11592,10.);
#3600=VECTOR('',#11595,10.);
#3601=VECTOR('',#11602,10.);
#3602=VECTOR('',#11603,10.);
#3603=VECTOR('',#11604,10.);
#3604=VECTOR('',#11605,10.);
#3605=VECTOR('',#11606,10.);
#3606=VECTOR('',#11607,10.);
#3607=VECTOR('',#11610,10.);
#3608=VECTOR('',#11611,10.);
#3609=VECTOR('',#11612,10.);
#3610=VECTOR('',#11615,10.);
#3611=VECTOR('',#11616,10.);
#3612=VECTOR('',#11617,10.);
#3613=VECTOR('',#11620,10.);
#3614=VECTOR('',#11621,10.);
#3615=VECTOR('',#11622,10.);
#3616=VECTOR('',#11623,10.);
#3617=VECTOR('',#11624,10.);
#3618=VECTOR('',#11625,10.);
#3619=VECTOR('',#11626,10.);
#3620=VECTOR('',#11629,10.);
#3621=VECTOR('',#11630,10.);
#3622=VECTOR('',#11633,10.);
#3623=VECTOR('',#11634,10.);
#3624=VECTOR('',#11637,10.);
#3625=VECTOR('',#11638,10.);
#3626=VECTOR('',#11639,10.);
#3627=VECTOR('',#11640,10.);
#3628=VECTOR('',#11643,10.);
#3629=VECTOR('',#11650,10.);
#3630=VECTOR('',#11651,10.);
#3631=VECTOR('',#11652,10.);
#3632=VECTOR('',#11653,10.);
#3633=VECTOR('',#11656,10.);
#3634=VECTOR('',#11657,10.);
#3635=VECTOR('',#11658,10.);
#3636=VECTOR('',#11661,10.);
#3637=VECTOR('',#11662,10.);
#3638=VECTOR('',#11665,10.);
#3639=VECTOR('',#11666,10.);
#3640=VECTOR('',#11667,10.);
#3641=VECTOR('',#11670,10.);
#3642=VECTOR('',#11671,10.);
#3643=VECTOR('',#11674,10.);
#3644=VECTOR('',#11675,10.);
#3645=VECTOR('',#11678,10.);
#3646=VECTOR('',#11679,10.);
#3647=VECTOR('',#11682,10.);
#3648=VECTOR('',#11683,10.);
#3649=VECTOR('',#11686,10.);
#3650=VECTOR('',#11687,10.);
#3651=VECTOR('',#11690,10.);
#3652=VECTOR('',#11691,10.);
#3653=VECTOR('',#11694,10.);
#3654=VECTOR('',#11695,10.);
#3655=VECTOR('',#11698,10.);
#3656=VECTOR('',#11705,10.);
#3657=VECTOR('',#11706,10.);
#3658=VECTOR('',#11709,10.);
#3659=VECTOR('',#11712,10.);
#3660=VECTOR('',#11715,10.);
#3661=VECTOR('',#11718,10.);
#3662=VECTOR('',#11721,10.);
#3663=VECTOR('',#11724,10.);
#3664=VECTOR('',#11733,10.);
#3665=VECTOR('',#11734,10.);
#3666=VECTOR('',#11737,10.);
#3667=VECTOR('',#11740,10.);
#3668=VECTOR('',#11743,10.);
#3669=VECTOR('',#11746,10.);
#3670=VECTOR('',#11749,10.);
#3671=VECTOR('',#11752,10.);
#3672=VECTOR('',#11757,10.);
#3673=VECTOR('',#11758,10.);
#3674=VECTOR('',#11761,10.);
#3675=VECTOR('',#11764,10.);
#3676=VECTOR('',#11767,10.);
#3677=VECTOR('',#11770,10.);
#3678=VECTOR('',#11773,10.);
#3679=VECTOR('',#11776,10.);
#3680=VECTOR('',#11781,1.7);
#3681=VECTOR('',#11784,10.);
#3682=VECTOR('',#11785,10.);
#3683=VECTOR('',#11788,10.);
#3684=VECTOR('',#11791,10.);
#3685=VECTOR('',#11794,10.);
#3686=VECTOR('',#11797,10.);
#3687=VECTOR('',#11800,10.);
#3688=VECTOR('',#11803,10.);
#3689=VECTOR('',#11808,10.);
#3690=VECTOR('',#11809,10.);
#3691=VECTOR('',#11812,10.);
#3692=VECTOR('',#11815,10.);
#3693=VECTOR('',#11818,10.);
#3694=VECTOR('',#11821,10.);
#3695=VECTOR('',#11824,10.);
#3696=VECTOR('',#11827,10.);
#3697=VECTOR('',#11832,10.);
#3698=VECTOR('',#11833,10.);
#3699=VECTOR('',#11836,10.);
#3700=VECTOR('',#11839,10.);
#3701=VECTOR('',#11844,10.);
#3702=VECTOR('',#11845,10.);
#3703=VECTOR('',#11848,10.);
#3704=VECTOR('',#11851,10.);
#3705=VECTOR('',#11854,10.);
#3706=VECTOR('',#11857,10.);
#3707=VECTOR('',#11860,10.);
#3708=VECTOR('',#11863,10.);
#3709=VECTOR('',#11868,10.);
#3710=VECTOR('',#11869,10.);
#3711=VECTOR('',#11872,10.);
#3712=VECTOR('',#11875,10.);
#3713=VECTOR('',#11878,10.);
#3714=VECTOR('',#11881,10.);
#3715=VECTOR('',#11884,10.);
#3716=VECTOR('',#11887,10.);
#3717=VECTOR('',#11892,1.7);
#3718=VECTOR('',#11895,1.7);
#3719=VECTOR('',#11898,1.7);
#3720=VERTEX_POINT('',#11901);
#3721=VERTEX_POINT('',#11902);
#3722=VERTEX_POINT('',#11904);
#3723=VERTEX_POINT('',#11906);
#3724=VERTEX_POINT('',#11910);
#3725=VERTEX_POINT('',#11912);
#3726=VERTEX_POINT('',#11916);
#3727=VERTEX_POINT('',#11918);
#3728=VERTEX_POINT('',#11931);
#3729=VERTEX_POINT('',#11937);
#3730=VERTEX_POINT('',#11954);
#3731=VERTEX_POINT('',#11960);
#3732=VERTEX_POINT('',#11968);
#3733=VERTEX_POINT('',#11970);
#3734=VERTEX_POINT('',#11974);
#3735=VERTEX_POINT('',#11976);
#3736=VERTEX_POINT('',#11980);
#3737=VERTEX_POINT('',#11982);
#3738=VERTEX_POINT('',#11990);
#3739=VERTEX_POINT('',#11991);
#3740=VERTEX_POINT('',#11993);
#3741=VERTEX_POINT('',#11995);
#3742=VERTEX_POINT('',#12008);
#3743=VERTEX_POINT('',#12014);
#3744=VERTEX_POINT('',#12031);
#3745=VERTEX_POINT('',#12037);
#3746=VERTEX_POINT('',#12054);
#3747=VERTEX_POINT('',#12060);
#3748=VERTEX_POINT('',#12077);
#3749=VERTEX_POINT('',#12083);
#3750=VERTEX_POINT('',#12100);
#3751=VERTEX_POINT('',#12106);
#3752=VERTEX_POINT('',#12123);
#3753=VERTEX_POINT('',#12129);
#3754=VERTEX_POINT('',#12146);
#3755=VERTEX_POINT('',#12152);
#3756=VERTEX_POINT('',#12169);
#3757=VERTEX_POINT('',#12175);
#3758=VERTEX_POINT('',#12192);
#3759=VERTEX_POINT('',#12198);
#3760=VERTEX_POINT('',#12215);
#3761=VERTEX_POINT('',#12221);
#3762=VERTEX_POINT('',#12238);
#3763=VERTEX_POINT('',#12244);
#3764=VERTEX_POINT('',#12261);
#3765=VERTEX_POINT('',#12267);
#3766=VERTEX_POINT('',#12284);
#3767=VERTEX_POINT('',#12290);
#3768=VERTEX_POINT('',#12307);
#3769=VERTEX_POINT('',#12313);
#3770=VERTEX_POINT('',#12330);
#3771=VERTEX_POINT('',#12336);
#3772=VERTEX_POINT('',#12353);
#3773=VERTEX_POINT('',#12359);
#3774=VERTEX_POINT('',#12376);
#3775=VERTEX_POINT('',#12382);
#3776=VERTEX_POINT('',#12399);
#3777=VERTEX_POINT('',#12405);
#3778=VERTEX_POINT('',#12413);
#3779=VERTEX_POINT('',#12415);
#3780=VERTEX_POINT('',#12428);
#3781=VERTEX_POINT('',#12434);
#3782=VERTEX_POINT('',#12451);
#3783=VERTEX_POINT('',#12457);
#3784=VERTEX_POINT('',#12474);
#3785=VERTEX_POINT('',#12480);
#3786=VERTEX_POINT('',#12497);
#3787=VERTEX_POINT('',#12503);
#3788=VERTEX_POINT('',#12520);
#3789=VERTEX_POINT('',#12526);
#3790=VERTEX_POINT('',#12543);
#3791=VERTEX_POINT('',#12549);
#3792=VERTEX_POINT('',#12566);
#3793=VERTEX_POINT('',#12572);
#3794=VERTEX_POINT('',#12589);
#3795=VERTEX_POINT('',#12595);
#3796=VERTEX_POINT('',#12612);
#3797=VERTEX_POINT('',#12618);
#3798=VERTEX_POINT('',#12635);
#3799=VERTEX_POINT('',#12641);
#3800=VERTEX_POINT('',#12658);
#3801=VERTEX_POINT('',#12664);
#3802=VERTEX_POINT('',#12681);
#3803=VERTEX_POINT('',#12687);
#3804=VERTEX_POINT('',#12704);
#3805=VERTEX_POINT('',#12710);
#3806=VERTEX_POINT('',#12727);
#3807=VERTEX_POINT('',#12733);
#3808=VERTEX_POINT('',#12762);
#3809=VERTEX_POINT('',#12763);
#3810=VERTEX_POINT('',#12765);
#3811=VERTEX_POINT('',#12767);
#3812=VERTEX_POINT('',#12771);
#3813=VERTEX_POINT('',#12773);
#3814=VERTEX_POINT('',#12777);
#3815=VERTEX_POINT('',#12779);
#3816=VERTEX_POINT('',#12792);
#3817=VERTEX_POINT('',#12798);
#3818=VERTEX_POINT('',#12815);
#3819=VERTEX_POINT('',#12821);
#3820=VERTEX_POINT('',#12838);
#3821=VERTEX_POINT('',#12844);
#3822=VERTEX_POINT('',#12861);
#3823=VERTEX_POINT('',#12867);
#3824=VERTEX_POINT('',#12884);
#3825=VERTEX_POINT('',#12890);
#3826=VERTEX_POINT('',#12907);
#3827=VERTEX_POINT('',#12913);
#3828=VERTEX_POINT('',#12930);
#3829=VERTEX_POINT('',#12936);
#3830=VERTEX_POINT('',#12953);
#3831=VERTEX_POINT('',#12959);
#3832=VERTEX_POINT('',#12976);
#3833=VERTEX_POINT('',#12982);
#3834=VERTEX_POINT('',#12999);
#3835=VERTEX_POINT('',#13005);
#3836=VERTEX_POINT('',#13022);
#3837=VERTEX_POINT('',#13028);
#3838=VERTEX_POINT('',#13036);
#3839=VERTEX_POINT('',#13038);
#3840=VERTEX_POINT('',#13051);
#3841=VERTEX_POINT('',#13057);
#3842=VERTEX_POINT('',#13074);
#3843=VERTEX_POINT('',#13080);
#3844=VERTEX_POINT('',#13097);
#3845=VERTEX_POINT('',#13103);
#3846=VERTEX_POINT('',#13120);
#3847=VERTEX_POINT('',#13126);
#3848=VERTEX_POINT('',#13143);
#3849=VERTEX_POINT('',#13149);
#3850=VERTEX_POINT('',#13166);
#3851=VERTEX_POINT('',#13172);
#3852=VERTEX_POINT('',#13189);
#3853=VERTEX_POINT('',#13195);
#3854=VERTEX_POINT('',#13212);
#3855=VERTEX_POINT('',#13218);
#3856=VERTEX_POINT('',#13235);
#3857=VERTEX_POINT('',#13241);
#3858=VERTEX_POINT('',#13258);
#3859=VERTEX_POINT('',#13264);
#3860=VERTEX_POINT('',#13281);
#3861=VERTEX_POINT('',#13287);
#3862=VERTEX_POINT('',#13304);
#3863=VERTEX_POINT('',#13310);
#3864=VERTEX_POINT('',#13318);
#3865=VERTEX_POINT('',#13320);
#3866=VERTEX_POINT('',#13328);
#3867=VERTEX_POINT('',#13329);
#3868=VERTEX_POINT('',#13331);
#3869=VERTEX_POINT('',#13333);
#3870=VERTEX_POINT('',#13346);
#3871=VERTEX_POINT('',#13352);
#3872=VERTEX_POINT('',#13369);
#3873=VERTEX_POINT('',#13375);
#3874=VERTEX_POINT('',#13392);
#3875=VERTEX_POINT('',#13398);
#3876=VERTEX_POINT('',#13415);
#3877=VERTEX_POINT('',#13421);
#3878=VERTEX_POINT('',#13438);
#3879=VERTEX_POINT('',#13444);
#3880=VERTEX_POINT('',#13461);
#3881=VERTEX_POINT('',#13467);
#3882=VERTEX_POINT('',#13484);
#3883=VERTEX_POINT('',#13490);
#3884=VERTEX_POINT('',#13498);
#3885=VERTEX_POINT('',#13500);
#3886=VERTEX_POINT('',#13507);
#3887=VERTEX_POINT('',#13508);
#3888=VERTEX_POINT('',#13510);
#3889=VERTEX_POINT('',#13512);
#3890=VERTEX_POINT('',#13516);
#3891=VERTEX_POINT('',#13518);
#3892=VERTEX_POINT('',#13531);
#3893=VERTEX_POINT('',#13537);
#3894=VERTEX_POINT('',#13554);
#3895=VERTEX_POINT('',#13560);
#3896=VERTEX_POINT('',#13577);
#3897=VERTEX_POINT('',#13583);
#3898=VERTEX_POINT('',#13600);
#3899=VERTEX_POINT('',#13606);
#3900=VERTEX_POINT('',#13623);
#3901=VERTEX_POINT('',#13629);
#3902=VERTEX_POINT('',#13646);
#3903=VERTEX_POINT('',#13652);
#3904=VERTEX_POINT('',#13669);
#3905=VERTEX_POINT('',#13675);
#3906=VERTEX_POINT('',#13692);
#3907=VERTEX_POINT('',#13698);
#3908=VERTEX_POINT('',#13715);
#3909=VERTEX_POINT('',#13721);
#3910=VERTEX_POINT('',#13733);
#3911=VERTEX_POINT('',#13734);
#3912=VERTEX_POINT('',#13736);
#3913=VERTEX_POINT('',#13738);
#3914=VERTEX_POINT('',#13740);
#3915=VERTEX_POINT('',#13742);
#3916=VERTEX_POINT('',#13744);
#3917=VERTEX_POINT('',#13746);
#3918=VERTEX_POINT('',#13749);
#3919=VERTEX_POINT('',#13750);
#3920=VERTEX_POINT('',#13752);
#3921=VERTEX_POINT('',#13754);
#3922=VERTEX_POINT('',#13756);
#3923=VERTEX_POINT('',#13758);
#3924=VERTEX_POINT('',#13760);
#3925=VERTEX_POINT('',#13762);
#3926=VERTEX_POINT('',#13765);
#3927=VERTEX_POINT('',#13766);
#3928=VERTEX_POINT('',#13768);
#3929=VERTEX_POINT('',#13770);
#3930=VERTEX_POINT('',#13772);
#3931=VERTEX_POINT('',#13774);
#3932=VERTEX_POINT('',#13776);
#3933=VERTEX_POINT('',#13778);
#3934=VERTEX_POINT('',#13780);
#3935=VERTEX_POINT('',#13782);
#3936=VERTEX_POINT('',#13784);
#3937=VERTEX_POINT('',#13786);
#3938=VERTEX_POINT('',#13789);
#3939=VERTEX_POINT('',#13790);
#3940=VERTEX_POINT('',#13792);
#3941=VERTEX_POINT('',#13794);
#3942=VERTEX_POINT('',#13800);
#3943=VERTEX_POINT('',#13806);
#3944=VERTEX_POINT('',#13812);
#3945=VERTEX_POINT('',#13818);
#3946=VERTEX_POINT('',#13824);
#3947=VERTEX_POINT('',#13830);
#3948=VERTEX_POINT('',#13832);
#3949=VERTEX_POINT('',#13835);
#3950=VERTEX_POINT('',#13836);
#3951=VERTEX_POINT('',#13838);
#3952=VERTEX_POINT('',#13844);
#3953=VERTEX_POINT('',#13850);
#3954=VERTEX_POINT('',#13856);
#3955=VERTEX_POINT('',#13862);
#3956=VERTEX_POINT('',#13868);
#3957=VERTEX_POINT('',#13874);
#3958=VERTEX_POINT('',#13880);
#3959=VERTEX_POINT('',#13886);
#3960=VERTEX_POINT('',#13892);
#3961=VERTEX_POINT('',#13898);
#3962=VERTEX_POINT('',#13900);
#3963=VERTEX_POINT('',#13906);
#3964=VERTEX_POINT('',#13912);
#3965=VERTEX_POINT('',#13918);
#3966=VERTEX_POINT('',#13924);
#3967=VERTEX_POINT('',#13930);
#3968=VERTEX_POINT('',#13936);
#3969=VERTEX_POINT('',#13942);
#3970=VERTEX_POINT('',#13948);
#3971=VERTEX_POINT('',#13959);
#3972=VERTEX_POINT('',#13960);
#3973=VERTEX_POINT('',#13962);
#3974=VERTEX_POINT('',#13964);
#3975=VERTEX_POINT('',#13966);
#3976=VERTEX_POINT('',#13968);
#3977=VERTEX_POINT('',#13970);
#3978=VERTEX_POINT('',#13972);
#3979=VERTEX_POINT('',#13974);
#3980=VERTEX_POINT('',#13976);
#3981=VERTEX_POINT('',#13978);
#3982=VERTEX_POINT('',#13980);
#3983=VERTEX_POINT('',#13983);
#3984=VERTEX_POINT('',#13984);
#3985=VERTEX_POINT('',#13986);
#3986=VERTEX_POINT('',#13988);
#3987=VERTEX_POINT('',#13990);
#3988=VERTEX_POINT('',#13992);
#3989=VERTEX_POINT('',#13994);
#3990=VERTEX_POINT('',#13996);
#3991=VERTEX_POINT('',#13998);
#3992=VERTEX_POINT('',#14000);
#3993=VERTEX_POINT('',#14002);
#3994=VERTEX_POINT('',#14004);
#3995=VERTEX_POINT('',#14007);
#3996=VERTEX_POINT('',#14008);
#3997=VERTEX_POINT('',#14010);
#3998=VERTEX_POINT('',#14012);
#3999=VERTEX_POINT('',#14014);
#4000=VERTEX_POINT('',#14016);
#4001=VERTEX_POINT('',#14018);
#4002=VERTEX_POINT('',#14020);
#4003=VERTEX_POINT('',#14023);
#4004=VERTEX_POINT('',#14024);
#4005=VERTEX_POINT('',#14026);
#4006=VERTEX_POINT('',#14028);
#4007=VERTEX_POINT('',#14030);
#4008=VERTEX_POINT('',#14032);
#4009=VERTEX_POINT('',#14034);
#4010=VERTEX_POINT('',#14036);
#4011=VERTEX_POINT('',#14039);
#4012=VERTEX_POINT('',#14041);
#4013=VERTEX_POINT('',#14042);
#4014=VERTEX_POINT('',#14044);
#4015=VERTEX_POINT('',#14046);
#4016=VERTEX_POINT('',#14048);
#4017=VERTEX_POINT('',#14050);
#4018=VERTEX_POINT('',#14052);
#4019=VERTEX_POINT('',#14054);
#4020=VERTEX_POINT('',#14057);
#4021=VERTEX_POINT('',#14058);
#4022=VERTEX_POINT('',#14060);
#4023=VERTEX_POINT('',#14062);
#4024=VERTEX_POINT('',#14064);
#4025=VERTEX_POINT('',#14066);
#4026=VERTEX_POINT('',#14068);
#4027=VERTEX_POINT('',#14070);
#4028=VERTEX_POINT('',#14073);
#4029=VERTEX_POINT('',#14074);
#4030=VERTEX_POINT('',#14076);
#4031=VERTEX_POINT('',#14078);
#4032=VERTEX_POINT('',#14081);
#4033=VERTEX_POINT('',#14082);
#4034=VERTEX_POINT('',#14084);
#4035=VERTEX_POINT('',#14086);
#4036=VERTEX_POINT('',#14088);
#4037=VERTEX_POINT('',#14090);
#4038=VERTEX_POINT('',#14092);
#4039=VERTEX_POINT('',#14094);
#4040=VERTEX_POINT('',#14097);
#4041=VERTEX_POINT('',#14098);
#4042=VERTEX_POINT('',#14100);
#4043=VERTEX_POINT('',#14102);
#4044=VERTEX_POINT('',#14104);
#4045=VERTEX_POINT('',#14106);
#4046=VERTEX_POINT('',#14108);
#4047=VERTEX_POINT('',#14110);
#4048=VERTEX_POINT('',#14113);
#4049=VERTEX_POINT('',#14115);
#4050=VERTEX_POINT('',#14117);
#4051=VERTEX_POINT('',#14119);
#4052=VERTEX_POINT('',#14120);
#4053=VERTEX_POINT('',#14122);
#4054=VERTEX_POINT('',#14124);
#4055=VERTEX_POINT('',#14127);
#4056=VERTEX_POINT('',#14128);
#4057=VERTEX_POINT('',#14130);
#4058=VERTEX_POINT('',#14132);
#4059=VERTEX_POINT('',#14134);
#4060=VERTEX_POINT('',#14136);
#4061=VERTEX_POINT('',#14138);
#4062=VERTEX_POINT('',#14140);
#4063=VERTEX_POINT('',#14143);
#4064=VERTEX_POINT('',#14144);
#4065=VERTEX_POINT('',#14146);
#4066=VERTEX_POINT('',#14148);
#4067=VERTEX_POINT('',#14150);
#4068=VERTEX_POINT('',#14152);
#4069=VERTEX_POINT('',#14154);
#4070=VERTEX_POINT('',#14156);
#4071=VERTEX_POINT('',#14160);
#4072=VERTEX_POINT('',#14161);
#4073=VERTEX_POINT('',#14163);
#4074=VERTEX_POINT('',#14165);
#4075=VERTEX_POINT('',#14169);
#4076=VERTEX_POINT('',#14171);
#4077=VERTEX_POINT('',#14184);
#4078=VERTEX_POINT('',#14190);
#4079=VERTEX_POINT('',#14207);
#4080=VERTEX_POINT('',#14213);
#4081=VERTEX_POINT('',#14224);
#4082=VERTEX_POINT('',#14226);
#4083=VERTEX_POINT('',#14230);
#4084=VERTEX_POINT('',#14234);
#4085=VERTEX_POINT('',#14238);
#4086=VERTEX_POINT('',#14242);
#4087=VERTEX_POINT('',#14246);
#4088=VERTEX_POINT('',#14250);
#4089=VERTEX_POINT('',#14258);
#4090=VERTEX_POINT('',#14260);
#4091=VERTEX_POINT('',#14264);
#4092=VERTEX_POINT('',#14268);
#4093=VERTEX_POINT('',#14272);
#4094=VERTEX_POINT('',#14276);
#4095=VERTEX_POINT('',#14280);
#4096=VERTEX_POINT('',#14284);
#4097=VERTEX_POINT('',#14288);
#4098=VERTEX_POINT('',#14292);
#4099=VERTEX_POINT('',#14296);
#4100=VERTEX_POINT('',#14300);
#4101=VERTEX_POINT('',#14307);
#4102=VERTEX_POINT('',#14308);
#4103=VERTEX_POINT('',#14310);
#4104=VERTEX_POINT('',#14312);
#4105=VERTEX_POINT('',#14316);
#4106=VERTEX_POINT('',#14318);
#4107=VERTEX_POINT('',#14331);
#4108=VERTEX_POINT('',#14337);
#4109=VERTEX_POINT('',#14354);
#4110=VERTEX_POINT('',#14360);
#4111=VERTEX_POINT('',#14371);
#4112=VERTEX_POINT('',#14373);
#4113=VERTEX_POINT('',#14377);
#4114=VERTEX_POINT('',#14381);
#4115=VERTEX_POINT('',#14385);
#4116=VERTEX_POINT('',#14389);
#4117=VERTEX_POINT('',#14393);
#4118=VERTEX_POINT('',#14397);
#4119=VERTEX_POINT('',#14405);
#4120=VERTEX_POINT('',#14406);
#4121=VERTEX_POINT('',#14408);
#4122=VERTEX_POINT('',#14410);
#4123=VERTEX_POINT('',#14423);
#4124=VERTEX_POINT('',#14429);
#4125=VERTEX_POINT('',#14446);
#4126=VERTEX_POINT('',#14452);
#4127=VERTEX_POINT('',#14469);
#4128=VERTEX_POINT('',#14475);
#4129=VERTEX_POINT('',#14492);
#4130=VERTEX_POINT('',#14498);
#4131=VERTEX_POINT('',#14515);
#4132=VERTEX_POINT('',#14521);
#4133=VERTEX_POINT('',#14529);
#4134=VERTEX_POINT('',#14531);
#4135=VERTEX_POINT('',#14538);
#4136=VERTEX_POINT('',#14540);
#4137=VERTEX_POINT('',#14544);
#4138=VERTEX_POINT('',#14557);
#4139=VERTEX_POINT('',#14574);
#4140=VERTEX_POINT('',#14591);
#4141=VERTEX_POINT('',#14608);
#4142=VERTEX_POINT('',#14625);
#4143=VERTEX_POINT('',#14642);
#4144=VERTEX_POINT('',#14650);
#4145=VERTEX_POINT('',#14654);
#4146=VERTEX_POINT('',#14662);
#4147=VERTEX_POINT('',#14664);
#4148=VERTEX_POINT('',#14677);
#4149=VERTEX_POINT('',#14694);
#4150=VERTEX_POINT('',#14711);
#4151=VERTEX_POINT('',#14728);
#4152=VERTEX_POINT('',#14745);
#4153=VERTEX_POINT('',#14762);
#4154=VERTEX_POINT('',#14779);
#4155=VERTEX_POINT('',#14796);
#4156=VERTEX_POINT('',#14813);
#4157=VERTEX_POINT('',#14830);
#4158=VERTEX_POINT('',#14838);
#4159=VERTEX_POINT('',#14851);
#4160=VERTEX_POINT('',#14868);
#4161=VERTEX_POINT('',#14885);
#4162=VERTEX_POINT('',#14902);
#4163=VERTEX_POINT('',#14919);
#4164=VERTEX_POINT('',#14936);
#4165=VERTEX_POINT('',#14953);
#4166=VERTEX_POINT('',#14970);
#4167=VERTEX_POINT('',#14987);
#4168=VERTEX_POINT('',#15011);
#4169=VERTEX_POINT('',#15013);
#4170=VERTEX_POINT('',#15017);
#4171=VERTEX_POINT('',#15021);
#4172=VERTEX_POINT('',#15025);
#4173=VERTEX_POINT('',#15029);
#4174=VERTEX_POINT('',#15033);
#4175=VERTEX_POINT('',#15037);
#4176=VERTEX_POINT('',#15041);
#4177=VERTEX_POINT('',#15045);
#4178=VERTEX_POINT('',#15049);
#4179=VERTEX_POINT('',#15053);
#4180=VERTEX_POINT('',#15060);
#4181=VERTEX_POINT('',#15062);
#4182=VERTEX_POINT('',#15066);
#4183=VERTEX_POINT('',#15070);
#4184=VERTEX_POINT('',#15074);
#4185=VERTEX_POINT('',#15078);
#4186=VERTEX_POINT('',#15082);
#4187=VERTEX_POINT('',#15086);
#4188=VERTEX_POINT('',#15090);
#4189=VERTEX_POINT('',#15094);
#4190=VERTEX_POINT('',#15098);
#4191=VERTEX_POINT('',#15102);
#4192=VERTEX_POINT('',#15109);
#4193=VERTEX_POINT('',#15110);
#4194=VERTEX_POINT('',#15112);
#4195=VERTEX_POINT('',#15114);
#4196=VERTEX_POINT('',#15118);
#4197=VERTEX_POINT('',#15120);
#4198=VERTEX_POINT('',#15133);
#4199=VERTEX_POINT('',#15139);
#4200=VERTEX_POINT('',#15156);
#4201=VERTEX_POINT('',#15162);
#4202=VERTEX_POINT('',#15173);
#4203=VERTEX_POINT('',#15175);
#4204=VERTEX_POINT('',#15179);
#4205=VERTEX_POINT('',#15183);
#4206=VERTEX_POINT('',#15187);
#4207=VERTEX_POINT('',#15191);
#4208=VERTEX_POINT('',#15195);
#4209=VERTEX_POINT('',#15199);
#4210=VERTEX_POINT('',#15207);
#4211=VERTEX_POINT('',#15209);
#4212=VERTEX_POINT('',#15213);
#4213=VERTEX_POINT('',#15217);
#4214=VERTEX_POINT('',#15224);
#4215=VERTEX_POINT('',#15225);
#4216=VERTEX_POINT('',#15227);
#4217=VERTEX_POINT('',#15229);
#4218=VERTEX_POINT('',#15233);
#4219=VERTEX_POINT('',#15235);
#4220=VERTEX_POINT('',#15239);
#4221=VERTEX_POINT('',#15241);
#4222=VERTEX_POINT('',#15245);
#4223=VERTEX_POINT('',#15247);
#4224=VERTEX_POINT('',#15251);
#4225=VERTEX_POINT('',#15253);
#4226=VERTEX_POINT('',#15257);
#4227=VERTEX_POINT('',#15259);
#4228=VERTEX_POINT('',#15263);
#4229=VERTEX_POINT('',#15265);
#4230=VERTEX_POINT('',#15269);
#4231=VERTEX_POINT('',#15271);
#4232=VERTEX_POINT('',#15275);
#4233=VERTEX_POINT('',#15277);
#4234=VERTEX_POINT('',#15281);
#4235=VERTEX_POINT('',#15283);
#4236=VERTEX_POINT('',#15287);
#4237=VERTEX_POINT('',#15289);
#4238=VERTEX_POINT('',#15306);
#4239=VERTEX_POINT('',#15307);
#4240=VERTEX_POINT('',#15313);
#4241=VERTEX_POINT('',#15315);
#4242=VERTEX_POINT('',#15332);
#4243=VERTEX_POINT('',#15338);
#4244=VERTEX_POINT('',#15346);
#4245=VERTEX_POINT('',#15348);
#4246=VERTEX_POINT('',#15361);
#4247=VERTEX_POINT('',#15367);
#4248=VERTEX_POINT('',#15384);
#4249=VERTEX_POINT('',#15390);
#4250=VERTEX_POINT('',#15398);
#4251=VERTEX_POINT('',#15400);
#4252=VERTEX_POINT('',#15413);
#4253=VERTEX_POINT('',#15419);
#4254=VERTEX_POINT('',#15436);
#4255=VERTEX_POINT('',#15442);
#4256=VERTEX_POINT('',#15450);
#4257=VERTEX_POINT('',#15452);
#4258=VERTEX_POINT('',#15465);
#4259=VERTEX_POINT('',#15471);
#4260=VERTEX_POINT('',#15488);
#4261=VERTEX_POINT('',#15494);
#4262=VERTEX_POINT('',#15502);
#4263=VERTEX_POINT('',#15504);
#4264=VERTEX_POINT('',#15508);
#4265=VERTEX_POINT('',#15510);
#4266=VERTEX_POINT('',#15514);
#4267=VERTEX_POINT('',#15516);
#4268=VERTEX_POINT('',#15520);
#4269=VERTEX_POINT('',#15522);
#4270=VERTEX_POINT('',#15526);
#4271=VERTEX_POINT('',#15528);
#4272=VERTEX_POINT('',#15532);
#4273=VERTEX_POINT('',#15534);
#4274=VERTEX_POINT('',#15538);
#4275=VERTEX_POINT('',#15540);
#4276=VERTEX_POINT('',#15544);
#4277=VERTEX_POINT('',#15546);
#4278=VERTEX_POINT('',#15554);
#4279=VERTEX_POINT('',#15555);
#4280=VERTEX_POINT('',#15557);
#4281=VERTEX_POINT('',#15559);
#4282=VERTEX_POINT('',#15563);
#4283=VERTEX_POINT('',#15565);
#4284=VERTEX_POINT('',#15569);
#4285=VERTEX_POINT('',#15571);
#4286=VERTEX_POINT('',#15575);
#4287=VERTEX_POINT('',#15577);
#4288=VERTEX_POINT('',#15581);
#4289=VERTEX_POINT('',#15583);
#4290=VERTEX_POINT('',#15587);
#4291=VERTEX_POINT('',#15589);
#4292=VERTEX_POINT('',#15593);
#4293=VERTEX_POINT('',#15595);
#4294=VERTEX_POINT('',#15599);
#4295=VERTEX_POINT('',#15601);
#4296=VERTEX_POINT('',#15605);
#4297=VERTEX_POINT('',#15607);
#4298=VERTEX_POINT('',#15611);
#4299=VERTEX_POINT('',#15613);
#4300=VERTEX_POINT('',#15617);
#4301=VERTEX_POINT('',#15619);
#4302=VERTEX_POINT('',#15627);
#4303=VERTEX_POINT('',#15628);
#4304=VERTEX_POINT('',#15630);
#4305=VERTEX_POINT('',#15632);
#4306=VERTEX_POINT('',#15636);
#4307=VERTEX_POINT('',#15638);
#4308=VERTEX_POINT('',#15645);
#4309=VERTEX_POINT('',#15646);
#4310=VERTEX_POINT('',#15648);
#4311=VERTEX_POINT('',#15650);
#4312=VERTEX_POINT('',#15654);
#4313=VERTEX_POINT('',#15656);
#4314=VERTEX_POINT('',#15660);
#4315=VERTEX_POINT('',#15662);
#4316=VERTEX_POINT('',#15666);
#4317=VERTEX_POINT('',#15668);
#4318=VERTEX_POINT('',#15672);
#4319=VERTEX_POINT('',#15674);
#4320=VERTEX_POINT('',#15678);
#4321=VERTEX_POINT('',#15680);
#4322=VERTEX_POINT('',#15684);
#4323=VERTEX_POINT('',#15686);
#4324=VERTEX_POINT('',#15690);
#4325=VERTEX_POINT('',#15692);
#4326=VERTEX_POINT('',#15700);
#4327=VERTEX_POINT('',#15701);
#4328=VERTEX_POINT('',#15703);
#4329=VERTEX_POINT('',#15705);
#4330=VERTEX_POINT('',#15707);
#4331=VERTEX_POINT('',#15709);
#4332=VERTEX_POINT('',#15711);
#4333=VERTEX_POINT('',#15713);
#4334=VERTEX_POINT('',#15716);
#4335=VERTEX_POINT('',#15717);
#4336=VERTEX_POINT('',#15719);
#4337=VERTEX_POINT('',#15721);
#4338=VERTEX_POINT('',#15723);
#4339=VERTEX_POINT('',#15725);
#4340=VERTEX_POINT('',#15727);
#4341=VERTEX_POINT('',#15729);
#4342=VERTEX_POINT('',#15731);
#4343=VERTEX_POINT('',#15734);
#4344=VERTEX_POINT('',#15735);
#4345=VERTEX_POINT('',#15741);
#4346=VERTEX_POINT('',#15747);
#4347=VERTEX_POINT('',#15749);
#4348=VERTEX_POINT('',#15755);
#4349=VERTEX_POINT('',#15761);
#4350=VERTEX_POINT('',#15763);
#4351=VERTEX_POINT('',#15765);
#4352=VERTEX_POINT('',#15767);
#4353=VERTEX_POINT('',#15769);
#4354=VERTEX_POINT('',#15771);
#4355=VERTEX_POINT('',#15773);
#4356=VERTEX_POINT('',#15779);
#4357=VERTEX_POINT('',#15781);
#4358=VERTEX_POINT('',#15787);
#4359=VERTEX_POINT('',#15793);
#4360=VERTEX_POINT('',#15795);
#4361=VERTEX_POINT('',#15801);
#4362=VERTEX_POINT('',#15807);
#4363=VERTEX_POINT('',#15809);
#4364=VERTEX_POINT('',#15811);
#4365=VERTEX_POINT('',#15813);
#4366=VERTEX_POINT('',#15815);
#4367=VERTEX_POINT('',#15817);
#4368=VERTEX_POINT('',#15819);
#4369=VERTEX_POINT('',#15826);
#4370=VERTEX_POINT('',#15827);
#4371=VERTEX_POINT('',#15829);
#4372=VERTEX_POINT('',#15831);
#4373=VERTEX_POINT('',#15833);
#4374=VERTEX_POINT('',#15835);
#4375=VERTEX_POINT('',#15837);
#4376=VERTEX_POINT('',#15839);
#4377=VERTEX_POINT('',#15845);
#4378=VERTEX_POINT('',#15848);
#4379=VERTEX_POINT('',#15849);
#4380=VERTEX_POINT('',#15855);
#4381=VERTEX_POINT('',#15861);
#4382=VERTEX_POINT('',#15863);
#4383=VERTEX_POINT('',#15865);
#4384=VERTEX_POINT('',#15867);
#4385=VERTEX_POINT('',#15873);
#4386=VERTEX_POINT('',#15880);
#4387=VERTEX_POINT('',#15882);
#4388=VERTEX_POINT('',#15884);
#4389=VERTEX_POINT('',#15886);
#4390=VERTEX_POINT('',#15887);
#4391=VERTEX_POINT('',#15889);
#4392=VERTEX_POINT('',#15891);
#4393=VERTEX_POINT('',#15893);
#4394=VERTEX_POINT('',#15895);
#4395=VERTEX_POINT('',#15897);
#4396=VERTEX_POINT('',#15899);
#4397=VERTEX_POINT('',#15902);
#4398=VERTEX_POINT('',#15903);
#4399=VERTEX_POINT('',#15905);
#4400=VERTEX_POINT('',#15907);
#4401=VERTEX_POINT('',#15909);
#4402=VERTEX_POINT('',#15911);
#4403=VERTEX_POINT('',#15913);
#4404=VERTEX_POINT('',#15915);
#4405=VERTEX_POINT('',#15918);
#4406=VERTEX_POINT('',#15919);
#4407=VERTEX_POINT('',#15921);
#4408=VERTEX_POINT('',#15923);
#4409=VERTEX_POINT('',#15926);
#4410=VERTEX_POINT('',#15927);
#4411=VERTEX_POINT('',#15929);
#4412=VERTEX_POINT('',#15931);
#4413=VERTEX_POINT('',#15933);
#4414=VERTEX_POINT('',#15935);
#4415=VERTEX_POINT('',#15937);
#4416=VERTEX_POINT('',#15939);
#4417=VERTEX_POINT('',#15942);
#4418=VERTEX_POINT('',#15943);
#4419=VERTEX_POINT('',#15945);
#4420=VERTEX_POINT('',#15947);
#4421=VERTEX_POINT('',#15949);
#4422=VERTEX_POINT('',#15951);
#4423=VERTEX_POINT('',#15953);
#4424=VERTEX_POINT('',#15955);
#4425=VERTEX_POINT('',#15958);
#4426=VERTEX_POINT('',#15960);
#4427=VERTEX_POINT('',#15961);
#4428=VERTEX_POINT('',#15963);
#4429=VERTEX_POINT('',#15965);
#4430=VERTEX_POINT('',#15967);
#4431=VERTEX_POINT('',#15969);
#4432=VERTEX_POINT('',#15971);
#4433=VERTEX_POINT('',#15973);
#4434=VERTEX_POINT('',#15976);
#4435=VERTEX_POINT('',#15977);
#4436=VERTEX_POINT('',#15979);
#4437=VERTEX_POINT('',#15981);
#4438=VERTEX_POINT('',#15983);
#4439=VERTEX_POINT('',#15985);
#4440=VERTEX_POINT('',#15987);
#4441=VERTEX_POINT('',#15989);
#4442=VERTEX_POINT('',#15992);
#4443=VERTEX_POINT('',#15993);
#4444=VERTEX_POINT('',#15995);
#4445=VERTEX_POINT('',#15997);
#4446=VERTEX_POINT('',#15999);
#4447=VERTEX_POINT('',#16001);
#4448=VERTEX_POINT('',#16003);
#4449=VERTEX_POINT('',#16005);
#4450=VERTEX_POINT('',#16007);
#4451=VERTEX_POINT('',#16010);
#4452=VERTEX_POINT('',#16011);
#4453=VERTEX_POINT('',#16017);
#4454=VERTEX_POINT('',#16023);
#4455=VERTEX_POINT('',#16025);
#4456=VERTEX_POINT('',#16027);
#4457=VERTEX_POINT('',#16029);
#4458=VERTEX_POINT('',#16031);
#4459=VERTEX_POINT('',#16033);
#4460=VERTEX_POINT('',#16039);
#4461=VERTEX_POINT('',#16046);
#4462=VERTEX_POINT('',#16047);
#4463=VERTEX_POINT('',#16053);
#4464=VERTEX_POINT('',#16059);
#4465=VERTEX_POINT('',#16061);
#4466=VERTEX_POINT('',#16067);
#4467=VERTEX_POINT('',#16073);
#4468=VERTEX_POINT('',#16075);
#4469=VERTEX_POINT('',#16081);
#4470=VERTEX_POINT('',#16087);
#4471=VERTEX_POINT('',#16089);
#4472=VERTEX_POINT('',#16095);
#4473=VERTEX_POINT('',#16101);
#4474=VERTEX_POINT('',#16103);
#4475=VERTEX_POINT('',#16105);
#4476=VERTEX_POINT('',#16107);
#4477=VERTEX_POINT('',#16109);
#4478=VERTEX_POINT('',#16111);
#4479=VERTEX_POINT('',#16113);
#4480=VERTEX_POINT('',#16115);
#4481=VERTEX_POINT('',#16117);
#4482=VERTEX_POINT('',#16119);
#4483=VERTEX_POINT('',#16122);
#4484=VERTEX_POINT('',#16123);
#4485=VERTEX_POINT('',#16125);
#4486=VERTEX_POINT('',#16127);
#4487=VERTEX_POINT('',#16129);
#4488=VERTEX_POINT('',#16131);
#4489=VERTEX_POINT('',#16133);
#4490=VERTEX_POINT('',#16135);
#4491=VERTEX_POINT('',#16137);
#4492=VERTEX_POINT('',#16139);
#4493=VERTEX_POINT('',#16141);
#4494=VERTEX_POINT('',#16143);
#4495=VERTEX_POINT('',#16146);
#4496=VERTEX_POINT('',#16147);
#4497=VERTEX_POINT('',#16149);
#4498=VERTEX_POINT('',#16151);
#4499=VERTEX_POINT('',#16155);
#4500=VERTEX_POINT('',#16157);
#4501=VERTEX_POINT('',#16161);
#4502=VERTEX_POINT('',#16165);
#4503=VERTEX_POINT('',#16172);
#4504=VERTEX_POINT('',#16174);
#4505=VERTEX_POINT('',#16178);
#4506=VERTEX_POINT('',#16182);
#4507=VERTEX_POINT('',#16186);
#4508=VERTEX_POINT('',#16190);
#4509=VERTEX_POINT('',#16194);
#4510=VERTEX_POINT('',#16198);
#4511=VERTEX_POINT('',#16202);
#4512=VERTEX_POINT('',#16206);
#4513=VERTEX_POINT('',#16210);
#4514=VERTEX_POINT('',#16214);
#4515=VERTEX_POINT('',#16230);
#4516=VERTEX_POINT('',#16232);
#4517=VERTEX_POINT('',#16249);
#4518=VERTEX_POINT('',#16257);
#4519=VERTEX_POINT('',#16270);
#4520=VERTEX_POINT('',#16287);
#4521=VERTEX_POINT('',#16295);
#4522=VERTEX_POINT('',#16308);
#4523=VERTEX_POINT('',#16325);
#4524=VERTEX_POINT('',#16333);
#4525=VERTEX_POINT('',#16346);
#4526=VERTEX_POINT('',#16363);
#4527=VERTEX_POINT('',#16371);
#4528=VERTEX_POINT('',#16375);
#4529=VERTEX_POINT('',#16379);
#4530=VERTEX_POINT('',#16383);
#4531=VERTEX_POINT('',#16387);
#4532=VERTEX_POINT('',#16391);
#4533=VERTEX_POINT('',#16395);
#4534=VERTEX_POINT('',#16399);
#4535=VERTEX_POINT('',#16403);
#4536=VERTEX_POINT('',#16407);
#4537=VERTEX_POINT('',#16414);
#4538=VERTEX_POINT('',#16415);
#4539=VERTEX_POINT('',#16417);
#4540=VERTEX_POINT('',#16419);
#4541=VERTEX_POINT('',#16423);
#4542=VERTEX_POINT('',#16425);
#4543=VERTEX_POINT('',#16432);
#4544=VERTEX_POINT('',#16434);
#4545=VERTEX_POINT('',#16438);
#4546=VERTEX_POINT('',#16442);
#4547=VERTEX_POINT('',#16446);
#4548=VERTEX_POINT('',#16450);
#4549=VERTEX_POINT('',#16454);
#4550=VERTEX_POINT('',#16458);
#4551=VERTEX_POINT('',#16462);
#4552=VERTEX_POINT('',#16479);
#4553=VERTEX_POINT('',#16481);
#4554=VERTEX_POINT('',#16498);
#4555=VERTEX_POINT('',#16506);
#4556=VERTEX_POINT('',#16519);
#4557=VERTEX_POINT('',#16536);
#4558=VERTEX_POINT('',#16544);
#4559=VERTEX_POINT('',#16548);
#4560=VERTEX_POINT('',#16552);
#4561=VERTEX_POINT('',#16556);
#4562=VERTEX_POINT('',#16560);
#4563=VERTEX_POINT('',#16564);
#4564=VERTEX_POINT('',#16577);
#4565=VERTEX_POINT('',#16585);
#4566=VERTEX_POINT('',#16598);
#4567=VERTEX_POINT('',#16615);
#4568=VERTEX_POINT('',#16623);
#4569=VERTEX_POINT('',#16636);
#4570=VERTEX_POINT('',#16653);
#4571=VERTEX_POINT('',#16661);
#4572=VERTEX_POINT('',#16665);
#4573=VERTEX_POINT('',#16669);
#4574=VERTEX_POINT('',#16673);
#4575=VERTEX_POINT('',#16677);
#4576=VERTEX_POINT('',#16681);
#4577=VERTEX_POINT('',#16694);
#4578=VERTEX_POINT('',#16705);
#4579=VERTEX_POINT('',#16707);
#4580=VERTEX_POINT('',#16711);
#4581=VERTEX_POINT('',#16715);
#4582=VERTEX_POINT('',#16719);
#4583=VERTEX_POINT('',#16723);
#4584=VERTEX_POINT('',#16727);
#4585=VERTEX_POINT('',#16744);
#4586=VERTEX_POINT('',#16752);
#4587=VERTEX_POINT('',#16759);
#4588=VERTEX_POINT('',#16760);
#4589=VERTEX_POINT('',#16762);
#4590=VERTEX_POINT('',#16764);
#4591=VERTEX_POINT('',#16768);
#4592=VERTEX_POINT('',#16770);
#4593=VERTEX_POINT('',#16774);
#4594=VERTEX_POINT('',#16776);
#4595=VERTEX_POINT('',#16792);
#4596=VERTEX_POINT('',#16794);
#4597=VERTEX_POINT('',#16811);
#4598=VERTEX_POINT('',#16819);
#4599=VERTEX_POINT('',#16823);
#4600=VERTEX_POINT('',#16827);
#4601=VERTEX_POINT('',#16831);
#4602=VERTEX_POINT('',#16835);
#4603=VERTEX_POINT('',#16848);
#4604=VERTEX_POINT('',#16865);
#4605=VERTEX_POINT('',#16877);
#4606=VERTEX_POINT('',#16878);
#4607=VERTEX_POINT('',#16880);
#4608=VERTEX_POINT('',#16882);
#4609=VERTEX_POINT('',#16895);
#4610=VERTEX_POINT('',#16901);
#4611=VERTEX_POINT('',#16918);
#4612=VERTEX_POINT('',#16924);
#4613=VERTEX_POINT('',#16932);
#4614=VERTEX_POINT('',#16934);
#4615=VERTEX_POINT('',#16938);
#4616=VERTEX_POINT('',#16940);
#4617=VERTEX_POINT('',#16944);
#4618=VERTEX_POINT('',#16946);
#4619=VERTEX_POINT('',#16959);
#4620=VERTEX_POINT('',#16965);
#4621=VERTEX_POINT('',#17002);
#4622=VERTEX_POINT('',#17004);
#4623=VERTEX_POINT('',#17021);
#4624=VERTEX_POINT('',#17029);
#4625=VERTEX_POINT('',#17033);
#4626=VERTEX_POINT('',#17037);
#4627=VERTEX_POINT('',#17050);
#4628=VERTEX_POINT('',#17067);
#4629=VERTEX_POINT('',#17079);
#4630=VERTEX_POINT('',#17080);
#4631=VERTEX_POINT('',#17082);
#4632=VERTEX_POINT('',#17084);
#4633=VERTEX_POINT('',#17088);
#4634=VERTEX_POINT('',#17090);
#4635=VERTEX_POINT('',#17097);
#4636=VERTEX_POINT('',#17099);
#4637=VERTEX_POINT('',#17103);
#4638=VERTEX_POINT('',#17107);
#4639=VERTEX_POINT('',#17111);
#4640=VERTEX_POINT('',#17115);
#4641=VERTEX_POINT('',#17119);
#4642=VERTEX_POINT('',#17123);
#4643=VERTEX_POINT('',#17127);
#4644=EDGE_CURVE('',#3720,#3721,#1678,.T.);
#4645=EDGE_CURVE('',#3720,#3722,#1679,.T.);
#4646=EDGE_CURVE('',#3723,#3722,#1680,.T.);
#4647=EDGE_CURVE('',#3721,#3723,#1681,.T.);
#4648=EDGE_CURVE('',#3721,#3724,#1682,.T.);
#4649=EDGE_CURVE('',#3725,#3723,#1683,.T.);
#4650=EDGE_CURVE('',#3724,#3725,#1684,.T.);
#4651=EDGE_CURVE('',#3724,#3726,#1685,.T.);
#4652=EDGE_CURVE('',#3727,#3725,#1686,.T.);
#4653=EDGE_CURVE('',#3726,#3727,#1687,.T.);
#4654=EDGE_CURVE('',#3726,#3728,#169,.T.);
#4655=EDGE_CURVE('',#3729,#3727,#170,.T.);
#4656=EDGE_CURVE('',#3728,#3729,#1688,.T.);
#4657=EDGE_CURVE('',#3728,#3730,#171,.T.);
#4658=EDGE_CURVE('',#3731,#3729,#172,.T.);
#4659=EDGE_CURVE('',#3730,#3731,#1689,.T.);
#4660=EDGE_CURVE('',#3730,#3732,#1690,.T.);
#4661=EDGE_CURVE('',#3733,#3731,#1691,.T.);
#4662=EDGE_CURVE('',#3732,#3733,#1692,.T.);
#4663=EDGE_CURVE('',#3732,#3734,#1693,.T.);
#4664=EDGE_CURVE('',#3735,#3733,#1694,.T.);
#4665=EDGE_CURVE('',#3734,#3735,#1695,.T.);
#4666=EDGE_CURVE('',#3734,#3736,#1696,.T.);
#4667=EDGE_CURVE('',#3737,#3735,#1697,.T.);
#4668=EDGE_CURVE('',#3736,#3737,#1698,.T.);
#4669=EDGE_CURVE('',#3736,#3720,#1699,.T.);
#4670=EDGE_CURVE('',#3722,#3737,#1700,.T.);
#4671=EDGE_CURVE('',#3738,#3739,#1701,.T.);
#4672=EDGE_CURVE('',#3738,#3740,#1702,.T.);
#4673=EDGE_CURVE('',#3741,#3740,#1703,.T.);
#4674=EDGE_CURVE('',#3739,#3741,#1704,.T.);
#4675=EDGE_CURVE('',#3739,#3742,#173,.T.);
#4676=EDGE_CURVE('',#3743,#3741,#174,.T.);
#4677=EDGE_CURVE('',#3742,#3743,#1705,.T.);
#4678=EDGE_CURVE('',#3742,#3744,#175,.T.);
#4679=EDGE_CURVE('',#3745,#3743,#176,.T.);
#4680=EDGE_CURVE('',#3744,#3745,#1706,.T.);
#4681=EDGE_CURVE('',#3744,#3746,#177,.T.);
#4682=EDGE_CURVE('',#3747,#3745,#178,.T.);
#4683=EDGE_CURVE('',#3746,#3747,#1707,.T.);
#4684=EDGE_CURVE('',#3746,#3748,#179,.T.);
#4685=EDGE_CURVE('',#3749,#3747,#180,.T.);
#4686=EDGE_CURVE('',#3748,#3749,#1708,.T.);
#4687=EDGE_CURVE('',#3748,#3750,#181,.T.);
#4688=EDGE_CURVE('',#3751,#3749,#182,.T.);
#4689=EDGE_CURVE('',#3750,#3751,#1709,.T.);
#4690=EDGE_CURVE('',#3750,#3752,#183,.T.);
#4691=EDGE_CURVE('',#3753,#3751,#184,.T.);
#4692=EDGE_CURVE('',#3752,#3753,#1710,.T.);
#4693=EDGE_CURVE('',#3752,#3754,#185,.T.);
#4694=EDGE_CURVE('',#3755,#3753,#186,.T.);
#4695=EDGE_CURVE('',#3754,#3755,#1711,.T.);
#4696=EDGE_CURVE('',#3754,#3756,#187,.T.);
#4697=EDGE_CURVE('',#3757,#3755,#188,.T.);
#4698=EDGE_CURVE('',#3756,#3757,#1712,.T.);
#4699=EDGE_CURVE('',#3756,#3758,#189,.T.);
#4700=EDGE_CURVE('',#3759,#3757,#190,.T.);
#4701=EDGE_CURVE('',#3758,#3759,#1713,.T.);
#4702=EDGE_CURVE('',#3758,#3760,#191,.T.);
#4703=EDGE_CURVE('',#3761,#3759,#192,.T.);
#4704=EDGE_CURVE('',#3760,#3761,#1714,.T.);
#4705=EDGE_CURVE('',#3760,#3762,#193,.T.);
#4706=EDGE_CURVE('',#3763,#3761,#194,.T.);
#4707=EDGE_CURVE('',#3762,#3763,#1715,.T.);
#4708=EDGE_CURVE('',#3762,#3764,#195,.T.);
#4709=EDGE_CURVE('',#3765,#3763,#196,.T.);
#4710=EDGE_CURVE('',#3764,#3765,#1716,.T.);
#4711=EDGE_CURVE('',#3764,#3766,#197,.T.);
#4712=EDGE_CURVE('',#3767,#3765,#198,.T.);
#4713=EDGE_CURVE('',#3766,#3767,#1717,.T.);
#4714=EDGE_CURVE('',#3766,#3768,#199,.T.);
#4715=EDGE_CURVE('',#3769,#3767,#200,.T.);
#4716=EDGE_CURVE('',#3768,#3769,#1718,.T.);
#4717=EDGE_CURVE('',#3768,#3770,#201,.T.);
#4718=EDGE_CURVE('',#3771,#3769,#202,.T.);
#4719=EDGE_CURVE('',#3770,#3771,#1719,.T.);
#4720=EDGE_CURVE('',#3770,#3772,#203,.T.);
#4721=EDGE_CURVE('',#3773,#3771,#204,.T.);
#4722=EDGE_CURVE('',#3772,#3773,#1720,.T.);
#4723=EDGE_CURVE('',#3772,#3774,#205,.T.);
#4724=EDGE_CURVE('',#3775,#3773,#206,.T.);
#4725=EDGE_CURVE('',#3774,#3775,#1721,.T.);
#4726=EDGE_CURVE('',#3774,#3776,#207,.T.);
#4727=EDGE_CURVE('',#3777,#3775,#208,.T.);
#4728=EDGE_CURVE('',#3776,#3777,#1722,.T.);
#4729=EDGE_CURVE('',#3776,#3778,#1723,.T.);
#4730=EDGE_CURVE('',#3779,#3777,#1724,.T.);
#4731=EDGE_CURVE('',#3778,#3779,#1725,.T.);
#4732=EDGE_CURVE('',#3778,#3780,#209,.T.);
#4733=EDGE_CURVE('',#3781,#3779,#210,.T.);
#4734=EDGE_CURVE('',#3780,#3781,#1726,.T.);
#4735=EDGE_CURVE('',#3780,#3782,#211,.T.);
#4736=EDGE_CURVE('',#3783,#3781,#212,.T.);
#4737=EDGE_CURVE('',#3782,#3783,#1727,.T.);
#4738=EDGE_CURVE('',#3782,#3784,#213,.T.);
#4739=EDGE_CURVE('',#3785,#3783,#214,.T.);
#4740=EDGE_CURVE('',#3784,#3785,#1728,.T.);
#4741=EDGE_CURVE('',#3784,#3786,#215,.T.);
#4742=EDGE_CURVE('',#3787,#3785,#216,.T.);
#4743=EDGE_CURVE('',#3786,#3787,#1729,.T.);
#4744=EDGE_CURVE('',#3786,#3788,#217,.T.);
#4745=EDGE_CURVE('',#3789,#3787,#218,.T.);
#4746=EDGE_CURVE('',#3788,#3789,#1730,.T.);
#4747=EDGE_CURVE('',#3788,#3790,#219,.T.);
#4748=EDGE_CURVE('',#3791,#3789,#220,.T.);
#4749=EDGE_CURVE('',#3790,#3791,#1731,.T.);
#4750=EDGE_CURVE('',#3790,#3792,#221,.T.);
#4751=EDGE_CURVE('',#3793,#3791,#222,.T.);
#4752=EDGE_CURVE('',#3792,#3793,#1732,.T.);
#4753=EDGE_CURVE('',#3792,#3794,#223,.T.);
#4754=EDGE_CURVE('',#3795,#3793,#224,.T.);
#4755=EDGE_CURVE('',#3794,#3795,#1733,.T.);
#4756=EDGE_CURVE('',#3794,#3796,#225,.T.);
#4757=EDGE_CURVE('',#3797,#3795,#226,.T.);
#4758=EDGE_CURVE('',#3796,#3797,#1734,.T.);
#4759=EDGE_CURVE('',#3796,#3798,#227,.T.);
#4760=EDGE_CURVE('',#3799,#3797,#228,.T.);
#4761=EDGE_CURVE('',#3798,#3799,#1735,.T.);
#4762=EDGE_CURVE('',#3798,#3800,#229,.T.);
#4763=EDGE_CURVE('',#3801,#3799,#230,.T.);
#4764=EDGE_CURVE('',#3800,#3801,#1736,.T.);
#4765=EDGE_CURVE('',#3800,#3802,#231,.T.);
#4766=EDGE_CURVE('',#3803,#3801,#232,.T.);
#4767=EDGE_CURVE('',#3802,#3803,#1737,.T.);
#4768=EDGE_CURVE('',#3802,#3804,#233,.T.);
#4769=EDGE_CURVE('',#3805,#3803,#234,.T.);
#4770=EDGE_CURVE('',#3804,#3805,#1738,.T.);
#4771=EDGE_CURVE('',#3804,#3806,#235,.T.);
#4772=EDGE_CURVE('',#3807,#3805,#236,.T.);
#4773=EDGE_CURVE('',#3806,#3807,#1739,.T.);
#4774=EDGE_CURVE('',#3806,#3738,#237,.T.);
#4775=EDGE_CURVE('',#3740,#3807,#238,.T.);
#4776=EDGE_CURVE('',#3808,#3809,#1740,.T.);
#4777=EDGE_CURVE('',#3808,#3810,#1741,.T.);
#4778=EDGE_CURVE('',#3811,#3810,#1742,.T.);
#4779=EDGE_CURVE('',#3809,#3811,#1743,.T.);
#4780=EDGE_CURVE('',#3809,#3812,#1744,.T.);
#4781=EDGE_CURVE('',#3813,#3811,#1745,.T.);
#4782=EDGE_CURVE('',#3812,#3813,#1746,.T.);
#4783=EDGE_CURVE('',#3812,#3814,#1747,.T.);
#4784=EDGE_CURVE('',#3815,#3813,#1748,.T.);
#4785=EDGE_CURVE('',#3814,#3815,#1749,.T.);
#4786=EDGE_CURVE('',#3814,#3816,#239,.T.);
#4787=EDGE_CURVE('',#3817,#3815,#240,.T.);
#4788=EDGE_CURVE('',#3816,#3817,#1750,.T.);
#4789=EDGE_CURVE('',#3816,#3818,#241,.T.);
#4790=EDGE_CURVE('',#3819,#3817,#242,.T.);
#4791=EDGE_CURVE('',#3818,#3819,#1751,.T.);
#4792=EDGE_CURVE('',#3818,#3820,#243,.T.);
#4793=EDGE_CURVE('',#3821,#3819,#244,.T.);
#4794=EDGE_CURVE('',#3820,#3821,#1752,.T.);
#4795=EDGE_CURVE('',#3820,#3822,#245,.T.);
#4796=EDGE_CURVE('',#3823,#3821,#246,.T.);
#4797=EDGE_CURVE('',#3822,#3823,#1753,.T.);
#4798=EDGE_CURVE('',#3822,#3824,#247,.T.);
#4799=EDGE_CURVE('',#3825,#3823,#248,.T.);
#4800=EDGE_CURVE('',#3824,#3825,#1754,.T.);
#4801=EDGE_CURVE('',#3824,#3826,#249,.T.);
#4802=EDGE_CURVE('',#3827,#3825,#250,.T.);
#4803=EDGE_CURVE('',#3826,#3827,#1755,.T.);
#4804=EDGE_CURVE('',#3826,#3828,#251,.T.);
#4805=EDGE_CURVE('',#3829,#3827,#252,.T.);
#4806=EDGE_CURVE('',#3828,#3829,#1756,.T.);
#4807=EDGE_CURVE('',#3828,#3830,#253,.T.);
#4808=EDGE_CURVE('',#3831,#3829,#254,.T.);
#4809=EDGE_CURVE('',#3830,#3831,#1757,.T.);
#4810=EDGE_CURVE('',#3830,#3832,#255,.T.);
#4811=EDGE_CURVE('',#3833,#3831,#256,.T.);
#4812=EDGE_CURVE('',#3832,#3833,#1758,.T.);
#4813=EDGE_CURVE('',#3832,#3834,#257,.T.);
#4814=EDGE_CURVE('',#3835,#3833,#258,.T.);
#4815=EDGE_CURVE('',#3834,#3835,#1759,.T.);
#4816=EDGE_CURVE('',#3834,#3836,#259,.T.);
#4817=EDGE_CURVE('',#3837,#3835,#260,.T.);
#4818=EDGE_CURVE('',#3836,#3837,#1760,.T.);
#4819=EDGE_CURVE('',#3836,#3838,#1761,.T.);
#4820=EDGE_CURVE('',#3839,#3837,#1762,.T.);
#4821=EDGE_CURVE('',#3838,#3839,#1763,.T.);
#4822=EDGE_CURVE('',#3838,#3840,#261,.T.);
#4823=EDGE_CURVE('',#3841,#3839,#262,.T.);
#4824=EDGE_CURVE('',#3840,#3841,#1764,.T.);
#4825=EDGE_CURVE('',#3840,#3842,#263,.T.);
#4826=EDGE_CURVE('',#3843,#3841,#264,.T.);
#4827=EDGE_CURVE('',#3842,#3843,#1765,.T.);
#4828=EDGE_CURVE('',#3842,#3844,#265,.T.);
#4829=EDGE_CURVE('',#3845,#3843,#266,.T.);
#4830=EDGE_CURVE('',#3844,#3845,#1766,.T.);
#4831=EDGE_CURVE('',#3844,#3846,#267,.T.);
#4832=EDGE_CURVE('',#3847,#3845,#268,.T.);
#4833=EDGE_CURVE('',#3846,#3847,#1767,.T.);
#4834=EDGE_CURVE('',#3846,#3848,#269,.T.);
#4835=EDGE_CURVE('',#3849,#3847,#270,.T.);
#4836=EDGE_CURVE('',#3848,#3849,#1768,.T.);
#4837=EDGE_CURVE('',#3848,#3850,#271,.T.);
#4838=EDGE_CURVE('',#3851,#3849,#272,.T.);
#4839=EDGE_CURVE('',#3850,#3851,#1769,.T.);
#4840=EDGE_CURVE('',#3850,#3852,#273,.T.);
#4841=EDGE_CURVE('',#3853,#3851,#274,.T.);
#4842=EDGE_CURVE('',#3852,#3853,#1770,.T.);
#4843=EDGE_CURVE('',#3852,#3854,#275,.T.);
#4844=EDGE_CURVE('',#3855,#3853,#276,.T.);
#4845=EDGE_CURVE('',#3854,#3855,#1771,.T.);
#4846=EDGE_CURVE('',#3854,#3856,#277,.T.);
#4847=EDGE_CURVE('',#3857,#3855,#278,.T.);
#4848=EDGE_CURVE('',#3856,#3857,#1772,.T.);
#4849=EDGE_CURVE('',#3856,#3858,#279,.T.);
#4850=EDGE_CURVE('',#3859,#3857,#280,.T.);
#4851=EDGE_CURVE('',#3858,#3859,#1773,.T.);
#4852=EDGE_CURVE('',#3858,#3860,#281,.T.);
#4853=EDGE_CURVE('',#3861,#3859,#282,.T.);
#4854=EDGE_CURVE('',#3860,#3861,#1774,.T.);
#4855=EDGE_CURVE('',#3860,#3862,#283,.T.);
#4856=EDGE_CURVE('',#3863,#3861,#284,.T.);
#4857=EDGE_CURVE('',#3862,#3863,#1775,.T.);
#4858=EDGE_CURVE('',#3862,#3864,#1776,.T.);
#4859=EDGE_CURVE('',#3865,#3863,#1777,.T.);
#4860=EDGE_CURVE('',#3864,#3865,#1778,.T.);
#4861=EDGE_CURVE('',#3864,#3808,#1779,.T.);
#4862=EDGE_CURVE('',#3810,#3865,#1780,.T.);
#4863=EDGE_CURVE('',#3866,#3867,#1781,.T.);
#4864=EDGE_CURVE('',#3866,#3868,#1782,.T.);
#4865=EDGE_CURVE('',#3869,#3868,#1783,.T.);
#4866=EDGE_CURVE('',#3867,#3869,#1784,.T.);
#4867=EDGE_CURVE('',#3867,#3870,#285,.T.);
#4868=EDGE_CURVE('',#3871,#3869,#286,.T.);
#4869=EDGE_CURVE('',#3870,#3871,#1785,.T.);
#4870=EDGE_CURVE('',#3870,#3872,#287,.T.);
#4871=EDGE_CURVE('',#3873,#3871,#288,.T.);
#4872=EDGE_CURVE('',#3872,#3873,#1786,.T.);
#4873=EDGE_CURVE('',#3872,#3874,#289,.T.);
#4874=EDGE_CURVE('',#3875,#3873,#290,.T.);
#4875=EDGE_CURVE('',#3874,#3875,#1787,.T.);
#4876=EDGE_CURVE('',#3874,#3876,#291,.T.);
#4877=EDGE_CURVE('',#3877,#3875,#292,.T.);
#4878=EDGE_CURVE('',#3876,#3877,#1788,.T.);
#4879=EDGE_CURVE('',#3876,#3878,#293,.T.);
#4880=EDGE_CURVE('',#3879,#3877,#294,.T.);
#4881=EDGE_CURVE('',#3878,#3879,#1789,.T.);
#4882=EDGE_CURVE('',#3878,#3880,#295,.T.);
#4883=EDGE_CURVE('',#3881,#3879,#296,.T.);
#4884=EDGE_CURVE('',#3880,#3881,#1790,.T.);
#4885=EDGE_CURVE('',#3880,#3882,#297,.T.);
#4886=EDGE_CURVE('',#3883,#3881,#298,.T.);
#4887=EDGE_CURVE('',#3882,#3883,#1791,.T.);
#4888=EDGE_CURVE('',#3882,#3884,#1792,.T.);
#4889=EDGE_CURVE('',#3885,#3883,#1793,.T.);
#4890=EDGE_CURVE('',#3884,#3885,#1794,.T.);
#4891=EDGE_CURVE('',#3884,#3866,#1795,.T.);
#4892=EDGE_CURVE('',#3868,#3885,#1796,.T.);
#4893=EDGE_CURVE('',#3886,#3887,#1797,.T.);
#4894=EDGE_CURVE('',#3886,#3888,#1798,.T.);
#4895=EDGE_CURVE('',#3889,#3888,#1799,.T.);
#4896=EDGE_CURVE('',#3887,#3889,#1800,.T.);
#4897=EDGE_CURVE('',#3887,#3890,#1801,.T.);
#4898=EDGE_CURVE('',#3891,#3889,#1802,.T.);
#4899=EDGE_CURVE('',#3890,#3891,#1803,.T.);
#4900=EDGE_CURVE('',#3890,#3892,#299,.T.);
#4901=EDGE_CURVE('',#3893,#3891,#300,.T.);
#4902=EDGE_CURVE('',#3892,#3893,#1804,.T.);
#4903=EDGE_CURVE('',#3892,#3894,#301,.T.);
#4904=EDGE_CURVE('',#3895,#3893,#302,.T.);
#4905=EDGE_CURVE('',#3894,#3895,#1805,.T.);
#4906=EDGE_CURVE('',#3894,#3896,#303,.T.);
#4907=EDGE_CURVE('',#3897,#3895,#304,.T.);
#4908=EDGE_CURVE('',#3896,#3897,#1806,.T.);
#4909=EDGE_CURVE('',#3896,#3898,#305,.T.);
#4910=EDGE_CURVE('',#3899,#3897,#306,.T.);
#4911=EDGE_CURVE('',#3898,#3899,#1807,.T.);
#4912=EDGE_CURVE('',#3898,#3900,#307,.T.);
#4913=EDGE_CURVE('',#3901,#3899,#308,.T.);
#4914=EDGE_CURVE('',#3900,#3901,#1808,.T.);
#4915=EDGE_CURVE('',#3900,#3902,#309,.T.);
#4916=EDGE_CURVE('',#3903,#3901,#310,.T.);
#4917=EDGE_CURVE('',#3902,#3903,#1809,.T.);
#4918=EDGE_CURVE('',#3902,#3904,#311,.T.);
#4919=EDGE_CURVE('',#3905,#3903,#312,.T.);
#4920=EDGE_CURVE('',#3904,#3905,#1810,.T.);
#4921=EDGE_CURVE('',#3904,#3906,#313,.T.);
#4922=EDGE_CURVE('',#3907,#3905,#314,.T.);
#4923=EDGE_CURVE('',#3906,#3907,#1811,.T.);
#4924=EDGE_CURVE('',#3906,#3908,#315,.T.);
#4925=EDGE_CURVE('',#3909,#3907,#316,.T.);
#4926=EDGE_CURVE('',#3908,#3909,#1812,.T.);
#4927=EDGE_CURVE('',#3908,#3886,#1813,.T.);
#4928=EDGE_CURVE('',#3888,#3909,#1814,.T.);
#4929=EDGE_CURVE('',#3910,#3911,#47,.T.);
#4930=EDGE_CURVE('',#3910,#3912,#1815,.T.);
#4931=EDGE_CURVE('',#3913,#3912,#48,.T.);
#4932=EDGE_CURVE('',#3913,#3914,#1816,.T.);
#4933=EDGE_CURVE('',#3915,#3914,#49,.T.);
#4934=EDGE_CURVE('',#3915,#3916,#1817,.T.);
#4935=EDGE_CURVE('',#3917,#3916,#50,.T.);
#4936=EDGE_CURVE('',#3917,#3911,#1818,.T.);
#4937=EDGE_CURVE('',#3918,#3919,#1819,.T.);
#4938=EDGE_CURVE('',#3919,#3920,#1820,.T.);
#4939=EDGE_CURVE('',#3920,#3921,#1821,.T.);
#4940=EDGE_CURVE('',#3921,#3922,#1822,.T.);
#4941=EDGE_CURVE('',#3922,#3923,#1823,.T.);
#4942=EDGE_CURVE('',#3923,#3924,#1824,.T.);
#4943=EDGE_CURVE('',#3924,#3925,#1825,.T.);
#4944=EDGE_CURVE('',#3925,#3918,#1826,.T.);
#4945=EDGE_CURVE('',#3926,#3927,#1827,.T.);
#4946=EDGE_CURVE('',#3927,#3928,#1828,.T.);
#4947=EDGE_CURVE('',#3928,#3929,#1829,.T.);
#4948=EDGE_CURVE('',#3929,#3930,#1830,.T.);
#4949=EDGE_CURVE('',#3930,#3931,#1831,.T.);
#4950=EDGE_CURVE('',#3931,#3932,#1832,.T.);
#4951=EDGE_CURVE('',#3932,#3933,#1833,.T.);
#4952=EDGE_CURVE('',#3933,#3934,#1834,.T.);
#4953=EDGE_CURVE('',#3934,#3935,#1835,.T.);
#4954=EDGE_CURVE('',#3935,#3936,#1836,.T.);
#4955=EDGE_CURVE('',#3936,#3937,#1837,.T.);
#4956=EDGE_CURVE('',#3937,#3926,#1838,.T.);
#4957=EDGE_CURVE('',#3938,#3939,#1839,.T.);
#4958=EDGE_CURVE('',#3939,#3940,#1840,.T.);
#4959=EDGE_CURVE('',#3940,#3941,#317,.T.);
#4960=EDGE_CURVE('',#3941,#3942,#318,.T.);
#4961=EDGE_CURVE('',#3942,#3943,#319,.T.);
#4962=EDGE_CURVE('',#3943,#3944,#320,.T.);
#4963=EDGE_CURVE('',#3944,#3945,#321,.T.);
#4964=EDGE_CURVE('',#3945,#3946,#322,.T.);
#4965=EDGE_CURVE('',#3946,#3947,#1841,.T.);
#4966=EDGE_CURVE('',#3947,#3948,#1842,.T.);
#4967=EDGE_CURVE('',#3948,#3938,#1843,.T.);
#4968=EDGE_CURVE('',#3949,#3950,#1844,.T.);
#4969=EDGE_CURVE('',#3950,#3951,#323,.T.);
#4970=EDGE_CURVE('',#3951,#3952,#324,.T.);
#4971=EDGE_CURVE('',#3952,#3953,#325,.T.);
#4972=EDGE_CURVE('',#3953,#3954,#326,.T.);
#4973=EDGE_CURVE('',#3954,#3955,#327,.T.);
#4974=EDGE_CURVE('',#3955,#3956,#328,.T.);
#4975=EDGE_CURVE('',#3956,#3957,#329,.T.);
#4976=EDGE_CURVE('',#3957,#3958,#330,.T.);
#4977=EDGE_CURVE('',#3958,#3959,#331,.T.);
#4978=EDGE_CURVE('',#3959,#3960,#332,.T.);
#4979=EDGE_CURVE('',#3960,#3961,#1845,.T.);
#4980=EDGE_CURVE('',#3961,#3962,#333,.T.);
#4981=EDGE_CURVE('',#3962,#3963,#334,.T.);
#4982=EDGE_CURVE('',#3963,#3964,#335,.T.);
#4983=EDGE_CURVE('',#3964,#3965,#336,.T.);
#4984=EDGE_CURVE('',#3965,#3966,#337,.T.);
#4985=EDGE_CURVE('',#3966,#3967,#338,.T.);
#4986=EDGE_CURVE('',#3967,#3968,#339,.T.);
#4987=EDGE_CURVE('',#3968,#3969,#340,.T.);
#4988=EDGE_CURVE('',#3969,#3970,#341,.T.);
#4989=EDGE_CURVE('',#3970,#3949,#342,.T.);
#4990=EDGE_CURVE('',#3971,#3972,#1846,.T.);
#4991=EDGE_CURVE('',#3972,#3973,#1847,.T.);
#4992=EDGE_CURVE('',#3973,#3974,#1848,.T.);
#4993=EDGE_CURVE('',#3974,#3975,#1849,.T.);
#4994=EDGE_CURVE('',#3975,#3976,#1850,.T.);
#4995=EDGE_CURVE('',#3976,#3977,#1851,.T.);
#4996=EDGE_CURVE('',#3977,#3978,#1852,.T.);
#4997=EDGE_CURVE('',#3978,#3979,#1853,.T.);
#4998=EDGE_CURVE('',#3979,#3980,#1854,.T.);
#4999=EDGE_CURVE('',#3980,#3981,#1855,.T.);
#5000=EDGE_CURVE('',#3981,#3982,#1856,.T.);
#5001=EDGE_CURVE('',#3982,#3971,#1857,.T.);
#5002=EDGE_CURVE('',#3983,#3984,#1858,.T.);
#5003=EDGE_CURVE('',#3984,#3985,#1859,.T.);
#5004=EDGE_CURVE('',#3985,#3986,#1860,.T.);
#5005=EDGE_CURVE('',#3986,#3987,#1861,.T.);
#5006=EDGE_CURVE('',#3987,#3988,#1862,.T.);
#5007=EDGE_CURVE('',#3988,#3989,#1863,.T.);
#5008=EDGE_CURVE('',#3989,#3990,#1864,.T.);
#5009=EDGE_CURVE('',#3990,#3991,#1865,.T.);
#5010=EDGE_CURVE('',#3991,#3992,#1866,.T.);
#5011=EDGE_CURVE('',#3992,#3993,#1867,.T.);
#5012=EDGE_CURVE('',#3993,#3994,#1868,.T.);
#5013=EDGE_CURVE('',#3994,#3983,#1869,.T.);
#5014=EDGE_CURVE('',#3995,#3996,#51,.T.);
#5015=EDGE_CURVE('',#3997,#3995,#1870,.T.);
#5016=EDGE_CURVE('',#3998,#3997,#52,.T.);
#5017=EDGE_CURVE('',#3999,#3998,#1871,.T.);
#5018=EDGE_CURVE('',#4000,#3999,#53,.T.);
#5019=EDGE_CURVE('',#4001,#4000,#1872,.T.);
#5020=EDGE_CURVE('',#4002,#4001,#54,.T.);
#5021=EDGE_CURVE('',#3996,#4002,#1873,.T.);
#5022=EDGE_CURVE('',#4003,#4004,#55,.T.);
#5023=EDGE_CURVE('',#4005,#4003,#1874,.T.);
#5024=EDGE_CURVE('',#4006,#4005,#56,.T.);
#5025=EDGE_CURVE('',#4007,#4006,#1875,.T.);
#5026=EDGE_CURVE('',#4008,#4007,#57,.T.);
#5027=EDGE_CURVE('',#4009,#4008,#1876,.T.);
#5028=EDGE_CURVE('',#4010,#4009,#58,.T.);
#5029=EDGE_CURVE('',#4004,#4010,#1877,.T.);
#5030=EDGE_CURVE('',#4011,#4011,#59,.T.);
#5031=EDGE_CURVE('',#4012,#4013,#60,.T.);
#5032=EDGE_CURVE('',#4014,#4012,#1878,.T.);
#5033=EDGE_CURVE('',#4015,#4014,#61,.T.);
#5034=EDGE_CURVE('',#4016,#4015,#1879,.T.);
#5035=EDGE_CURVE('',#4017,#4016,#62,.T.);
#5036=EDGE_CURVE('',#4018,#4017,#1880,.T.);
#5037=EDGE_CURVE('',#4019,#4018,#63,.T.);
#5038=EDGE_CURVE('',#4013,#4019,#1881,.T.);
#5039=EDGE_CURVE('',#4020,#4021,#64,.T.);
#5040=EDGE_CURVE('',#4022,#4020,#1882,.T.);
#5041=EDGE_CURVE('',#4023,#4022,#65,.T.);
#5042=EDGE_CURVE('',#4024,#4023,#1883,.T.);
#5043=EDGE_CURVE('',#4025,#4024,#66,.T.);
#5044=EDGE_CURVE('',#4026,#4025,#1884,.T.);
#5045=EDGE_CURVE('',#4027,#4026,#67,.T.);
#5046=EDGE_CURVE('',#4021,#4027,#1885,.T.);
#5047=EDGE_CURVE('',#4028,#4029,#1886,.F.);
#5048=EDGE_CURVE('',#4030,#4028,#1887,.F.);
#5049=EDGE_CURVE('',#4031,#4030,#1888,.F.);
#5050=EDGE_CURVE('',#4029,#4031,#1889,.F.);
#5051=EDGE_CURVE('',#4032,#4033,#68,.T.);
#5052=EDGE_CURVE('',#4034,#4032,#1890,.T.);
#5053=EDGE_CURVE('',#4035,#4034,#69,.T.);
#5054=EDGE_CURVE('',#4036,#4035,#1891,.T.);
#5055=EDGE_CURVE('',#4037,#4036,#70,.T.);
#5056=EDGE_CURVE('',#4038,#4037,#1892,.T.);
#5057=EDGE_CURVE('',#4039,#4038,#71,.T.);
#5058=EDGE_CURVE('',#4033,#4039,#1893,.T.);
#5059=EDGE_CURVE('',#4040,#4041,#72,.T.);
#5060=EDGE_CURVE('',#4042,#4040,#1894,.T.);
#5061=EDGE_CURVE('',#4043,#4042,#73,.T.);
#5062=EDGE_CURVE('',#4044,#4043,#1895,.T.);
#5063=EDGE_CURVE('',#4045,#4044,#74,.T.);
#5064=EDGE_CURVE('',#4046,#4045,#1896,.T.);
#5065=EDGE_CURVE('',#4047,#4046,#75,.T.);
#5066=EDGE_CURVE('',#4041,#4047,#1897,.T.);
#5067=EDGE_CURVE('',#4048,#4048,#76,.T.);
#5068=EDGE_CURVE('',#4049,#4049,#77,.T.);
#5069=EDGE_CURVE('',#4050,#4050,#78,.T.);
#5070=EDGE_CURVE('',#4051,#4052,#1898,.T.);
#5071=EDGE_CURVE('',#4052,#4053,#1899,.T.);
#5072=EDGE_CURVE('',#4053,#4054,#1900,.T.);
#5073=EDGE_CURVE('',#4054,#4051,#1901,.T.);
#5074=EDGE_CURVE('',#4055,#4056,#1902,.T.);
#5075=EDGE_CURVE('',#4056,#4057,#1903,.T.);
#5076=EDGE_CURVE('',#4057,#4058,#1904,.T.);
#5077=EDGE_CURVE('',#4058,#4059,#1905,.T.);
#5078=EDGE_CURVE('',#4059,#4060,#1906,.T.);
#5079=EDGE_CURVE('',#4060,#4061,#1907,.T.);
#5080=EDGE_CURVE('',#4061,#4062,#1908,.T.);
#5081=EDGE_CURVE('',#4062,#4055,#1909,.T.);
#5082=EDGE_CURVE('',#4063,#4064,#1910,.T.);
#5083=EDGE_CURVE('',#4064,#4065,#1911,.T.);
#5084=EDGE_CURVE('',#4065,#4066,#1912,.T.);
#5085=EDGE_CURVE('',#4066,#4067,#1913,.T.);
#5086=EDGE_CURVE('',#4067,#4068,#1914,.T.);
#5087=EDGE_CURVE('',#4068,#4069,#1915,.T.);
#5088=EDGE_CURVE('',#4069,#4070,#1916,.T.);
#5089=EDGE_CURVE('',#4070,#4063,#1917,.T.);
#5090=EDGE_CURVE('',#4071,#4072,#1918,.T.);
#5091=EDGE_CURVE('',#4071,#4073,#1919,.T.);
#5092=EDGE_CURVE('',#4074,#4073,#1920,.T.);
#5093=EDGE_CURVE('',#4072,#4074,#1921,.T.);
#5094=EDGE_CURVE('',#4072,#4075,#1922,.T.);
#5095=EDGE_CURVE('',#4076,#4074,#1923,.T.);
#5096=EDGE_CURVE('',#4075,#4076,#1924,.T.);
#5097=EDGE_CURVE('',#4075,#4077,#343,.T.);
#5098=EDGE_CURVE('',#4078,#4076,#344,.T.);
#5099=EDGE_CURVE('',#4077,#4078,#1925,.T.);
#5100=EDGE_CURVE('',#4077,#4079,#345,.T.);
#5101=EDGE_CURVE('',#4080,#4078,#346,.T.);
#5102=EDGE_CURVE('',#4079,#4080,#1926,.T.);
#5103=EDGE_CURVE('',#4079,#4071,#1927,.T.);
#5104=EDGE_CURVE('',#4073,#4080,#1928,.T.);
#5105=EDGE_CURVE('',#3918,#4081,#1929,.T.);
#5106=EDGE_CURVE('',#4082,#4081,#1930,.T.);
#5107=EDGE_CURVE('',#3919,#4082,#1931,.T.);
#5108=EDGE_CURVE('',#4083,#4082,#1932,.T.);
#5109=EDGE_CURVE('',#3920,#4083,#1933,.T.);
#5110=EDGE_CURVE('',#4084,#4083,#1934,.T.);
#5111=EDGE_CURVE('',#3921,#4084,#1935,.T.);
#5112=EDGE_CURVE('',#4085,#4084,#1936,.T.);
#5113=EDGE_CURVE('',#3922,#4085,#1937,.T.);
#5114=EDGE_CURVE('',#4086,#4085,#1938,.T.);
#5115=EDGE_CURVE('',#3923,#4086,#1939,.T.);
#5116=EDGE_CURVE('',#4087,#4086,#1940,.T.);
#5117=EDGE_CURVE('',#3924,#4087,#1941,.T.);
#5118=EDGE_CURVE('',#4088,#4087,#1942,.T.);
#5119=EDGE_CURVE('',#3925,#4088,#1943,.T.);
#5120=EDGE_CURVE('',#4081,#4088,#1944,.T.);
#5121=EDGE_CURVE('',#3926,#4089,#1945,.T.);
#5122=EDGE_CURVE('',#4090,#4089,#1946,.T.);
#5123=EDGE_CURVE('',#3927,#4090,#1947,.T.);
#5124=EDGE_CURVE('',#4091,#4090,#1948,.T.);
#5125=EDGE_CURVE('',#3928,#4091,#1949,.T.);
#5126=EDGE_CURVE('',#4092,#4091,#1950,.T.);
#5127=EDGE_CURVE('',#3929,#4092,#1951,.T.);
#5128=EDGE_CURVE('',#4093,#4092,#1952,.T.);
#5129=EDGE_CURVE('',#3930,#4093,#1953,.T.);
#5130=EDGE_CURVE('',#4094,#4093,#1954,.T.);
#5131=EDGE_CURVE('',#3931,#4094,#1955,.T.);
#5132=EDGE_CURVE('',#4095,#4094,#1956,.T.);
#5133=EDGE_CURVE('',#3932,#4095,#1957,.T.);
#5134=EDGE_CURVE('',#4096,#4095,#1958,.T.);
#5135=EDGE_CURVE('',#3933,#4096,#1959,.T.);
#5136=EDGE_CURVE('',#4097,#4096,#1960,.T.);
#5137=EDGE_CURVE('',#3934,#4097,#1961,.T.);
#5138=EDGE_CURVE('',#4098,#4097,#1962,.T.);
#5139=EDGE_CURVE('',#3935,#4098,#1963,.T.);
#5140=EDGE_CURVE('',#4099,#4098,#1964,.T.);
#5141=EDGE_CURVE('',#3936,#4099,#1965,.T.);
#5142=EDGE_CURVE('',#4100,#4099,#1966,.T.);
#5143=EDGE_CURVE('',#3937,#4100,#1967,.T.);
#5144=EDGE_CURVE('',#4089,#4100,#1968,.T.);
#5145=EDGE_CURVE('',#4101,#4102,#1969,.T.);
#5146=EDGE_CURVE('',#4101,#4103,#1970,.T.);
#5147=EDGE_CURVE('',#4104,#4103,#1971,.T.);
#5148=EDGE_CURVE('',#4102,#4104,#1972,.T.);
#5149=EDGE_CURVE('',#4102,#4105,#1973,.T.);
#5150=EDGE_CURVE('',#4106,#4104,#1974,.T.);
#5151=EDGE_CURVE('',#4105,#4106,#1975,.T.);
#5152=EDGE_CURVE('',#4105,#4107,#347,.T.);
#5153=EDGE_CURVE('',#4108,#4106,#348,.T.);
#5154=EDGE_CURVE('',#4107,#4108,#1976,.T.);
#5155=EDGE_CURVE('',#4107,#4109,#349,.T.);
#5156=EDGE_CURVE('',#4110,#4108,#350,.T.);
#5157=EDGE_CURVE('',#4109,#4110,#1977,.T.);
#5158=EDGE_CURVE('',#4109,#4101,#1978,.T.);
#5159=EDGE_CURVE('',#4103,#4110,#1979,.T.);
#5160=EDGE_CURVE('',#4063,#4111,#1980,.T.);
#5161=EDGE_CURVE('',#4112,#4111,#1981,.T.);
#5162=EDGE_CURVE('',#4064,#4112,#1982,.T.);
#5163=EDGE_CURVE('',#4113,#4112,#1983,.T.);
#5164=EDGE_CURVE('',#4065,#4113,#1984,.T.);
#5165=EDGE_CURVE('',#4114,#4113,#1985,.T.);
#5166=EDGE_CURVE('',#4066,#4114,#1986,.T.);
#5167=EDGE_CURVE('',#4115,#4114,#1987,.T.);
#5168=EDGE_CURVE('',#4067,#4115,#1988,.T.);
#5169=EDGE_CURVE('',#4116,#4115,#1989,.T.);
#5170=EDGE_CURVE('',#4068,#4116,#1990,.T.);
#5171=EDGE_CURVE('',#4117,#4116,#1991,.T.);
#5172=EDGE_CURVE('',#4069,#4117,#1992,.T.);
#5173=EDGE_CURVE('',#4118,#4117,#1993,.T.);
#5174=EDGE_CURVE('',#4070,#4118,#1994,.T.);
#5175=EDGE_CURVE('',#4111,#4118,#1995,.T.);
#5176=EDGE_CURVE('',#4119,#4120,#1996,.T.);
#5177=EDGE_CURVE('',#4119,#4121,#1997,.T.);
#5178=EDGE_CURVE('',#4122,#4121,#1998,.T.);
#5179=EDGE_CURVE('',#4120,#4122,#1999,.T.);
#5180=EDGE_CURVE('',#4120,#4123,#351,.T.);
#5181=EDGE_CURVE('',#4124,#4122,#352,.T.);
#5182=EDGE_CURVE('',#4123,#4124,#2000,.T.);
#5183=EDGE_CURVE('',#4123,#4125,#353,.T.);
#5184=EDGE_CURVE('',#4126,#4124,#354,.T.);
#5185=EDGE_CURVE('',#4125,#4126,#2001,.T.);
#5186=EDGE_CURVE('',#4125,#4127,#355,.T.);
#5187=EDGE_CURVE('',#4128,#4126,#356,.T.);
#5188=EDGE_CURVE('',#4127,#4128,#2002,.T.);
#5189=EDGE_CURVE('',#4127,#4129,#357,.T.);
#5190=EDGE_CURVE('',#4130,#4128,#358,.T.);
#5191=EDGE_CURVE('',#4129,#4130,#2003,.T.);
#5192=EDGE_CURVE('',#4129,#4131,#359,.T.);
#5193=EDGE_CURVE('',#4132,#4130,#360,.T.);
#5194=EDGE_CURVE('',#4131,#4132,#2004,.T.);
#5195=EDGE_CURVE('',#4131,#4133,#2005,.T.);
#5196=EDGE_CURVE('',#4134,#4132,#2006,.T.);
#5197=EDGE_CURVE('',#4133,#4134,#2007,.T.);
#5198=EDGE_CURVE('',#4133,#4119,#2008,.T.);
#5199=EDGE_CURVE('',#4121,#4134,#2009,.T.);
#5200=EDGE_CURVE('',#3938,#4135,#2010,.T.);
#5201=EDGE_CURVE('',#4136,#4135,#2011,.T.);
#5202=EDGE_CURVE('',#3939,#4136,#2012,.T.);
#5203=EDGE_CURVE('',#4137,#4136,#2013,.T.);
#5204=EDGE_CURVE('',#3940,#4137,#2014,.T.);
#5205=EDGE_CURVE('',#4138,#4137,#361,.T.);
#5206=EDGE_CURVE('',#3941,#4138,#2015,.T.);
#5207=EDGE_CURVE('',#4139,#4138,#362,.T.);
#5208=EDGE_CURVE('',#3942,#4139,#2016,.T.);
#5209=EDGE_CURVE('',#4140,#4139,#363,.T.);
#5210=EDGE_CURVE('',#3943,#4140,#2017,.T.);
#5211=EDGE_CURVE('',#4141,#4140,#364,.T.);
#5212=EDGE_CURVE('',#3944,#4141,#2018,.T.);
#5213=EDGE_CURVE('',#4142,#4141,#365,.T.);
#5214=EDGE_CURVE('',#3945,#4142,#2019,.T.);
#5215=EDGE_CURVE('',#4143,#4142,#366,.T.);
#5216=EDGE_CURVE('',#3946,#4143,#2020,.T.);
#5217=EDGE_CURVE('',#4144,#4143,#2021,.T.);
#5218=EDGE_CURVE('',#3947,#4144,#2022,.T.);
#5219=EDGE_CURVE('',#4145,#4144,#2023,.T.);
#5220=EDGE_CURVE('',#3948,#4145,#2024,.T.);
#5221=EDGE_CURVE('',#4135,#4145,#2025,.T.);
#5222=EDGE_CURVE('',#3949,#4146,#2026,.T.);
#5223=EDGE_CURVE('',#4147,#4146,#2027,.T.);
#5224=EDGE_CURVE('',#3950,#4147,#2028,.T.);
#5225=EDGE_CURVE('',#4148,#4147,#367,.T.);
#5226=EDGE_CURVE('',#3951,#4148,#2029,.T.);
#5227=EDGE_CURVE('',#4149,#4148,#368,.T.);
#5228=EDGE_CURVE('',#3952,#4149,#2030,.T.);
#5229=EDGE_CURVE('',#4150,#4149,#369,.T.);
#5230=EDGE_CURVE('',#3953,#4150,#2031,.T.);
#5231=EDGE_CURVE('',#4151,#4150,#370,.T.);
#5232=EDGE_CURVE('',#3954,#4151,#2032,.T.);
#5233=EDGE_CURVE('',#4152,#4151,#371,.T.);
#5234=EDGE_CURVE('',#3955,#4152,#2033,.T.);
#5235=EDGE_CURVE('',#4153,#4152,#372,.T.);
#5236=EDGE_CURVE('',#3956,#4153,#2034,.T.);
#5237=EDGE_CURVE('',#4154,#4153,#373,.T.);
#5238=EDGE_CURVE('',#3957,#4154,#2035,.T.);
#5239=EDGE_CURVE('',#4155,#4154,#374,.T.);
#5240=EDGE_CURVE('',#3958,#4155,#2036,.T.);
#5241=EDGE_CURVE('',#4156,#4155,#375,.T.);
#5242=EDGE_CURVE('',#3959,#4156,#2037,.T.);
#5243=EDGE_CURVE('',#4157,#4156,#376,.T.);
#5244=EDGE_CURVE('',#3960,#4157,#2038,.T.);
#5245=EDGE_CURVE('',#4158,#4157,#2039,.T.);
#5246=EDGE_CURVE('',#3961,#4158,#2040,.T.);
#5247=EDGE_CURVE('',#4159,#4158,#377,.T.);
#5248=EDGE_CURVE('',#3962,#4159,#2041,.T.);
#5249=EDGE_CURVE('',#4160,#4159,#378,.T.);
#5250=EDGE_CURVE('',#3963,#4160,#2042,.T.);
#5251=EDGE_CURVE('',#4161,#4160,#379,.T.);
#5252=EDGE_CURVE('',#3964,#4161,#2043,.T.);
#5253=EDGE_CURVE('',#4162,#4161,#380,.T.);
#5254=EDGE_CURVE('',#3965,#4162,#2044,.T.);
#5255=EDGE_CURVE('',#4163,#4162,#381,.T.);
#5256=EDGE_CURVE('',#3966,#4163,#2045,.T.);
#5257=EDGE_CURVE('',#4164,#4163,#382,.T.);
#5258=EDGE_CURVE('',#3967,#4164,#2046,.T.);
#5259=EDGE_CURVE('',#4165,#4164,#383,.T.);
#5260=EDGE_CURVE('',#3968,#4165,#2047,.T.);
#5261=EDGE_CURVE('',#4166,#4165,#384,.T.);
#5262=EDGE_CURVE('',#3969,#4166,#2048,.T.);
#5263=EDGE_CURVE('',#4167,#4166,#385,.T.);
#5264=EDGE_CURVE('',#3970,#4167,#2049,.T.);
#5265=EDGE_CURVE('',#4146,#4167,#386,.T.);
#5266=EDGE_CURVE('',#3971,#4168,#2050,.T.);
#5267=EDGE_CURVE('',#4169,#4168,#2051,.T.);
#5268=EDGE_CURVE('',#3972,#4169,#2052,.T.);
#5269=EDGE_CURVE('',#4170,#4169,#2053,.T.);
#5270=EDGE_CURVE('',#3973,#4170,#2054,.T.);
#5271=EDGE_CURVE('',#4171,#4170,#2055,.T.);
#5272=EDGE_CURVE('',#3974,#4171,#2056,.T.);
#5273=EDGE_CURVE('',#4172,#4171,#2057,.T.);
#5274=EDGE_CURVE('',#3975,#4172,#2058,.T.);
#5275=EDGE_CURVE('',#4173,#4172,#2059,.T.);
#5276=EDGE_CURVE('',#3976,#4173,#2060,.T.);
#5277=EDGE_CURVE('',#4174,#4173,#2061,.T.);
#5278=EDGE_CURVE('',#3977,#4174,#2062,.T.);
#5279=EDGE_CURVE('',#4175,#4174,#2063,.T.);
#5280=EDGE_CURVE('',#3978,#4175,#2064,.T.);
#5281=EDGE_CURVE('',#4176,#4175,#2065,.T.);
#5282=EDGE_CURVE('',#3979,#4176,#2066,.T.);
#5283=EDGE_CURVE('',#4177,#4176,#2067,.T.);
#5284=EDGE_CURVE('',#3980,#4177,#2068,.T.);
#5285=EDGE_CURVE('',#4178,#4177,#2069,.T.);
#5286=EDGE_CURVE('',#3981,#4178,#2070,.T.);
#5287=EDGE_CURVE('',#4179,#4178,#2071,.T.);
#5288=EDGE_CURVE('',#3982,#4179,#2072,.T.);
#5289=EDGE_CURVE('',#4168,#4179,#2073,.T.);
#5290=EDGE_CURVE('',#3983,#4180,#2074,.T.);
#5291=EDGE_CURVE('',#4181,#4180,#2075,.T.);
#5292=EDGE_CURVE('',#3984,#4181,#2076,.T.);
#5293=EDGE_CURVE('',#4182,#4181,#2077,.T.);
#5294=EDGE_CURVE('',#3985,#4182,#2078,.T.);
#5295=EDGE_CURVE('',#4183,#4182,#2079,.T.);
#5296=EDGE_CURVE('',#3986,#4183,#2080,.T.);
#5297=EDGE_CURVE('',#4184,#4183,#2081,.T.);
#5298=EDGE_CURVE('',#3987,#4184,#2082,.T.);
#5299=EDGE_CURVE('',#4185,#4184,#2083,.T.);
#5300=EDGE_CURVE('',#3988,#4185,#2084,.T.);
#5301=EDGE_CURVE('',#4186,#4185,#2085,.T.);
#5302=EDGE_CURVE('',#3989,#4186,#2086,.T.);
#5303=EDGE_CURVE('',#4187,#4186,#2087,.T.);
#5304=EDGE_CURVE('',#3990,#4187,#2088,.T.);
#5305=EDGE_CURVE('',#4188,#4187,#2089,.T.);
#5306=EDGE_CURVE('',#3991,#4188,#2090,.T.);
#5307=EDGE_CURVE('',#4189,#4188,#2091,.T.);
#5308=EDGE_CURVE('',#3992,#4189,#2092,.T.);
#5309=EDGE_CURVE('',#4190,#4189,#2093,.T.);
#5310=EDGE_CURVE('',#3993,#4190,#2094,.T.);
#5311=EDGE_CURVE('',#4191,#4190,#2095,.T.);
#5312=EDGE_CURVE('',#3994,#4191,#2096,.T.);
#5313=EDGE_CURVE('',#4180,#4191,#2097,.T.);
#5314=EDGE_CURVE('',#4192,#4193,#2098,.T.);
#5315=EDGE_CURVE('',#4192,#4194,#2099,.T.);
#5316=EDGE_CURVE('',#4195,#4194,#2100,.T.);
#5317=EDGE_CURVE('',#4193,#4195,#2101,.T.);
#5318=EDGE_CURVE('',#4193,#4196,#2102,.T.);
#5319=EDGE_CURVE('',#4197,#4195,#2103,.T.);
#5320=EDGE_CURVE('',#4196,#4197,#2104,.T.);
#5321=EDGE_CURVE('',#4196,#4198,#387,.T.);
#5322=EDGE_CURVE('',#4199,#4197,#388,.T.);
#5323=EDGE_CURVE('',#4198,#4199,#2105,.T.);
#5324=EDGE_CURVE('',#4198,#4200,#389,.T.);
#5325=EDGE_CURVE('',#4201,#4199,#390,.T.);
#5326=EDGE_CURVE('',#4200,#4201,#2106,.T.);
#5327=EDGE_CURVE('',#4200,#4192,#2107,.T.);
#5328=EDGE_CURVE('',#4194,#4201,#2108,.T.);
#5329=EDGE_CURVE('',#4055,#4202,#2109,.T.);
#5330=EDGE_CURVE('',#4203,#4202,#2110,.T.);
#5331=EDGE_CURVE('',#4056,#4203,#2111,.T.);
#5332=EDGE_CURVE('',#4204,#4203,#2112,.T.);
#5333=EDGE_CURVE('',#4057,#4204,#2113,.T.);
#5334=EDGE_CURVE('',#4205,#4204,#2114,.T.);
#5335=EDGE_CURVE('',#4058,#4205,#2115,.T.);
#5336=EDGE_CURVE('',#4206,#4205,#2116,.T.);
#5337=EDGE_CURVE('',#4059,#4206,#2117,.T.);
#5338=EDGE_CURVE('',#4207,#4206,#2118,.T.);
#5339=EDGE_CURVE('',#4060,#4207,#2119,.T.);
#5340=EDGE_CURVE('',#4208,#4207,#2120,.T.);
#5341=EDGE_CURVE('',#4061,#4208,#2121,.T.);
#5342=EDGE_CURVE('',#4209,#4208,#2122,.T.);
#5343=EDGE_CURVE('',#4062,#4209,#2123,.T.);
#5344=EDGE_CURVE('',#4202,#4209,#2124,.T.);
#5345=EDGE_CURVE('',#4051,#4210,#2125,.T.);
#5346=EDGE_CURVE('',#4211,#4210,#2126,.T.);
#5347=EDGE_CURVE('',#4052,#4211,#2127,.T.);
#5348=EDGE_CURVE('',#4212,#4211,#2128,.T.);
#5349=EDGE_CURVE('',#4053,#4212,#2129,.T.);
#5350=EDGE_CURVE('',#4213,#4212,#2130,.T.);
#5351=EDGE_CURVE('',#4054,#4213,#2131,.T.);
#5352=EDGE_CURVE('',#4210,#4213,#2132,.T.);
#5353=EDGE_CURVE('',#4214,#4215,#2133,.T.);
#5354=EDGE_CURVE('',#4214,#4216,#2134,.T.);
#5355=EDGE_CURVE('',#4217,#4216,#2135,.T.);
#5356=EDGE_CURVE('',#4215,#4217,#2136,.T.);
#5357=EDGE_CURVE('',#4215,#4218,#2137,.T.);
#5358=EDGE_CURVE('',#4219,#4217,#2138,.T.);
#5359=EDGE_CURVE('',#4218,#4219,#2139,.T.);
#5360=EDGE_CURVE('',#4218,#4220,#2140,.T.);
#5361=EDGE_CURVE('',#4221,#4219,#2141,.T.);
#5362=EDGE_CURVE('',#4220,#4221,#2142,.T.);
#5363=EDGE_CURVE('',#4220,#4222,#2143,.T.);
#5364=EDGE_CURVE('',#4223,#4221,#2144,.T.);
#5365=EDGE_CURVE('',#4222,#4223,#2145,.T.);
#5366=EDGE_CURVE('',#4222,#4224,#2146,.T.);
#5367=EDGE_CURVE('',#4225,#4223,#2147,.T.);
#5368=EDGE_CURVE('',#4224,#4225,#2148,.T.);
#5369=EDGE_CURVE('',#4224,#4226,#2149,.T.);
#5370=EDGE_CURVE('',#4227,#4225,#2150,.T.);
#5371=EDGE_CURVE('',#4226,#4227,#2151,.T.);
#5372=EDGE_CURVE('',#4226,#4228,#2152,.T.);
#5373=EDGE_CURVE('',#4229,#4227,#2153,.T.);
#5374=EDGE_CURVE('',#4228,#4229,#2154,.T.);
#5375=EDGE_CURVE('',#4228,#4230,#2155,.T.);
#5376=EDGE_CURVE('',#4231,#4229,#2156,.T.);
#5377=EDGE_CURVE('',#4230,#4231,#2157,.T.);
#5378=EDGE_CURVE('',#4230,#4232,#2158,.T.);
#5379=EDGE_CURVE('',#4233,#4231,#2159,.T.);
#5380=EDGE_CURVE('',#4232,#4233,#2160,.T.);
#5381=EDGE_CURVE('',#4232,#4234,#2161,.T.);
#5382=EDGE_CURVE('',#4235,#4233,#2162,.T.);
#5383=EDGE_CURVE('',#4234,#4235,#2163,.T.);
#5384=EDGE_CURVE('',#4234,#4236,#2164,.T.);
#5385=EDGE_CURVE('',#4237,#4235,#2165,.T.);
#5386=EDGE_CURVE('',#4236,#4237,#2166,.T.);
#5387=EDGE_CURVE('',#4236,#4214,#2167,.T.);
#5388=EDGE_CURVE('',#4216,#4237,#2168,.T.);
#5389=EDGE_CURVE('',#4238,#4239,#391,.T.);
#5390=EDGE_CURVE('',#4238,#4240,#2169,.T.);
#5391=EDGE_CURVE('',#4241,#4240,#392,.T.);
#5392=EDGE_CURVE('',#4239,#4241,#2170,.T.);
#5393=EDGE_CURVE('',#4239,#4242,#393,.T.);
#5394=EDGE_CURVE('',#4243,#4241,#394,.T.);
#5395=EDGE_CURVE('',#4242,#4243,#2171,.T.);
#5396=EDGE_CURVE('',#4242,#4244,#2172,.T.);
#5397=EDGE_CURVE('',#4245,#4243,#2173,.T.);
#5398=EDGE_CURVE('',#4244,#4245,#2174,.T.);
#5399=EDGE_CURVE('',#4244,#4246,#395,.T.);
#5400=EDGE_CURVE('',#4247,#4245,#396,.T.);
#5401=EDGE_CURVE('',#4246,#4247,#2175,.T.);
#5402=EDGE_CURVE('',#4246,#4248,#397,.T.);
#5403=EDGE_CURVE('',#4249,#4247,#398,.T.);
#5404=EDGE_CURVE('',#4248,#4249,#2176,.T.);
#5405=EDGE_CURVE('',#4248,#4250,#2177,.T.);
#5406=EDGE_CURVE('',#4251,#4249,#2178,.T.);
#5407=EDGE_CURVE('',#4250,#4251,#2179,.T.);
#5408=EDGE_CURVE('',#4250,#4252,#399,.T.);
#5409=EDGE_CURVE('',#4253,#4251,#400,.T.);
#5410=EDGE_CURVE('',#4252,#4253,#2180,.T.);
#5411=EDGE_CURVE('',#4252,#4254,#401,.T.);
#5412=EDGE_CURVE('',#4255,#4253,#402,.T.);
#5413=EDGE_CURVE('',#4254,#4255,#2181,.T.);
#5414=EDGE_CURVE('',#4254,#4256,#2182,.T.);
#5415=EDGE_CURVE('',#4257,#4255,#2183,.T.);
#5416=EDGE_CURVE('',#4256,#4257,#2184,.T.);
#5417=EDGE_CURVE('',#4256,#4258,#403,.T.);
#5418=EDGE_CURVE('',#4259,#4257,#404,.T.);
#5419=EDGE_CURVE('',#4258,#4259,#2185,.T.);
#5420=EDGE_CURVE('',#4258,#4260,#405,.T.);
#5421=EDGE_CURVE('',#4261,#4259,#406,.T.);
#5422=EDGE_CURVE('',#4260,#4261,#2186,.T.);
#5423=EDGE_CURVE('',#4260,#4262,#2187,.T.);
#5424=EDGE_CURVE('',#4263,#4261,#2188,.T.);
#5425=EDGE_CURVE('',#4262,#4263,#2189,.T.);
#5426=EDGE_CURVE('',#4262,#4264,#2190,.T.);
#5427=EDGE_CURVE('',#4265,#4263,#2191,.T.);
#5428=EDGE_CURVE('',#4264,#4265,#2192,.T.);
#5429=EDGE_CURVE('',#4264,#4266,#2193,.T.);
#5430=EDGE_CURVE('',#4267,#4265,#2194,.T.);
#5431=EDGE_CURVE('',#4266,#4267,#2195,.T.);
#5432=EDGE_CURVE('',#4266,#4268,#2196,.T.);
#5433=EDGE_CURVE('',#4269,#4267,#2197,.T.);
#5434=EDGE_CURVE('',#4268,#4269,#2198,.T.);
#5435=EDGE_CURVE('',#4268,#4270,#2199,.T.);
#5436=EDGE_CURVE('',#4271,#4269,#2200,.T.);
#5437=EDGE_CURVE('',#4270,#4271,#2201,.T.);
#5438=EDGE_CURVE('',#4270,#4272,#2202,.T.);
#5439=EDGE_CURVE('',#4273,#4271,#2203,.T.);
#5440=EDGE_CURVE('',#4272,#4273,#2204,.T.);
#5441=EDGE_CURVE('',#4272,#4274,#2205,.T.);
#5442=EDGE_CURVE('',#4275,#4273,#2206,.T.);
#5443=EDGE_CURVE('',#4274,#4275,#2207,.T.);
#5444=EDGE_CURVE('',#4274,#4276,#2208,.T.);
#5445=EDGE_CURVE('',#4277,#4275,#2209,.T.);
#5446=EDGE_CURVE('',#4276,#4277,#2210,.T.);
#5447=EDGE_CURVE('',#4276,#4238,#2211,.T.);
#5448=EDGE_CURVE('',#4240,#4277,#2212,.T.);
#5449=EDGE_CURVE('',#4278,#4279,#2213,.T.);
#5450=EDGE_CURVE('',#4278,#4280,#2214,.T.);
#5451=EDGE_CURVE('',#4281,#4280,#2215,.T.);
#5452=EDGE_CURVE('',#4279,#4281,#2216,.T.);
#5453=EDGE_CURVE('',#4279,#4282,#2217,.T.);
#5454=EDGE_CURVE('',#4283,#4281,#2218,.T.);
#5455=EDGE_CURVE('',#4282,#4283,#2219,.T.);
#5456=EDGE_CURVE('',#4282,#4284,#2220,.T.);
#5457=EDGE_CURVE('',#4285,#4283,#2221,.T.);
#5458=EDGE_CURVE('',#4284,#4285,#2222,.T.);
#5459=EDGE_CURVE('',#4284,#4286,#2223,.T.);
#5460=EDGE_CURVE('',#4287,#4285,#2224,.T.);
#5461=EDGE_CURVE('',#4286,#4287,#2225,.T.);
#5462=EDGE_CURVE('',#4286,#4288,#2226,.T.);
#5463=EDGE_CURVE('',#4289,#4287,#2227,.T.);
#5464=EDGE_CURVE('',#4288,#4289,#2228,.T.);
#5465=EDGE_CURVE('',#4288,#4290,#2229,.T.);
#5466=EDGE_CURVE('',#4291,#4289,#2230,.T.);
#5467=EDGE_CURVE('',#4290,#4291,#2231,.T.);
#5468=EDGE_CURVE('',#4290,#4292,#2232,.T.);
#5469=EDGE_CURVE('',#4293,#4291,#2233,.T.);
#5470=EDGE_CURVE('',#4292,#4293,#2234,.T.);
#5471=EDGE_CURVE('',#4292,#4294,#2235,.T.);
#5472=EDGE_CURVE('',#4295,#4293,#2236,.T.);
#5473=EDGE_CURVE('',#4294,#4295,#2237,.T.);
#5474=EDGE_CURVE('',#4294,#4296,#2238,.T.);
#5475=EDGE_CURVE('',#4297,#4295,#2239,.T.);
#5476=EDGE_CURVE('',#4296,#4297,#2240,.T.);
#5477=EDGE_CURVE('',#4296,#4298,#2241,.T.);
#5478=EDGE_CURVE('',#4299,#4297,#2242,.T.);
#5479=EDGE_CURVE('',#4298,#4299,#2243,.T.);
#5480=EDGE_CURVE('',#4298,#4300,#2244,.T.);
#5481=EDGE_CURVE('',#4301,#4299,#2245,.T.);
#5482=EDGE_CURVE('',#4300,#4301,#2246,.T.);
#5483=EDGE_CURVE('',#4300,#4278,#2247,.T.);
#5484=EDGE_CURVE('',#4280,#4301,#2248,.T.);
#5485=EDGE_CURVE('',#4302,#4303,#2249,.T.);
#5486=EDGE_CURVE('',#4302,#4304,#2250,.T.);
#5487=EDGE_CURVE('',#4305,#4304,#2251,.T.);
#5488=EDGE_CURVE('',#4303,#4305,#2252,.T.);
#5489=EDGE_CURVE('',#4303,#4306,#2253,.T.);
#5490=EDGE_CURVE('',#4307,#4305,#2254,.T.);
#5491=EDGE_CURVE('',#4306,#4307,#2255,.T.);
#5492=EDGE_CURVE('',#4306,#4302,#2256,.T.);
#5493=EDGE_CURVE('',#4304,#4307,#2257,.T.);
#5494=EDGE_CURVE('',#4308,#4309,#2258,.T.);
#5495=EDGE_CURVE('',#4308,#4310,#2259,.T.);
#5496=EDGE_CURVE('',#4311,#4310,#2260,.T.);
#5497=EDGE_CURVE('',#4309,#4311,#2261,.T.);
#5498=EDGE_CURVE('',#4309,#4312,#2262,.T.);
#5499=EDGE_CURVE('',#4313,#4311,#2263,.T.);
#5500=EDGE_CURVE('',#4312,#4313,#2264,.T.);
#5501=EDGE_CURVE('',#4312,#4314,#2265,.T.);
#5502=EDGE_CURVE('',#4315,#4313,#2266,.T.);
#5503=EDGE_CURVE('',#4314,#4315,#2267,.T.);
#5504=EDGE_CURVE('',#4314,#4316,#2268,.T.);
#5505=EDGE_CURVE('',#4317,#4315,#2269,.T.);
#5506=EDGE_CURVE('',#4316,#4317,#2270,.T.);
#5507=EDGE_CURVE('',#4316,#4318,#2271,.T.);
#5508=EDGE_CURVE('',#4319,#4317,#2272,.T.);
#5509=EDGE_CURVE('',#4318,#4319,#2273,.T.);
#5510=EDGE_CURVE('',#4318,#4320,#2274,.T.);
#5511=EDGE_CURVE('',#4321,#4319,#2275,.T.);
#5512=EDGE_CURVE('',#4320,#4321,#2276,.T.);
#5513=EDGE_CURVE('',#4320,#4322,#2277,.T.);
#5514=EDGE_CURVE('',#4323,#4321,#2278,.T.);
#5515=EDGE_CURVE('',#4322,#4323,#2279,.T.);
#5516=EDGE_CURVE('',#4322,#4324,#2280,.T.);
#5517=EDGE_CURVE('',#4325,#4323,#2281,.T.);
#5518=EDGE_CURVE('',#4324,#4325,#2282,.T.);
#5519=EDGE_CURVE('',#4324,#4308,#2283,.T.);
#5520=EDGE_CURVE('',#4310,#4325,#2284,.T.);
#5521=EDGE_CURVE('',#4326,#4327,#2285,.T.);
#5522=EDGE_CURVE('',#4328,#4326,#79,.T.);
#5523=EDGE_CURVE('',#4329,#4328,#2286,.T.);
#5524=EDGE_CURVE('',#4330,#4329,#80,.T.);
#5525=EDGE_CURVE('',#4331,#4330,#2287,.T.);
#5526=EDGE_CURVE('',#4332,#4331,#81,.T.);
#5527=EDGE_CURVE('',#4333,#4332,#2288,.T.);
#5528=EDGE_CURVE('',#4327,#4333,#82,.T.);
#5529=EDGE_CURVE('',#4334,#4335,#2289,.T.);
#5530=EDGE_CURVE('',#4335,#4336,#2290,.T.);
#5531=EDGE_CURVE('',#4336,#4337,#2291,.T.);
#5532=EDGE_CURVE('',#4337,#4338,#2292,.T.);
#5533=EDGE_CURVE('',#4338,#4339,#2293,.T.);
#5534=EDGE_CURVE('',#4339,#4340,#2294,.T.);
#5535=EDGE_CURVE('',#4340,#4341,#2295,.T.);
#5536=EDGE_CURVE('',#4341,#4342,#2296,.T.);
#5537=EDGE_CURVE('',#4342,#4334,#2297,.T.);
#5538=EDGE_CURVE('',#4343,#4344,#407,.T.);
#5539=EDGE_CURVE('',#4344,#4345,#408,.T.);
#5540=EDGE_CURVE('',#4345,#4346,#2298,.T.);
#5541=EDGE_CURVE('',#4346,#4347,#409,.T.);
#5542=EDGE_CURVE('',#4347,#4348,#410,.T.);
#5543=EDGE_CURVE('',#4348,#4349,#2299,.T.);
#5544=EDGE_CURVE('',#4349,#4350,#2300,.T.);
#5545=EDGE_CURVE('',#4350,#4351,#2301,.T.);
#5546=EDGE_CURVE('',#4351,#4352,#2302,.T.);
#5547=EDGE_CURVE('',#4352,#4353,#2303,.T.);
#5548=EDGE_CURVE('',#4353,#4354,#2304,.T.);
#5549=EDGE_CURVE('',#4354,#4355,#411,.T.);
#5550=EDGE_CURVE('',#4355,#4356,#2305,.T.);
#5551=EDGE_CURVE('',#4356,#4357,#412,.T.);
#5552=EDGE_CURVE('',#4357,#4358,#413,.T.);
#5553=EDGE_CURVE('',#4358,#4359,#2306,.T.);
#5554=EDGE_CURVE('',#4359,#4360,#414,.T.);
#5555=EDGE_CURVE('',#4360,#4361,#415,.T.);
#5556=EDGE_CURVE('',#4361,#4362,#2307,.T.);
#5557=EDGE_CURVE('',#4362,#4363,#2308,.T.);
#5558=EDGE_CURVE('',#4363,#4364,#2309,.T.);
#5559=EDGE_CURVE('',#4364,#4365,#2310,.T.);
#5560=EDGE_CURVE('',#4365,#4366,#2311,.T.);
#5561=EDGE_CURVE('',#4366,#4367,#2312,.T.);
#5562=EDGE_CURVE('',#4367,#4368,#416,.T.);
#5563=EDGE_CURVE('',#4368,#4343,#2313,.T.);
#5564=EDGE_CURVE('',#4369,#4370,#2314,.T.);
#5565=EDGE_CURVE('',#4370,#4371,#2315,.T.);
#5566=EDGE_CURVE('',#4371,#4372,#2316,.T.);
#5567=EDGE_CURVE('',#4372,#4373,#2317,.T.);
#5568=EDGE_CURVE('',#4373,#4374,#2318,.T.);
#5569=EDGE_CURVE('',#4374,#4375,#2319,.T.);
#5570=EDGE_CURVE('',#4375,#4376,#417,.T.);
#5571=EDGE_CURVE('',#4376,#4377,#2320,.T.);
#5572=EDGE_CURVE('',#4377,#4369,#2321,.T.);
#5573=EDGE_CURVE('',#4378,#4379,#418,.T.);
#5574=EDGE_CURVE('',#4379,#4380,#419,.T.);
#5575=EDGE_CURVE('',#4380,#4381,#2322,.T.);
#5576=EDGE_CURVE('',#4381,#4382,#2323,.T.);
#5577=EDGE_CURVE('',#4382,#4383,#2324,.T.);
#5578=EDGE_CURVE('',#4383,#4384,#420,.T.);
#5579=EDGE_CURVE('',#4384,#4385,#421,.T.);
#5580=EDGE_CURVE('',#4385,#4378,#2325,.T.);
#5581=EDGE_CURVE('',#4386,#4386,#83,.T.);
#5582=EDGE_CURVE('',#4387,#4387,#84,.T.);
#5583=EDGE_CURVE('',#4388,#4388,#85,.T.);
#5584=EDGE_CURVE('',#4389,#4390,#86,.T.);
#5585=EDGE_CURVE('',#4390,#4391,#2326,.T.);
#5586=EDGE_CURVE('',#4391,#4392,#87,.T.);
#5587=EDGE_CURVE('',#4392,#4393,#2327,.T.);
#5588=EDGE_CURVE('',#4393,#4394,#88,.T.);
#5589=EDGE_CURVE('',#4394,#4395,#2328,.T.);
#5590=EDGE_CURVE('',#4395,#4396,#89,.T.);
#5591=EDGE_CURVE('',#4396,#4389,#2329,.T.);
#5592=EDGE_CURVE('',#4397,#4398,#90,.T.);
#5593=EDGE_CURVE('',#4398,#4399,#2330,.T.);
#5594=EDGE_CURVE('',#4399,#4400,#91,.T.);
#5595=EDGE_CURVE('',#4400,#4401,#2331,.T.);
#5596=EDGE_CURVE('',#4401,#4402,#92,.T.);
#5597=EDGE_CURVE('',#4402,#4403,#2332,.T.);
#5598=EDGE_CURVE('',#4403,#4404,#93,.T.);
#5599=EDGE_CURVE('',#4404,#4397,#2333,.T.);
#5600=EDGE_CURVE('',#4405,#4406,#2334,.T.);
#5601=EDGE_CURVE('',#4406,#4407,#2335,.T.);
#5602=EDGE_CURVE('',#4407,#4408,#2336,.T.);
#5603=EDGE_CURVE('',#4408,#4405,#2337,.T.);
#5604=EDGE_CURVE('',#4409,#4410,#94,.T.);
#5605=EDGE_CURVE('',#4410,#4411,#2338,.T.);
#5606=EDGE_CURVE('',#4411,#4412,#95,.T.);
#5607=EDGE_CURVE('',#4412,#4413,#2339,.T.);
#5608=EDGE_CURVE('',#4413,#4414,#96,.T.);
#5609=EDGE_CURVE('',#4414,#4415,#2340,.T.);
#5610=EDGE_CURVE('',#4415,#4416,#97,.T.);
#5611=EDGE_CURVE('',#4416,#4409,#2341,.T.);
#5612=EDGE_CURVE('',#4417,#4418,#98,.T.);
#5613=EDGE_CURVE('',#4418,#4419,#2342,.T.);
#5614=EDGE_CURVE('',#4419,#4420,#99,.T.);
#5615=EDGE_CURVE('',#4420,#4421,#2343,.T.);
#5616=EDGE_CURVE('',#4421,#4422,#100,.T.);
#5617=EDGE_CURVE('',#4422,#4423,#2344,.T.);
#5618=EDGE_CURVE('',#4423,#4424,#101,.T.);
#5619=EDGE_CURVE('',#4424,#4417,#2345,.T.);
#5620=EDGE_CURVE('',#4425,#4425,#102,.T.);
#5621=EDGE_CURVE('',#4426,#4427,#103,.T.);
#5622=EDGE_CURVE('',#4427,#4428,#2346,.T.);
#5623=EDGE_CURVE('',#4428,#4429,#104,.T.);
#5624=EDGE_CURVE('',#4429,#4430,#2347,.T.);
#5625=EDGE_CURVE('',#4430,#4431,#105,.T.);
#5626=EDGE_CURVE('',#4431,#4432,#2348,.T.);
#5627=EDGE_CURVE('',#4432,#4433,#106,.T.);
#5628=EDGE_CURVE('',#4433,#4426,#2349,.T.);
#5629=EDGE_CURVE('',#4434,#4435,#107,.T.);
#5630=EDGE_CURVE('',#4435,#4436,#2350,.T.);
#5631=EDGE_CURVE('',#4436,#4437,#108,.T.);
#5632=EDGE_CURVE('',#4437,#4438,#2351,.T.);
#5633=EDGE_CURVE('',#4438,#4439,#109,.T.);
#5634=EDGE_CURVE('',#4439,#4440,#2352,.T.);
#5635=EDGE_CURVE('',#4440,#4441,#110,.T.);
#5636=EDGE_CURVE('',#4441,#4434,#2353,.T.);
#5637=EDGE_CURVE('',#4442,#4443,#2354,.T.);
#5638=EDGE_CURVE('',#4443,#4444,#2355,.T.);
#5639=EDGE_CURVE('',#4444,#4445,#2356,.T.);
#5640=EDGE_CURVE('',#4445,#4446,#2357,.T.);
#5641=EDGE_CURVE('',#4446,#4447,#2358,.T.);
#5642=EDGE_CURVE('',#4447,#4448,#2359,.T.);
#5643=EDGE_CURVE('',#4448,#4449,#2360,.T.);
#5644=EDGE_CURVE('',#4449,#4450,#2361,.T.);
#5645=EDGE_CURVE('',#4450,#4442,#2362,.T.);
#5646=EDGE_CURVE('',#4451,#4452,#422,.T.);
#5647=EDGE_CURVE('',#4452,#4453,#423,.T.);
#5648=EDGE_CURVE('',#4453,#4454,#2363,.T.);
#5649=EDGE_CURVE('',#4454,#4455,#2364,.T.);
#5650=EDGE_CURVE('',#4455,#4456,#2365,.T.);
#5651=EDGE_CURVE('',#4456,#4457,#2366,.T.);
#5652=EDGE_CURVE('',#4457,#4458,#2367,.T.);
#5653=EDGE_CURVE('',#4458,#4459,#424,.T.);
#5654=EDGE_CURVE('',#4459,#4460,#425,.T.);
#5655=EDGE_CURVE('',#4460,#4451,#2368,.T.);
#5656=EDGE_CURVE('',#4461,#4462,#426,.T.);
#5657=EDGE_CURVE('',#4462,#4463,#427,.T.);
#5658=EDGE_CURVE('',#4463,#4464,#2369,.T.);
#5659=EDGE_CURVE('',#4464,#4465,#428,.T.);
#5660=EDGE_CURVE('',#4465,#4466,#429,.T.);
#5661=EDGE_CURVE('',#4466,#4467,#2370,.T.);
#5662=EDGE_CURVE('',#4467,#4468,#430,.T.);
#5663=EDGE_CURVE('',#4468,#4469,#431,.T.);
#5664=EDGE_CURVE('',#4469,#4470,#2371,.T.);
#5665=EDGE_CURVE('',#4470,#4471,#432,.T.);
#5666=EDGE_CURVE('',#4471,#4472,#433,.T.);
#5667=EDGE_CURVE('',#4472,#4473,#2372,.T.);
#5668=EDGE_CURVE('',#4473,#4474,#2373,.T.);
#5669=EDGE_CURVE('',#4474,#4475,#2374,.T.);
#5670=EDGE_CURVE('',#4475,#4476,#2375,.T.);
#5671=EDGE_CURVE('',#4476,#4477,#2376,.T.);
#5672=EDGE_CURVE('',#4477,#4478,#2377,.T.);
#5673=EDGE_CURVE('',#4478,#4479,#2378,.T.);
#5674=EDGE_CURVE('',#4479,#4480,#2379,.T.);
#5675=EDGE_CURVE('',#4480,#4481,#2380,.T.);
#5676=EDGE_CURVE('',#4481,#4482,#2381,.T.);
#5677=EDGE_CURVE('',#4482,#4461,#2382,.T.);
#5678=EDGE_CURVE('',#4483,#4484,#2383,.T.);
#5679=EDGE_CURVE('',#4484,#4485,#2384,.T.);
#5680=EDGE_CURVE('',#4485,#4486,#2385,.T.);
#5681=EDGE_CURVE('',#4486,#4487,#2386,.T.);
#5682=EDGE_CURVE('',#4487,#4488,#2387,.T.);
#5683=EDGE_CURVE('',#4488,#4489,#2388,.T.);
#5684=EDGE_CURVE('',#4489,#4490,#2389,.T.);
#5685=EDGE_CURVE('',#4490,#4491,#2390,.T.);
#5686=EDGE_CURVE('',#4491,#4492,#2391,.T.);
#5687=EDGE_CURVE('',#4492,#4493,#2392,.T.);
#5688=EDGE_CURVE('',#4493,#4494,#2393,.T.);
#5689=EDGE_CURVE('',#4494,#4483,#2394,.T.);
#5690=EDGE_CURVE('',#4495,#4496,#2395,.T.);
#5691=EDGE_CURVE('',#4496,#4497,#2396,.T.);
#5692=EDGE_CURVE('',#4497,#4498,#2397,.T.);
#5693=EDGE_CURVE('',#4498,#4495,#2398,.T.);
#5694=EDGE_CURVE('',#4495,#4499,#2399,.T.);
#5695=EDGE_CURVE('',#4500,#4499,#2400,.T.);
#5696=EDGE_CURVE('',#4496,#4500,#2401,.T.);
#5697=EDGE_CURVE('',#4501,#4500,#2402,.T.);
#5698=EDGE_CURVE('',#4497,#4501,#2403,.T.);
#5699=EDGE_CURVE('',#4502,#4501,#2404,.T.);
#5700=EDGE_CURVE('',#4498,#4502,#2405,.T.);
#5701=EDGE_CURVE('',#4499,#4502,#2406,.T.);
#5702=EDGE_CURVE('',#4483,#4503,#2407,.T.);
#5703=EDGE_CURVE('',#4504,#4503,#2408,.T.);
#5704=EDGE_CURVE('',#4484,#4504,#2409,.T.);
#5705=EDGE_CURVE('',#4505,#4504,#2410,.T.);
#5706=EDGE_CURVE('',#4485,#4505,#2411,.T.);
#5707=EDGE_CURVE('',#4506,#4505,#2412,.T.);
#5708=EDGE_CURVE('',#4486,#4506,#2413,.T.);
#5709=EDGE_CURVE('',#4507,#4506,#2414,.T.);
#5710=EDGE_CURVE('',#4487,#4507,#2415,.T.);
#5711=EDGE_CURVE('',#4508,#4507,#2416,.T.);
#5712=EDGE_CURVE('',#4488,#4508,#2417,.T.);
#5713=EDGE_CURVE('',#4509,#4508,#2418,.T.);
#5714=EDGE_CURVE('',#4489,#4509,#2419,.T.);
#5715=EDGE_CURVE('',#4510,#4509,#2420,.T.);
#5716=EDGE_CURVE('',#4490,#4510,#2421,.T.);
#5717=EDGE_CURVE('',#4511,#4510,#2422,.T.);
#5718=EDGE_CURVE('',#4491,#4511,#2423,.T.);
#5719=EDGE_CURVE('',#4512,#4511,#2424,.T.);
#5720=EDGE_CURVE('',#4492,#4512,#2425,.T.);
#5721=EDGE_CURVE('',#4513,#4512,#2426,.T.);
#5722=EDGE_CURVE('',#4493,#4513,#2427,.T.);
#5723=EDGE_CURVE('',#4514,#4513,#2428,.T.);
#5724=EDGE_CURVE('',#4494,#4514,#2429,.T.);
#5725=EDGE_CURVE('',#4503,#4514,#2430,.T.);
#5726=EDGE_CURVE('',#4461,#4515,#2431,.T.);
#5727=EDGE_CURVE('',#4516,#4515,#434,.T.);
#5728=EDGE_CURVE('',#4462,#4516,#2432,.T.);
#5729=EDGE_CURVE('',#4517,#4516,#435,.T.);
#5730=EDGE_CURVE('',#4463,#4517,#2433,.T.);
#5731=EDGE_CURVE('',#4518,#4517,#2434,.T.);
#5732=EDGE_CURVE('',#4464,#4518,#2435,.T.);
#5733=EDGE_CURVE('',#4519,#4518,#436,.T.);
#5734=EDGE_CURVE('',#4465,#4519,#2436,.T.);
#5735=EDGE_CURVE('',#4520,#4519,#437,.T.);
#5736=EDGE_CURVE('',#4466,#4520,#2437,.T.);
#5737=EDGE_CURVE('',#4521,#4520,#2438,.T.);
#5738=EDGE_CURVE('',#4467,#4521,#2439,.T.);
#5739=EDGE_CURVE('',#4522,#4521,#438,.T.);
#5740=EDGE_CURVE('',#4468,#4522,#2440,.T.);
#5741=EDGE_CURVE('',#4523,#4522,#439,.T.);
#5742=EDGE_CURVE('',#4469,#4523,#2441,.T.);
#5743=EDGE_CURVE('',#4524,#4523,#2442,.T.);
#5744=EDGE_CURVE('',#4470,#4524,#2443,.T.);
#5745=EDGE_CURVE('',#4525,#4524,#440,.T.);
#5746=EDGE_CURVE('',#4471,#4525,#2444,.T.);
#5747=EDGE_CURVE('',#4526,#4525,#441,.T.);
#5748=EDGE_CURVE('',#4472,#4526,#2445,.T.);
#5749=EDGE_CURVE('',#4527,#4526,#2446,.T.);
#5750=EDGE_CURVE('',#4473,#4527,#2447,.T.);
#5751=EDGE_CURVE('',#4528,#4527,#2448,.T.);
#5752=EDGE_CURVE('',#4474,#4528,#2449,.T.);
#5753=EDGE_CURVE('',#4529,#4528,#2450,.T.);
#5754=EDGE_CURVE('',#4475,#4529,#2451,.T.);
#5755=EDGE_CURVE('',#4530,#4529,#2452,.T.);
#5756=EDGE_CURVE('',#4476,#4530,#2453,.T.);
#5757=EDGE_CURVE('',#4531,#4530,#2454,.T.);
#5758=EDGE_CURVE('',#4477,#4531,#2455,.T.);
#5759=EDGE_CURVE('',#4532,#4531,#2456,.T.);
#5760=EDGE_CURVE('',#4478,#4532,#2457,.T.);
#5761=EDGE_CURVE('',#4533,#4532,#2458,.T.);
#5762=EDGE_CURVE('',#4479,#4533,#2459,.T.);
#5763=EDGE_CURVE('',#4534,#4533,#2460,.T.);
#5764=EDGE_CURVE('',#4480,#4534,#2461,.T.);
#5765=EDGE_CURVE('',#4535,#4534,#2462,.T.);
#5766=EDGE_CURVE('',#4481,#4535,#2463,.T.);
#5767=EDGE_CURVE('',#4536,#4535,#2464,.T.);
#5768=EDGE_CURVE('',#4482,#4536,#2465,.T.);
#5769=EDGE_CURVE('',#4515,#4536,#2466,.T.);
#5770=EDGE_CURVE('',#4537,#4538,#2467,.T.);
#5771=EDGE_CURVE('',#4537,#4539,#2468,.T.);
#5772=EDGE_CURVE('',#4540,#4539,#2469,.T.);
#5773=EDGE_CURVE('',#4538,#4540,#2470,.T.);
#5774=EDGE_CURVE('',#4538,#4541,#2471,.T.);
#5775=EDGE_CURVE('',#4542,#4540,#2472,.T.);
#5776=EDGE_CURVE('',#4541,#4542,#2473,.T.);
#5777=EDGE_CURVE('',#4541,#4537,#2474,.T.);
#5778=EDGE_CURVE('',#4539,#4542,#2475,.T.);
#5779=EDGE_CURVE('',#4334,#4543,#2476,.T.);
#5780=EDGE_CURVE('',#4544,#4543,#2477,.T.);
#5781=EDGE_CURVE('',#4335,#4544,#2478,.T.);
#5782=EDGE_CURVE('',#4545,#4544,#2479,.T.);
#5783=EDGE_CURVE('',#4336,#4545,#2480,.T.);
#5784=EDGE_CURVE('',#4546,#4545,#2481,.T.);
#5785=EDGE_CURVE('',#4337,#4546,#2482,.T.);
#5786=EDGE_CURVE('',#4547,#4546,#2483,.T.);
#5787=EDGE_CURVE('',#4338,#4547,#2484,.T.);
#5788=EDGE_CURVE('',#4548,#4547,#2485,.T.);
#5789=EDGE_CURVE('',#4339,#4548,#2486,.T.);
#5790=EDGE_CURVE('',#4549,#4548,#2487,.T.);
#5791=EDGE_CURVE('',#4340,#4549,#2488,.T.);
#5792=EDGE_CURVE('',#4550,#4549,#2489,.T.);
#5793=EDGE_CURVE('',#4341,#4550,#2490,.T.);
#5794=EDGE_CURVE('',#4551,#4550,#2491,.T.);
#5795=EDGE_CURVE('',#4342,#4551,#2492,.T.);
#5796=EDGE_CURVE('',#4543,#4551,#2493,.T.);
#5797=EDGE_CURVE('',#4343,#4552,#2494,.T.);
#5798=EDGE_CURVE('',#4553,#4552,#442,.T.);
#5799=EDGE_CURVE('',#4344,#4553,#2495,.T.);
#5800=EDGE_CURVE('',#4554,#4553,#443,.T.);
#5801=EDGE_CURVE('',#4345,#4554,#2496,.T.);
#5802=EDGE_CURVE('',#4555,#4554,#2497,.T.);
#5803=EDGE_CURVE('',#4346,#4555,#2498,.T.);
#5804=EDGE_CURVE('',#4556,#4555,#444,.T.);
#5805=EDGE_CURVE('',#4347,#4556,#2499,.T.);
#5806=EDGE_CURVE('',#4557,#4556,#445,.T.);
#5807=EDGE_CURVE('',#4348,#4557,#2500,.T.);
#5808=EDGE_CURVE('',#4558,#4557,#2501,.T.);
#5809=EDGE_CURVE('',#4349,#4558,#2502,.T.);
#5810=EDGE_CURVE('',#4559,#4558,#2503,.T.);
#5811=EDGE_CURVE('',#4350,#4559,#2504,.T.);
#5812=EDGE_CURVE('',#4560,#4559,#2505,.T.);
#5813=EDGE_CURVE('',#4351,#4560,#2506,.T.);
#5814=EDGE_CURVE('',#4561,#4560,#2507,.T.);
#5815=EDGE_CURVE('',#4352,#4561,#2508,.T.);
#5816=EDGE_CURVE('',#4562,#4561,#2509,.T.);
#5817=EDGE_CURVE('',#4353,#4562,#2510,.T.);
#5818=EDGE_CURVE('',#4563,#4562,#2511,.T.);
#5819=EDGE_CURVE('',#4354,#4563,#2512,.T.);
#5820=EDGE_CURVE('',#4564,#4563,#446,.T.);
#5821=EDGE_CURVE('',#4355,#4564,#2513,.T.);
#5822=EDGE_CURVE('',#4565,#4564,#2514,.T.);
#5823=EDGE_CURVE('',#4356,#4565,#2515,.T.);
#5824=EDGE_CURVE('',#4566,#4565,#447,.T.);
#5825=EDGE_CURVE('',#4357,#4566,#2516,.T.);
#5826=EDGE_CURVE('',#4567,#4566,#448,.T.);
#5827=EDGE_CURVE('',#4358,#4567,#2517,.T.);
#5828=EDGE_CURVE('',#4568,#4567,#2518,.T.);
#5829=EDGE_CURVE('',#4359,#4568,#2519,.T.);
#5830=EDGE_CURVE('',#4569,#4568,#449,.T.);
#5831=EDGE_CURVE('',#4360,#4569,#2520,.T.);
#5832=EDGE_CURVE('',#4570,#4569,#450,.T.);
#5833=EDGE_CURVE('',#4361,#4570,#2521,.T.);
#5834=EDGE_CURVE('',#4571,#4570,#2522,.T.);
#5835=EDGE_CURVE('',#4362,#4571,#2523,.T.);
#5836=EDGE_CURVE('',#4572,#4571,#2524,.T.);
#5837=EDGE_CURVE('',#4363,#4572,#2525,.T.);
#5838=EDGE_CURVE('',#4573,#4572,#2526,.T.);
#5839=EDGE_CURVE('',#4364,#4573,#2527,.T.);
#5840=EDGE_CURVE('',#4574,#4573,#2528,.T.);
#5841=EDGE_CURVE('',#4365,#4574,#2529,.T.);
#5842=EDGE_CURVE('',#4575,#4574,#2530,.T.);
#5843=EDGE_CURVE('',#4366,#4575,#2531,.T.);
#5844=EDGE_CURVE('',#4576,#4575,#2532,.T.);
#5845=EDGE_CURVE('',#4367,#4576,#2533,.T.);
#5846=EDGE_CURVE('',#4577,#4576,#451,.T.);
#5847=EDGE_CURVE('',#4368,#4577,#2534,.T.);
#5848=EDGE_CURVE('',#4552,#4577,#2535,.T.);
#5849=EDGE_CURVE('',#4369,#4578,#2536,.T.);
#5850=EDGE_CURVE('',#4579,#4578,#2537,.T.);
#5851=EDGE_CURVE('',#4370,#4579,#2538,.T.);
#5852=EDGE_CURVE('',#4580,#4579,#2539,.T.);
#5853=EDGE_CURVE('',#4371,#4580,#2540,.T.);
#5854=EDGE_CURVE('',#4581,#4580,#2541,.T.);
#5855=EDGE_CURVE('',#4372,#4581,#2542,.T.);
#5856=EDGE_CURVE('',#4582,#4581,#2543,.T.);
#5857=EDGE_CURVE('',#4373,#4582,#2544,.T.);
#5858=EDGE_CURVE('',#4583,#4582,#2545,.T.);
#5859=EDGE_CURVE('',#4374,#4583,#2546,.T.);
#5860=EDGE_CURVE('',#4584,#4583,#452,.T.);
#5861=EDGE_CURVE('',#4375,#4584,#2547,.T.);
#5862=EDGE_CURVE('',#4585,#4584,#453,.T.);
#5863=EDGE_CURVE('',#4376,#4585,#2548,.T.);
#5864=EDGE_CURVE('',#4586,#4585,#2549,.T.);
#5865=EDGE_CURVE('',#4377,#4586,#2550,.T.);
#5866=EDGE_CURVE('',#4578,#4586,#2551,.T.);
#5867=EDGE_CURVE('',#4587,#4588,#2552,.T.);
#5868=EDGE_CURVE('',#4587,#4589,#2553,.T.);
#5869=EDGE_CURVE('',#4590,#4589,#2554,.T.);
#5870=EDGE_CURVE('',#4588,#4590,#2555,.T.);
#5871=EDGE_CURVE('',#4588,#4591,#2556,.T.);
#5872=EDGE_CURVE('',#4592,#4590,#2557,.T.);
#5873=EDGE_CURVE('',#4591,#4592,#2558,.T.);
#5874=EDGE_CURVE('',#4591,#4593,#2559,.T.);
#5875=EDGE_CURVE('',#4594,#4592,#2560,.T.);
#5876=EDGE_CURVE('',#4593,#4594,#2561,.T.);
#5877=EDGE_CURVE('',#4593,#4587,#2562,.T.);
#5878=EDGE_CURVE('',#4589,#4594,#2563,.T.);
#5879=EDGE_CURVE('',#4451,#4595,#2564,.T.);
#5880=EDGE_CURVE('',#4596,#4595,#454,.T.);
#5881=EDGE_CURVE('',#4452,#4596,#2565,.T.);
#5882=EDGE_CURVE('',#4597,#4596,#455,.T.);
#5883=EDGE_CURVE('',#4453,#4597,#2566,.T.);
#5884=EDGE_CURVE('',#4598,#4597,#2567,.T.);
#5885=EDGE_CURVE('',#4454,#4598,#2568,.T.);
#5886=EDGE_CURVE('',#4599,#4598,#2569,.T.);
#5887=EDGE_CURVE('',#4455,#4599,#2570,.T.);
#5888=EDGE_CURVE('',#4600,#4599,#2571,.T.);
#5889=EDGE_CURVE('',#4456,#4600,#2572,.T.);
#5890=EDGE_CURVE('',#4601,#4600,#2573,.T.);
#5891=EDGE_CURVE('',#4457,#4601,#2574,.T.);
#5892=EDGE_CURVE('',#4602,#4601,#2575,.T.);
#5893=EDGE_CURVE('',#4458,#4602,#2576,.T.);
#5894=EDGE_CURVE('',#4603,#4602,#456,.T.);
#5895=EDGE_CURVE('',#4459,#4603,#2577,.T.);
#5896=EDGE_CURVE('',#4604,#4603,#457,.T.);
#5897=EDGE_CURVE('',#4460,#4604,#2578,.T.);
#5898=EDGE_CURVE('',#4595,#4604,#2579,.T.);
#5899=EDGE_CURVE('',#4605,#4606,#2580,.T.);
#5900=EDGE_CURVE('',#4605,#4607,#2581,.T.);
#5901=EDGE_CURVE('',#4608,#4607,#2582,.T.);
#5902=EDGE_CURVE('',#4606,#4608,#2583,.T.);
#5903=EDGE_CURVE('',#4606,#4609,#458,.T.);
#5904=EDGE_CURVE('',#4610,#4608,#459,.T.);
#5905=EDGE_CURVE('',#4609,#4610,#2584,.T.);
#5906=EDGE_CURVE('',#4609,#4611,#460,.T.);
#5907=EDGE_CURVE('',#4612,#4610,#461,.T.);
#5908=EDGE_CURVE('',#4611,#4612,#2585,.T.);
#5909=EDGE_CURVE('',#4611,#4613,#2586,.T.);
#5910=EDGE_CURVE('',#4614,#4612,#2587,.T.);
#5911=EDGE_CURVE('',#4613,#4614,#2588,.T.);
#5912=EDGE_CURVE('',#4613,#4615,#2589,.T.);
#5913=EDGE_CURVE('',#4616,#4614,#2590,.T.);
#5914=EDGE_CURVE('',#4615,#4616,#2591,.T.);
#5915=EDGE_CURVE('',#4615,#4617,#2592,.T.);
#5916=EDGE_CURVE('',#4618,#4616,#2593,.T.);
#5917=EDGE_CURVE('',#4617,#4618,#2594,.T.);
#5918=EDGE_CURVE('',#4617,#4619,#462,.T.);
#5919=EDGE_CURVE('',#4620,#4618,#463,.T.);
#5920=EDGE_CURVE('',#4619,#4620,#2595,.T.);
#5921=EDGE_CURVE('',#4619,#4605,#464,.T.);
#5922=EDGE_CURVE('',#4607,#4620,#465,.T.);
#5923=EDGE_CURVE('',#4378,#4621,#2596,.T.);
#5924=EDGE_CURVE('',#4622,#4621,#466,.T.);
#5925=EDGE_CURVE('',#4379,#4622,#2597,.T.);
#5926=EDGE_CURVE('',#4623,#4622,#467,.T.);
#5927=EDGE_CURVE('',#4380,#4623,#2598,.T.);
#5928=EDGE_CURVE('',#4624,#4623,#2599,.T.);
#5929=EDGE_CURVE('',#4381,#4624,#2600,.T.);
#5930=EDGE_CURVE('',#4625,#4624,#2601,.T.);
#5931=EDGE_CURVE('',#4382,#4625,#2602,.T.);
#5932=EDGE_CURVE('',#4626,#4625,#2603,.T.);
#5933=EDGE_CURVE('',#4383,#4626,#2604,.T.);
#5934=EDGE_CURVE('',#4627,#4626,#468,.T.);
#5935=EDGE_CURVE('',#4384,#4627,#2605,.T.);
#5936=EDGE_CURVE('',#4628,#4627,#469,.T.);
#5937=EDGE_CURVE('',#4385,#4628,#2606,.T.);
#5938=EDGE_CURVE('',#4621,#4628,#2607,.T.);
#5939=EDGE_CURVE('',#4629,#4630,#2608,.T.);
#5940=EDGE_CURVE('',#4629,#4631,#2609,.T.);
#5941=EDGE_CURVE('',#4632,#4631,#2610,.T.);
#5942=EDGE_CURVE('',#4630,#4632,#2611,.T.);
#5943=EDGE_CURVE('',#4630,#4633,#2612,.T.);
#5944=EDGE_CURVE('',#4634,#4632,#2613,.T.);
#5945=EDGE_CURVE('',#4633,#4634,#2614,.T.);
#5946=EDGE_CURVE('',#4633,#4629,#2615,.T.);
#5947=EDGE_CURVE('',#4631,#4634,#2616,.T.);
#5948=EDGE_CURVE('',#4442,#4635,#2617,.T.);
#5949=EDGE_CURVE('',#4636,#4635,#2618,.T.);
#5950=EDGE_CURVE('',#4443,#4636,#2619,.T.);
#5951=EDGE_CURVE('',#4637,#4636,#2620,.T.);
#5952=EDGE_CURVE('',#4444,#4637,#2621,.T.);
#5953=EDGE_CURVE('',#4638,#4637,#2622,.T.);
#5954=EDGE_CURVE('',#4445,#4638,#2623,.T.);
#5955=EDGE_CURVE('',#4639,#4638,#2624,.T.);
#5956=EDGE_CURVE('',#4446,#4639,#2625,.T.);
#5957=EDGE_CURVE('',#4640,#4639,#2626,.T.);
#5958=EDGE_CURVE('',#4447,#4640,#2627,.T.);
#5959=EDGE_CURVE('',#4641,#4640,#2628,.T.);
#5960=EDGE_CURVE('',#4448,#4641,#2629,.T.);
#5961=EDGE_CURVE('',#4642,#4641,#2630,.T.);
#5962=EDGE_CURVE('',#4449,#4642,#2631,.T.);
#5963=EDGE_CURVE('',#4643,#4642,#2632,.T.);
#5964=EDGE_CURVE('',#4450,#4643,#2633,.T.);
#5965=EDGE_CURVE('',#4635,#4643,#2634,.T.);
#5966=EDGE_CURVE('',#3915,#4326,#2635,.T.);
#5967=EDGE_CURVE('',#4327,#3916,#2636,.T.);
#5968=EDGE_CURVE('',#3914,#4328,#2637,.T.);
#5969=EDGE_CURVE('',#3913,#4329,#2638,.T.);
#5970=EDGE_CURVE('',#3912,#4330,#2639,.T.);
#5971=EDGE_CURVE('',#3910,#4331,#2640,.T.);
#5972=EDGE_CURVE('',#3911,#4332,#2641,.T.);
#5973=EDGE_CURVE('',#3917,#4333,#2642,.T.);
#5974=EDGE_CURVE('',#3995,#4434,#2643,.T.);
#5975=EDGE_CURVE('',#3997,#4441,#2644,.T.);
#5976=EDGE_CURVE('',#3998,#4440,#2645,.T.);
#5977=EDGE_CURVE('',#3999,#4439,#2646,.T.);
#5978=EDGE_CURVE('',#4000,#4438,#2647,.T.);
#5979=EDGE_CURVE('',#4001,#4437,#2648,.T.);
#5980=EDGE_CURVE('',#4002,#4436,#2649,.T.);
#5981=EDGE_CURVE('',#3996,#4435,#2650,.T.);
#5982=EDGE_CURVE('',#4003,#4426,#2651,.T.);
#5983=EDGE_CURVE('',#4005,#4433,#2652,.T.);
#5984=EDGE_CURVE('',#4006,#4432,#2653,.T.);
#5985=EDGE_CURVE('',#4007,#4431,#2654,.T.);
#5986=EDGE_CURVE('',#4008,#4430,#2655,.T.);
#5987=EDGE_CURVE('',#4009,#4429,#2656,.T.);
#5988=EDGE_CURVE('',#4010,#4428,#2657,.T.);
#5989=EDGE_CURVE('',#4004,#4427,#2658,.T.);
#5990=EDGE_CURVE('',#4425,#4011,#2659,.T.);
#5991=EDGE_CURVE('',#4012,#4417,#2660,.T.);
#5992=EDGE_CURVE('',#4014,#4424,#2661,.T.);
#5993=EDGE_CURVE('',#4015,#4423,#2662,.T.);
#5994=EDGE_CURVE('',#4016,#4422,#2663,.T.);
#5995=EDGE_CURVE('',#4017,#4421,#2664,.T.);
#5996=EDGE_CURVE('',#4018,#4420,#2665,.T.);
#5997=EDGE_CURVE('',#4019,#4419,#2666,.T.);
#5998=EDGE_CURVE('',#4013,#4418,#2667,.T.);
#5999=EDGE_CURVE('',#4020,#4409,#2668,.T.);
#6000=EDGE_CURVE('',#4022,#4416,#2669,.T.);
#6001=EDGE_CURVE('',#4023,#4415,#2670,.T.);
#6002=EDGE_CURVE('',#4024,#4414,#2671,.T.);
#6003=EDGE_CURVE('',#4025,#4413,#2672,.T.);
#6004=EDGE_CURVE('',#4026,#4412,#2673,.T.);
#6005=EDGE_CURVE('',#4027,#4411,#2674,.T.);
#6006=EDGE_CURVE('',#4021,#4410,#2675,.T.);
#6007=EDGE_CURVE('',#4028,#4405,#2676,.T.);
#6008=EDGE_CURVE('',#4030,#4408,#2677,.T.);
#6009=EDGE_CURVE('',#4031,#4407,#2678,.F.);
#6010=EDGE_CURVE('',#4029,#4406,#2679,.T.);
#6011=EDGE_CURVE('',#4032,#4397,#2680,.T.);
#6012=EDGE_CURVE('',#4034,#4404,#2681,.T.);
#6013=EDGE_CURVE('',#4035,#4403,#2682,.T.);
#6014=EDGE_CURVE('',#4036,#4402,#2683,.T.);
#6015=EDGE_CURVE('',#4037,#4401,#2684,.T.);
#6016=EDGE_CURVE('',#4038,#4400,#2685,.T.);
#6017=EDGE_CURVE('',#4039,#4399,#2686,.T.);
#6018=EDGE_CURVE('',#4033,#4398,#2687,.T.);
#6019=EDGE_CURVE('',#4040,#4389,#2688,.T.);
#6020=EDGE_CURVE('',#4042,#4396,#2689,.T.);
#6021=EDGE_CURVE('',#4043,#4395,#2690,.T.);
#6022=EDGE_CURVE('',#4044,#4394,#2691,.T.);
#6023=EDGE_CURVE('',#4045,#4393,#2692,.T.);
#6024=EDGE_CURVE('',#4046,#4392,#2693,.T.);
#6025=EDGE_CURVE('',#4047,#4391,#2694,.T.);
#6026=EDGE_CURVE('',#4041,#4390,#2695,.T.);
#6027=EDGE_CURVE('',#4388,#4048,#2696,.T.);
#6028=EDGE_CURVE('',#4387,#4049,#2697,.T.);
#6029=EDGE_CURVE('',#4386,#4050,#2698,.T.);
#6030=ORIENTED_EDGE('',*,*,#4644,.F.);
#6031=ORIENTED_EDGE('',*,*,#4645,.T.);
#6032=ORIENTED_EDGE('',*,*,#4646,.F.);
#6033=ORIENTED_EDGE('',*,*,#4647,.F.);
#6034=ORIENTED_EDGE('',*,*,#4648,.F.);
#6035=ORIENTED_EDGE('',*,*,#4647,.T.);
#6036=ORIENTED_EDGE('',*,*,#4649,.F.);
#6037=ORIENTED_EDGE('',*,*,#4650,.F.);
#6038=ORIENTED_EDGE('',*,*,#4651,.F.);
#6039=ORIENTED_EDGE('',*,*,#4650,.T.);
#6040=ORIENTED_EDGE('',*,*,#4652,.F.);
#6041=ORIENTED_EDGE('',*,*,#4653,.F.);
#6042=ORIENTED_EDGE('',*,*,#4654,.F.);
#6043=ORIENTED_EDGE('',*,*,#4653,.T.);
#6044=ORIENTED_EDGE('',*,*,#4655,.F.);
#6045=ORIENTED_EDGE('',*,*,#4656,.F.);
#6046=ORIENTED_EDGE('',*,*,#4657,.F.);
#6047=ORIENTED_EDGE('',*,*,#4656,.T.);
#6048=ORIENTED_EDGE('',*,*,#4658,.F.);
#6049=ORIENTED_EDGE('',*,*,#4659,.F.);
#6050=ORIENTED_EDGE('',*,*,#4660,.F.);
#6051=ORIENTED_EDGE('',*,*,#4659,.T.);
#6052=ORIENTED_EDGE('',*,*,#4661,.F.);
#6053=ORIENTED_EDGE('',*,*,#4662,.F.);
#6054=ORIENTED_EDGE('',*,*,#4663,.F.);
#6055=ORIENTED_EDGE('',*,*,#4662,.T.);
#6056=ORIENTED_EDGE('',*,*,#4664,.F.);
#6057=ORIENTED_EDGE('',*,*,#4665,.F.);
#6058=ORIENTED_EDGE('',*,*,#4666,.F.);
#6059=ORIENTED_EDGE('',*,*,#4665,.T.);
#6060=ORIENTED_EDGE('',*,*,#4667,.F.);
#6061=ORIENTED_EDGE('',*,*,#4668,.F.);
#6062=ORIENTED_EDGE('',*,*,#4669,.F.);
#6063=ORIENTED_EDGE('',*,*,#4668,.T.);
#6064=ORIENTED_EDGE('',*,*,#4670,.F.);
#6065=ORIENTED_EDGE('',*,*,#4645,.F.);
#6066=ORIENTED_EDGE('',*,*,#4670,.T.);
#6067=ORIENTED_EDGE('',*,*,#4667,.T.);
#6068=ORIENTED_EDGE('',*,*,#4664,.T.);
#6069=ORIENTED_EDGE('',*,*,#4661,.T.);
#6070=ORIENTED_EDGE('',*,*,#4658,.T.);
#6071=ORIENTED_EDGE('',*,*,#4655,.T.);
#6072=ORIENTED_EDGE('',*,*,#4652,.T.);
#6073=ORIENTED_EDGE('',*,*,#4649,.T.);
#6074=ORIENTED_EDGE('',*,*,#4646,.T.);
#6075=ORIENTED_EDGE('',*,*,#4671,.F.);
#6076=ORIENTED_EDGE('',*,*,#4672,.T.);
#6077=ORIENTED_EDGE('',*,*,#4673,.F.);
#6078=ORIENTED_EDGE('',*,*,#4674,.F.);
#6079=ORIENTED_EDGE('',*,*,#4675,.F.);
#6080=ORIENTED_EDGE('',*,*,#4674,.T.);
#6081=ORIENTED_EDGE('',*,*,#4676,.F.);
#6082=ORIENTED_EDGE('',*,*,#4677,.F.);
#6083=ORIENTED_EDGE('',*,*,#4678,.F.);
#6084=ORIENTED_EDGE('',*,*,#4677,.T.);
#6085=ORIENTED_EDGE('',*,*,#4679,.F.);
#6086=ORIENTED_EDGE('',*,*,#4680,.F.);
#6087=ORIENTED_EDGE('',*,*,#4681,.F.);
#6088=ORIENTED_EDGE('',*,*,#4680,.T.);
#6089=ORIENTED_EDGE('',*,*,#4682,.F.);
#6090=ORIENTED_EDGE('',*,*,#4683,.F.);
#6091=ORIENTED_EDGE('',*,*,#4684,.F.);
#6092=ORIENTED_EDGE('',*,*,#4683,.T.);
#6093=ORIENTED_EDGE('',*,*,#4685,.F.);
#6094=ORIENTED_EDGE('',*,*,#4686,.F.);
#6095=ORIENTED_EDGE('',*,*,#4687,.F.);
#6096=ORIENTED_EDGE('',*,*,#4686,.T.);
#6097=ORIENTED_EDGE('',*,*,#4688,.F.);
#6098=ORIENTED_EDGE('',*,*,#4689,.F.);
#6099=ORIENTED_EDGE('',*,*,#4690,.F.);
#6100=ORIENTED_EDGE('',*,*,#4689,.T.);
#6101=ORIENTED_EDGE('',*,*,#4691,.F.);
#6102=ORIENTED_EDGE('',*,*,#4692,.F.);
#6103=ORIENTED_EDGE('',*,*,#4693,.F.);
#6104=ORIENTED_EDGE('',*,*,#4692,.T.);
#6105=ORIENTED_EDGE('',*,*,#4694,.F.);
#6106=ORIENTED_EDGE('',*,*,#4695,.F.);
#6107=ORIENTED_EDGE('',*,*,#4696,.F.);
#6108=ORIENTED_EDGE('',*,*,#4695,.T.);
#6109=ORIENTED_EDGE('',*,*,#4697,.F.);
#6110=ORIENTED_EDGE('',*,*,#4698,.F.);
#6111=ORIENTED_EDGE('',*,*,#4699,.F.);
#6112=ORIENTED_EDGE('',*,*,#4698,.T.);
#6113=ORIENTED_EDGE('',*,*,#4700,.F.);
#6114=ORIENTED_EDGE('',*,*,#4701,.F.);
#6115=ORIENTED_EDGE('',*,*,#4702,.F.);
#6116=ORIENTED_EDGE('',*,*,#4701,.T.);
#6117=ORIENTED_EDGE('',*,*,#4703,.F.);
#6118=ORIENTED_EDGE('',*,*,#4704,.F.);
#6119=ORIENTED_EDGE('',*,*,#4705,.F.);
#6120=ORIENTED_EDGE('',*,*,#4704,.T.);
#6121=ORIENTED_EDGE('',*,*,#4706,.F.);
#6122=ORIENTED_EDGE('',*,*,#4707,.F.);
#6123=ORIENTED_EDGE('',*,*,#4708,.F.);
#6124=ORIENTED_EDGE('',*,*,#4707,.T.);
#6125=ORIENTED_EDGE('',*,*,#4709,.F.);
#6126=ORIENTED_EDGE('',*,*,#4710,.F.);
#6127=ORIENTED_EDGE('',*,*,#4711,.F.);
#6128=ORIENTED_EDGE('',*,*,#4710,.T.);
#6129=ORIENTED_EDGE('',*,*,#4712,.F.);
#6130=ORIENTED_EDGE('',*,*,#4713,.F.);
#6131=ORIENTED_EDGE('',*,*,#4714,.F.);
#6132=ORIENTED_EDGE('',*,*,#4713,.T.);
#6133=ORIENTED_EDGE('',*,*,#4715,.F.);
#6134=ORIENTED_EDGE('',*,*,#4716,.F.);
#6135=ORIENTED_EDGE('',*,*,#4717,.F.);
#6136=ORIENTED_EDGE('',*,*,#4716,.T.);
#6137=ORIENTED_EDGE('',*,*,#4718,.F.);
#6138=ORIENTED_EDGE('',*,*,#4719,.F.);
#6139=ORIENTED_EDGE('',*,*,#4720,.F.);
#6140=ORIENTED_EDGE('',*,*,#4719,.T.);
#6141=ORIENTED_EDGE('',*,*,#4721,.F.);
#6142=ORIENTED_EDGE('',*,*,#4722,.F.);
#6143=ORIENTED_EDGE('',*,*,#4723,.F.);
#6144=ORIENTED_EDGE('',*,*,#4722,.T.);
#6145=ORIENTED_EDGE('',*,*,#4724,.F.);
#6146=ORIENTED_EDGE('',*,*,#4725,.F.);
#6147=ORIENTED_EDGE('',*,*,#4726,.F.);
#6148=ORIENTED_EDGE('',*,*,#4725,.T.);
#6149=ORIENTED_EDGE('',*,*,#4727,.F.);
#6150=ORIENTED_EDGE('',*,*,#4728,.F.);
#6151=ORIENTED_EDGE('',*,*,#4729,.F.);
#6152=ORIENTED_EDGE('',*,*,#4728,.T.);
#6153=ORIENTED_EDGE('',*,*,#4730,.F.);
#6154=ORIENTED_EDGE('',*,*,#4731,.F.);
#6155=ORIENTED_EDGE('',*,*,#4732,.F.);
#6156=ORIENTED_EDGE('',*,*,#4731,.T.);
#6157=ORIENTED_EDGE('',*,*,#4733,.F.);
#6158=ORIENTED_EDGE('',*,*,#4734,.F.);
#6159=ORIENTED_EDGE('',*,*,#4735,.F.);
#6160=ORIENTED_EDGE('',*,*,#4734,.T.);
#6161=ORIENTED_EDGE('',*,*,#4736,.F.);
#6162=ORIENTED_EDGE('',*,*,#4737,.F.);
#6163=ORIENTED_EDGE('',*,*,#4738,.F.);
#6164=ORIENTED_EDGE('',*,*,#4737,.T.);
#6165=ORIENTED_EDGE('',*,*,#4739,.F.);
#6166=ORIENTED_EDGE('',*,*,#4740,.F.);
#6167=ORIENTED_EDGE('',*,*,#4741,.F.);
#6168=ORIENTED_EDGE('',*,*,#4740,.T.);
#6169=ORIENTED_EDGE('',*,*,#4742,.F.);
#6170=ORIENTED_EDGE('',*,*,#4743,.F.);
#6171=ORIENTED_EDGE('',*,*,#4744,.F.);
#6172=ORIENTED_EDGE('',*,*,#4743,.T.);
#6173=ORIENTED_EDGE('',*,*,#4745,.F.);
#6174=ORIENTED_EDGE('',*,*,#4746,.F.);
#6175=ORIENTED_EDGE('',*,*,#4747,.F.);
#6176=ORIENTED_EDGE('',*,*,#4746,.T.);
#6177=ORIENTED_EDGE('',*,*,#4748,.F.);
#6178=ORIENTED_EDGE('',*,*,#4749,.F.);
#6179=ORIENTED_EDGE('',*,*,#4750,.F.);
#6180=ORIENTED_EDGE('',*,*,#4749,.T.);
#6181=ORIENTED_EDGE('',*,*,#4751,.F.);
#6182=ORIENTED_EDGE('',*,*,#4752,.F.);
#6183=ORIENTED_EDGE('',*,*,#4753,.F.);
#6184=ORIENTED_EDGE('',*,*,#4752,.T.);
#6185=ORIENTED_EDGE('',*,*,#4754,.F.);
#6186=ORIENTED_EDGE('',*,*,#4755,.F.);
#6187=ORIENTED_EDGE('',*,*,#4756,.F.);
#6188=ORIENTED_EDGE('',*,*,#4755,.T.);
#6189=ORIENTED_EDGE('',*,*,#4757,.F.);
#6190=ORIENTED_EDGE('',*,*,#4758,.F.);
#6191=ORIENTED_EDGE('',*,*,#4759,.F.);
#6192=ORIENTED_EDGE('',*,*,#4758,.T.);
#6193=ORIENTED_EDGE('',*,*,#4760,.F.);
#6194=ORIENTED_EDGE('',*,*,#4761,.F.);
#6195=ORIENTED_EDGE('',*,*,#4762,.F.);
#6196=ORIENTED_EDGE('',*,*,#4761,.T.);
#6197=ORIENTED_EDGE('',*,*,#4763,.F.);
#6198=ORIENTED_EDGE('',*,*,#4764,.F.);
#6199=ORIENTED_EDGE('',*,*,#4765,.F.);
#6200=ORIENTED_EDGE('',*,*,#4764,.T.);
#6201=ORIENTED_EDGE('',*,*,#4766,.F.);
#6202=ORIENTED_EDGE('',*,*,#4767,.F.);
#6203=ORIENTED_EDGE('',*,*,#4768,.F.);
#6204=ORIENTED_EDGE('',*,*,#4767,.T.);
#6205=ORIENTED_EDGE('',*,*,#4769,.F.);
#6206=ORIENTED_EDGE('',*,*,#4770,.F.);
#6207=ORIENTED_EDGE('',*,*,#4771,.F.);
#6208=ORIENTED_EDGE('',*,*,#4770,.T.);
#6209=ORIENTED_EDGE('',*,*,#4772,.F.);
#6210=ORIENTED_EDGE('',*,*,#4773,.F.);
#6211=ORIENTED_EDGE('',*,*,#4774,.F.);
#6212=ORIENTED_EDGE('',*,*,#4773,.T.);
#6213=ORIENTED_EDGE('',*,*,#4775,.F.);
#6214=ORIENTED_EDGE('',*,*,#4672,.F.);
#6215=ORIENTED_EDGE('',*,*,#4775,.T.);
#6216=ORIENTED_EDGE('',*,*,#4772,.T.);
#6217=ORIENTED_EDGE('',*,*,#4769,.T.);
#6218=ORIENTED_EDGE('',*,*,#4766,.T.);
#6219=ORIENTED_EDGE('',*,*,#4763,.T.);
#6220=ORIENTED_EDGE('',*,*,#4760,.T.);
#6221=ORIENTED_EDGE('',*,*,#4757,.T.);
#6222=ORIENTED_EDGE('',*,*,#4754,.T.);
#6223=ORIENTED_EDGE('',*,*,#4751,.T.);
#6224=ORIENTED_EDGE('',*,*,#4748,.T.);
#6225=ORIENTED_EDGE('',*,*,#4745,.T.);
#6226=ORIENTED_EDGE('',*,*,#4742,.T.);
#6227=ORIENTED_EDGE('',*,*,#4739,.T.);
#6228=ORIENTED_EDGE('',*,*,#4736,.T.);
#6229=ORIENTED_EDGE('',*,*,#4733,.T.);
#6230=ORIENTED_EDGE('',*,*,#4730,.T.);
#6231=ORIENTED_EDGE('',*,*,#4727,.T.);
#6232=ORIENTED_EDGE('',*,*,#4724,.T.);
#6233=ORIENTED_EDGE('',*,*,#4721,.T.);
#6234=ORIENTED_EDGE('',*,*,#4718,.T.);
#6235=ORIENTED_EDGE('',*,*,#4715,.T.);
#6236=ORIENTED_EDGE('',*,*,#4712,.T.);
#6237=ORIENTED_EDGE('',*,*,#4709,.T.);
#6238=ORIENTED_EDGE('',*,*,#4706,.T.);
#6239=ORIENTED_EDGE('',*,*,#4703,.T.);
#6240=ORIENTED_EDGE('',*,*,#4700,.T.);
#6241=ORIENTED_EDGE('',*,*,#4697,.T.);
#6242=ORIENTED_EDGE('',*,*,#4694,.T.);
#6243=ORIENTED_EDGE('',*,*,#4691,.T.);
#6244=ORIENTED_EDGE('',*,*,#4688,.T.);
#6245=ORIENTED_EDGE('',*,*,#4685,.T.);
#6246=ORIENTED_EDGE('',*,*,#4682,.T.);
#6247=ORIENTED_EDGE('',*,*,#4679,.T.);
#6248=ORIENTED_EDGE('',*,*,#4676,.T.);
#6249=ORIENTED_EDGE('',*,*,#4673,.T.);
#6250=ORIENTED_EDGE('',*,*,#4776,.F.);
#6251=ORIENTED_EDGE('',*,*,#4777,.T.);
#6252=ORIENTED_EDGE('',*,*,#4778,.F.);
#6253=ORIENTED_EDGE('',*,*,#4779,.F.);
#6254=ORIENTED_EDGE('',*,*,#4780,.F.);
#6255=ORIENTED_EDGE('',*,*,#4779,.T.);
#6256=ORIENTED_EDGE('',*,*,#4781,.F.);
#6257=ORIENTED_EDGE('',*,*,#4782,.F.);
#6258=ORIENTED_EDGE('',*,*,#4783,.F.);
#6259=ORIENTED_EDGE('',*,*,#4782,.T.);
#6260=ORIENTED_EDGE('',*,*,#4784,.F.);
#6261=ORIENTED_EDGE('',*,*,#4785,.F.);
#6262=ORIENTED_EDGE('',*,*,#4786,.F.);
#6263=ORIENTED_EDGE('',*,*,#4785,.T.);
#6264=ORIENTED_EDGE('',*,*,#4787,.F.);
#6265=ORIENTED_EDGE('',*,*,#4788,.F.);
#6266=ORIENTED_EDGE('',*,*,#4789,.F.);
#6267=ORIENTED_EDGE('',*,*,#4788,.T.);
#6268=ORIENTED_EDGE('',*,*,#4790,.F.);
#6269=ORIENTED_EDGE('',*,*,#4791,.F.);
#6270=ORIENTED_EDGE('',*,*,#4792,.F.);
#6271=ORIENTED_EDGE('',*,*,#4791,.T.);
#6272=ORIENTED_EDGE('',*,*,#4793,.F.);
#6273=ORIENTED_EDGE('',*,*,#4794,.F.);
#6274=ORIENTED_EDGE('',*,*,#4795,.F.);
#6275=ORIENTED_EDGE('',*,*,#4794,.T.);
#6276=ORIENTED_EDGE('',*,*,#4796,.F.);
#6277=ORIENTED_EDGE('',*,*,#4797,.F.);
#6278=ORIENTED_EDGE('',*,*,#4798,.F.);
#6279=ORIENTED_EDGE('',*,*,#4797,.T.);
#6280=ORIENTED_EDGE('',*,*,#4799,.F.);
#6281=ORIENTED_EDGE('',*,*,#4800,.F.);
#6282=ORIENTED_EDGE('',*,*,#4801,.F.);
#6283=ORIENTED_EDGE('',*,*,#4800,.T.);
#6284=ORIENTED_EDGE('',*,*,#4802,.F.);
#6285=ORIENTED_EDGE('',*,*,#4803,.F.);
#6286=ORIENTED_EDGE('',*,*,#4804,.F.);
#6287=ORIENTED_EDGE('',*,*,#4803,.T.);
#6288=ORIENTED_EDGE('',*,*,#4805,.F.);
#6289=ORIENTED_EDGE('',*,*,#4806,.F.);
#6290=ORIENTED_EDGE('',*,*,#4807,.F.);
#6291=ORIENTED_EDGE('',*,*,#4806,.T.);
#6292=ORIENTED_EDGE('',*,*,#4808,.F.);
#6293=ORIENTED_EDGE('',*,*,#4809,.F.);
#6294=ORIENTED_EDGE('',*,*,#4810,.F.);
#6295=ORIENTED_EDGE('',*,*,#4809,.T.);
#6296=ORIENTED_EDGE('',*,*,#4811,.F.);
#6297=ORIENTED_EDGE('',*,*,#4812,.F.);
#6298=ORIENTED_EDGE('',*,*,#4813,.F.);
#6299=ORIENTED_EDGE('',*,*,#4812,.T.);
#6300=ORIENTED_EDGE('',*,*,#4814,.F.);
#6301=ORIENTED_EDGE('',*,*,#4815,.F.);
#6302=ORIENTED_EDGE('',*,*,#4816,.F.);
#6303=ORIENTED_EDGE('',*,*,#4815,.T.);
#6304=ORIENTED_EDGE('',*,*,#4817,.F.);
#6305=ORIENTED_EDGE('',*,*,#4818,.F.);
#6306=ORIENTED_EDGE('',*,*,#4819,.F.);
#6307=ORIENTED_EDGE('',*,*,#4818,.T.);
#6308=ORIENTED_EDGE('',*,*,#4820,.F.);
#6309=ORIENTED_EDGE('',*,*,#4821,.F.);
#6310=ORIENTED_EDGE('',*,*,#4822,.F.);
#6311=ORIENTED_EDGE('',*,*,#4821,.T.);
#6312=ORIENTED_EDGE('',*,*,#4823,.F.);
#6313=ORIENTED_EDGE('',*,*,#4824,.F.);
#6314=ORIENTED_EDGE('',*,*,#4825,.F.);
#6315=ORIENTED_EDGE('',*,*,#4824,.T.);
#6316=ORIENTED_EDGE('',*,*,#4826,.F.);
#6317=ORIENTED_EDGE('',*,*,#4827,.F.);
#6318=ORIENTED_EDGE('',*,*,#4828,.F.);
#6319=ORIENTED_EDGE('',*,*,#4827,.T.);
#6320=ORIENTED_EDGE('',*,*,#4829,.F.);
#6321=ORIENTED_EDGE('',*,*,#4830,.F.);
#6322=ORIENTED_EDGE('',*,*,#4831,.F.);
#6323=ORIENTED_EDGE('',*,*,#4830,.T.);
#6324=ORIENTED_EDGE('',*,*,#4832,.F.);
#6325=ORIENTED_EDGE('',*,*,#4833,.F.);
#6326=ORIENTED_EDGE('',*,*,#4834,.F.);
#6327=ORIENTED_EDGE('',*,*,#4833,.T.);
#6328=ORIENTED_EDGE('',*,*,#4835,.F.);
#6329=ORIENTED_EDGE('',*,*,#4836,.F.);
#6330=ORIENTED_EDGE('',*,*,#4837,.F.);
#6331=ORIENTED_EDGE('',*,*,#4836,.T.);
#6332=ORIENTED_EDGE('',*,*,#4838,.F.);
#6333=ORIENTED_EDGE('',*,*,#4839,.F.);
#6334=ORIENTED_EDGE('',*,*,#4840,.F.);
#6335=ORIENTED_EDGE('',*,*,#4839,.T.);
#6336=ORIENTED_EDGE('',*,*,#4841,.F.);
#6337=ORIENTED_EDGE('',*,*,#4842,.F.);
#6338=ORIENTED_EDGE('',*,*,#4843,.F.);
#6339=ORIENTED_EDGE('',*,*,#4842,.T.);
#6340=ORIENTED_EDGE('',*,*,#4844,.F.);
#6341=ORIENTED_EDGE('',*,*,#4845,.F.);
#6342=ORIENTED_EDGE('',*,*,#4846,.F.);
#6343=ORIENTED_EDGE('',*,*,#4845,.T.);
#6344=ORIENTED_EDGE('',*,*,#4847,.F.);
#6345=ORIENTED_EDGE('',*,*,#4848,.F.);
#6346=ORIENTED_EDGE('',*,*,#4849,.F.);
#6347=ORIENTED_EDGE('',*,*,#4848,.T.);
#6348=ORIENTED_EDGE('',*,*,#4850,.F.);
#6349=ORIENTED_EDGE('',*,*,#4851,.F.);
#6350=ORIENTED_EDGE('',*,*,#4852,.F.);
#6351=ORIENTED_EDGE('',*,*,#4851,.T.);
#6352=ORIENTED_EDGE('',*,*,#4853,.F.);
#6353=ORIENTED_EDGE('',*,*,#4854,.F.);
#6354=ORIENTED_EDGE('',*,*,#4855,.F.);
#6355=ORIENTED_EDGE('',*,*,#4854,.T.);
#6356=ORIENTED_EDGE('',*,*,#4856,.F.);
#6357=ORIENTED_EDGE('',*,*,#4857,.F.);
#6358=ORIENTED_EDGE('',*,*,#4858,.F.);
#6359=ORIENTED_EDGE('',*,*,#4857,.T.);
#6360=ORIENTED_EDGE('',*,*,#4859,.F.);
#6361=ORIENTED_EDGE('',*,*,#4860,.F.);
#6362=ORIENTED_EDGE('',*,*,#4861,.F.);
#6363=ORIENTED_EDGE('',*,*,#4860,.T.);
#6364=ORIENTED_EDGE('',*,*,#4862,.F.);
#6365=ORIENTED_EDGE('',*,*,#4777,.F.);
#6366=ORIENTED_EDGE('',*,*,#4862,.T.);
#6367=ORIENTED_EDGE('',*,*,#4859,.T.);
#6368=ORIENTED_EDGE('',*,*,#4856,.T.);
#6369=ORIENTED_EDGE('',*,*,#4853,.T.);
#6370=ORIENTED_EDGE('',*,*,#4850,.T.);
#6371=ORIENTED_EDGE('',*,*,#4847,.T.);
#6372=ORIENTED_EDGE('',*,*,#4844,.T.);
#6373=ORIENTED_EDGE('',*,*,#4841,.T.);
#6374=ORIENTED_EDGE('',*,*,#4838,.T.);
#6375=ORIENTED_EDGE('',*,*,#4835,.T.);
#6376=ORIENTED_EDGE('',*,*,#4832,.T.);
#6377=ORIENTED_EDGE('',*,*,#4829,.T.);
#6378=ORIENTED_EDGE('',*,*,#4826,.T.);
#6379=ORIENTED_EDGE('',*,*,#4823,.T.);
#6380=ORIENTED_EDGE('',*,*,#4820,.T.);
#6381=ORIENTED_EDGE('',*,*,#4817,.T.);
#6382=ORIENTED_EDGE('',*,*,#4814,.T.);
#6383=ORIENTED_EDGE('',*,*,#4811,.T.);
#6384=ORIENTED_EDGE('',*,*,#4808,.T.);
#6385=ORIENTED_EDGE('',*,*,#4805,.T.);
#6386=ORIENTED_EDGE('',*,*,#4802,.T.);
#6387=ORIENTED_EDGE('',*,*,#4799,.T.);
#6388=ORIENTED_EDGE('',*,*,#4796,.T.);
#6389=ORIENTED_EDGE('',*,*,#4793,.T.);
#6390=ORIENTED_EDGE('',*,*,#4790,.T.);
#6391=ORIENTED_EDGE('',*,*,#4787,.T.);
#6392=ORIENTED_EDGE('',*,*,#4784,.T.);
#6393=ORIENTED_EDGE('',*,*,#4781,.T.);
#6394=ORIENTED_EDGE('',*,*,#4778,.T.);
#6395=ORIENTED_EDGE('',*,*,#4863,.F.);
#6396=ORIENTED_EDGE('',*,*,#4864,.T.);
#6397=ORIENTED_EDGE('',*,*,#4865,.F.);
#6398=ORIENTED_EDGE('',*,*,#4866,.F.);
#6399=ORIENTED_EDGE('',*,*,#4867,.F.);
#6400=ORIENTED_EDGE('',*,*,#4866,.T.);
#6401=ORIENTED_EDGE('',*,*,#4868,.F.);
#6402=ORIENTED_EDGE('',*,*,#4869,.F.);
#6403=ORIENTED_EDGE('',*,*,#4870,.F.);
#6404=ORIENTED_EDGE('',*,*,#4869,.T.);
#6405=ORIENTED_EDGE('',*,*,#4871,.F.);
#6406=ORIENTED_EDGE('',*,*,#4872,.F.);
#6407=ORIENTED_EDGE('',*,*,#4873,.F.);
#6408=ORIENTED_EDGE('',*,*,#4872,.T.);
#6409=ORIENTED_EDGE('',*,*,#4874,.F.);
#6410=ORIENTED_EDGE('',*,*,#4875,.F.);
#6411=ORIENTED_EDGE('',*,*,#4876,.F.);
#6412=ORIENTED_EDGE('',*,*,#4875,.T.);
#6413=ORIENTED_EDGE('',*,*,#4877,.F.);
#6414=ORIENTED_EDGE('',*,*,#4878,.F.);
#6415=ORIENTED_EDGE('',*,*,#4879,.F.);
#6416=ORIENTED_EDGE('',*,*,#4878,.T.);
#6417=ORIENTED_EDGE('',*,*,#4880,.F.);
#6418=ORIENTED_EDGE('',*,*,#4881,.F.);
#6419=ORIENTED_EDGE('',*,*,#4882,.F.);
#6420=ORIENTED_EDGE('',*,*,#4881,.T.);
#6421=ORIENTED_EDGE('',*,*,#4883,.F.);
#6422=ORIENTED_EDGE('',*,*,#4884,.F.);
#6423=ORIENTED_EDGE('',*,*,#4885,.F.);
#6424=ORIENTED_EDGE('',*,*,#4884,.T.);
#6425=ORIENTED_EDGE('',*,*,#4886,.F.);
#6426=ORIENTED_EDGE('',*,*,#4887,.F.);
#6427=ORIENTED_EDGE('',*,*,#4888,.F.);
#6428=ORIENTED_EDGE('',*,*,#4887,.T.);
#6429=ORIENTED_EDGE('',*,*,#4889,.F.);
#6430=ORIENTED_EDGE('',*,*,#4890,.F.);
#6431=ORIENTED_EDGE('',*,*,#4891,.F.);
#6432=ORIENTED_EDGE('',*,*,#4890,.T.);
#6433=ORIENTED_EDGE('',*,*,#4892,.F.);
#6434=ORIENTED_EDGE('',*,*,#4864,.F.);
#6435=ORIENTED_EDGE('',*,*,#4893,.F.);
#6436=ORIENTED_EDGE('',*,*,#4894,.T.);
#6437=ORIENTED_EDGE('',*,*,#4895,.F.);
#6438=ORIENTED_EDGE('',*,*,#4896,.F.);
#6439=ORIENTED_EDGE('',*,*,#4897,.F.);
#6440=ORIENTED_EDGE('',*,*,#4896,.T.);
#6441=ORIENTED_EDGE('',*,*,#4898,.F.);
#6442=ORIENTED_EDGE('',*,*,#4899,.F.);
#6443=ORIENTED_EDGE('',*,*,#4900,.F.);
#6444=ORIENTED_EDGE('',*,*,#4899,.T.);
#6445=ORIENTED_EDGE('',*,*,#4901,.F.);
#6446=ORIENTED_EDGE('',*,*,#4902,.F.);
#6447=ORIENTED_EDGE('',*,*,#4903,.F.);
#6448=ORIENTED_EDGE('',*,*,#4902,.T.);
#6449=ORIENTED_EDGE('',*,*,#4904,.F.);
#6450=ORIENTED_EDGE('',*,*,#4905,.F.);
#6451=ORIENTED_EDGE('',*,*,#4906,.F.);
#6452=ORIENTED_EDGE('',*,*,#4905,.T.);
#6453=ORIENTED_EDGE('',*,*,#4907,.F.);
#6454=ORIENTED_EDGE('',*,*,#4908,.F.);
#6455=ORIENTED_EDGE('',*,*,#4909,.F.);
#6456=ORIENTED_EDGE('',*,*,#4908,.T.);
#6457=ORIENTED_EDGE('',*,*,#4910,.F.);
#6458=ORIENTED_EDGE('',*,*,#4911,.F.);
#6459=ORIENTED_EDGE('',*,*,#4912,.F.);
#6460=ORIENTED_EDGE('',*,*,#4911,.T.);
#6461=ORIENTED_EDGE('',*,*,#4913,.F.);
#6462=ORIENTED_EDGE('',*,*,#4914,.F.);
#6463=ORIENTED_EDGE('',*,*,#4915,.F.);
#6464=ORIENTED_EDGE('',*,*,#4914,.T.);
#6465=ORIENTED_EDGE('',*,*,#4916,.F.);
#6466=ORIENTED_EDGE('',*,*,#4917,.F.);
#6467=ORIENTED_EDGE('',*,*,#4918,.F.);
#6468=ORIENTED_EDGE('',*,*,#4917,.T.);
#6469=ORIENTED_EDGE('',*,*,#4919,.F.);
#6470=ORIENTED_EDGE('',*,*,#4920,.F.);
#6471=ORIENTED_EDGE('',*,*,#4921,.F.);
#6472=ORIENTED_EDGE('',*,*,#4920,.T.);
#6473=ORIENTED_EDGE('',*,*,#4922,.F.);
#6474=ORIENTED_EDGE('',*,*,#4923,.F.);
#6475=ORIENTED_EDGE('',*,*,#4924,.F.);
#6476=ORIENTED_EDGE('',*,*,#4923,.T.);
#6477=ORIENTED_EDGE('',*,*,#4925,.F.);
#6478=ORIENTED_EDGE('',*,*,#4926,.F.);
#6479=ORIENTED_EDGE('',*,*,#4927,.F.);
#6480=ORIENTED_EDGE('',*,*,#4926,.T.);
#6481=ORIENTED_EDGE('',*,*,#4928,.F.);
#6482=ORIENTED_EDGE('',*,*,#4894,.F.);
#6483=ORIENTED_EDGE('',*,*,#4928,.T.);
#6484=ORIENTED_EDGE('',*,*,#4925,.T.);
#6485=ORIENTED_EDGE('',*,*,#4922,.T.);
#6486=ORIENTED_EDGE('',*,*,#4919,.T.);
#6487=ORIENTED_EDGE('',*,*,#4916,.T.);
#6488=ORIENTED_EDGE('',*,*,#4913,.T.);
#6489=ORIENTED_EDGE('',*,*,#4910,.T.);
#6490=ORIENTED_EDGE('',*,*,#4907,.T.);
#6491=ORIENTED_EDGE('',*,*,#4904,.T.);
#6492=ORIENTED_EDGE('',*,*,#4901,.T.);
#6493=ORIENTED_EDGE('',*,*,#4898,.T.);
#6494=ORIENTED_EDGE('',*,*,#4895,.T.);
#6495=ORIENTED_EDGE('',*,*,#4892,.T.);
#6496=ORIENTED_EDGE('',*,*,#4889,.T.);
#6497=ORIENTED_EDGE('',*,*,#4886,.T.);
#6498=ORIENTED_EDGE('',*,*,#4883,.T.);
#6499=ORIENTED_EDGE('',*,*,#4880,.T.);
#6500=ORIENTED_EDGE('',*,*,#4877,.T.);
#6501=ORIENTED_EDGE('',*,*,#4874,.T.);
#6502=ORIENTED_EDGE('',*,*,#4871,.T.);
#6503=ORIENTED_EDGE('',*,*,#4868,.T.);
#6504=ORIENTED_EDGE('',*,*,#4865,.T.);
#6505=ORIENTED_EDGE('',*,*,#4929,.F.);
#6506=ORIENTED_EDGE('',*,*,#4930,.T.);
#6507=ORIENTED_EDGE('',*,*,#4931,.F.);
#6508=ORIENTED_EDGE('',*,*,#4932,.T.);
#6509=ORIENTED_EDGE('',*,*,#4933,.F.);
#6510=ORIENTED_EDGE('',*,*,#4934,.T.);
#6511=ORIENTED_EDGE('',*,*,#4935,.F.);
#6512=ORIENTED_EDGE('',*,*,#4936,.T.);
#6513=ORIENTED_EDGE('',*,*,#4644,.T.);
#6514=ORIENTED_EDGE('',*,*,#4648,.T.);
#6515=ORIENTED_EDGE('',*,*,#4651,.T.);
#6516=ORIENTED_EDGE('',*,*,#4654,.T.);
#6517=ORIENTED_EDGE('',*,*,#4657,.T.);
#6518=ORIENTED_EDGE('',*,*,#4660,.T.);
#6519=ORIENTED_EDGE('',*,*,#4663,.T.);
#6520=ORIENTED_EDGE('',*,*,#4666,.T.);
#6521=ORIENTED_EDGE('',*,*,#4669,.T.);
#6522=ORIENTED_EDGE('',*,*,#4671,.T.);
#6523=ORIENTED_EDGE('',*,*,#4675,.T.);
#6524=ORIENTED_EDGE('',*,*,#4678,.T.);
#6525=ORIENTED_EDGE('',*,*,#4681,.T.);
#6526=ORIENTED_EDGE('',*,*,#4684,.T.);
#6527=ORIENTED_EDGE('',*,*,#4687,.T.);
#6528=ORIENTED_EDGE('',*,*,#4690,.T.);
#6529=ORIENTED_EDGE('',*,*,#4693,.T.);
#6530=ORIENTED_EDGE('',*,*,#4696,.T.);
#6531=ORIENTED_EDGE('',*,*,#4699,.T.);
#6532=ORIENTED_EDGE('',*,*,#4702,.T.);
#6533=ORIENTED_EDGE('',*,*,#4705,.T.);
#6534=ORIENTED_EDGE('',*,*,#4708,.T.);
#6535=ORIENTED_EDGE('',*,*,#4711,.T.);
#6536=ORIENTED_EDGE('',*,*,#4714,.T.);
#6537=ORIENTED_EDGE('',*,*,#4717,.T.);
#6538=ORIENTED_EDGE('',*,*,#4720,.T.);
#6539=ORIENTED_EDGE('',*,*,#4723,.T.);
#6540=ORIENTED_EDGE('',*,*,#4726,.T.);
#6541=ORIENTED_EDGE('',*,*,#4729,.T.);
#6542=ORIENTED_EDGE('',*,*,#4732,.T.);
#6543=ORIENTED_EDGE('',*,*,#4735,.T.);
#6544=ORIENTED_EDGE('',*,*,#4738,.T.);
#6545=ORIENTED_EDGE('',*,*,#4741,.T.);
#6546=ORIENTED_EDGE('',*,*,#4744,.T.);
#6547=ORIENTED_EDGE('',*,*,#4747,.T.);
#6548=ORIENTED_EDGE('',*,*,#4750,.T.);
#6549=ORIENTED_EDGE('',*,*,#4753,.T.);
#6550=ORIENTED_EDGE('',*,*,#4756,.T.);
#6551=ORIENTED_EDGE('',*,*,#4759,.T.);
#6552=ORIENTED_EDGE('',*,*,#4762,.T.);
#6553=ORIENTED_EDGE('',*,*,#4765,.T.);
#6554=ORIENTED_EDGE('',*,*,#4768,.T.);
#6555=ORIENTED_EDGE('',*,*,#4771,.T.);
#6556=ORIENTED_EDGE('',*,*,#4774,.T.);
#6557=ORIENTED_EDGE('',*,*,#4776,.T.);
#6558=ORIENTED_EDGE('',*,*,#4780,.T.);
#6559=ORIENTED_EDGE('',*,*,#4783,.T.);
#6560=ORIENTED_EDGE('',*,*,#4786,.T.);
#6561=ORIENTED_EDGE('',*,*,#4789,.T.);
#6562=ORIENTED_EDGE('',*,*,#4792,.T.);
#6563=ORIENTED_EDGE('',*,*,#4795,.T.);
#6564=ORIENTED_EDGE('',*,*,#4798,.T.);
#6565=ORIENTED_EDGE('',*,*,#4801,.T.);
#6566=ORIENTED_EDGE('',*,*,#4804,.T.);
#6567=ORIENTED_EDGE('',*,*,#4807,.T.);
#6568=ORIENTED_EDGE('',*,*,#4810,.T.);
#6569=ORIENTED_EDGE('',*,*,#4813,.T.);
#6570=ORIENTED_EDGE('',*,*,#4816,.T.);
#6571=ORIENTED_EDGE('',*,*,#4819,.T.);
#6572=ORIENTED_EDGE('',*,*,#4822,.T.);
#6573=ORIENTED_EDGE('',*,*,#4825,.T.);
#6574=ORIENTED_EDGE('',*,*,#4828,.T.);
#6575=ORIENTED_EDGE('',*,*,#4831,.T.);
#6576=ORIENTED_EDGE('',*,*,#4834,.T.);
#6577=ORIENTED_EDGE('',*,*,#4837,.T.);
#6578=ORIENTED_EDGE('',*,*,#4840,.T.);
#6579=ORIENTED_EDGE('',*,*,#4843,.T.);
#6580=ORIENTED_EDGE('',*,*,#4846,.T.);
#6581=ORIENTED_EDGE('',*,*,#4849,.T.);
#6582=ORIENTED_EDGE('',*,*,#4852,.T.);
#6583=ORIENTED_EDGE('',*,*,#4855,.T.);
#6584=ORIENTED_EDGE('',*,*,#4858,.T.);
#6585=ORIENTED_EDGE('',*,*,#4861,.T.);
#6586=ORIENTED_EDGE('',*,*,#4937,.T.);
#6587=ORIENTED_EDGE('',*,*,#4938,.T.);
#6588=ORIENTED_EDGE('',*,*,#4939,.T.);
#6589=ORIENTED_EDGE('',*,*,#4940,.T.);
#6590=ORIENTED_EDGE('',*,*,#4941,.T.);
#6591=ORIENTED_EDGE('',*,*,#4942,.T.);
#6592=ORIENTED_EDGE('',*,*,#4943,.T.);
#6593=ORIENTED_EDGE('',*,*,#4944,.T.);
#6594=ORIENTED_EDGE('',*,*,#4945,.T.);
#6595=ORIENTED_EDGE('',*,*,#4946,.T.);
#6596=ORIENTED_EDGE('',*,*,#4947,.T.);
#6597=ORIENTED_EDGE('',*,*,#4948,.T.);
#6598=ORIENTED_EDGE('',*,*,#4949,.T.);
#6599=ORIENTED_EDGE('',*,*,#4950,.T.);
#6600=ORIENTED_EDGE('',*,*,#4951,.T.);
#6601=ORIENTED_EDGE('',*,*,#4952,.T.);
#6602=ORIENTED_EDGE('',*,*,#4953,.T.);
#6603=ORIENTED_EDGE('',*,*,#4954,.T.);
#6604=ORIENTED_EDGE('',*,*,#4955,.T.);
#6605=ORIENTED_EDGE('',*,*,#4956,.T.);
#6606=ORIENTED_EDGE('',*,*,#4957,.T.);
#6607=ORIENTED_EDGE('',*,*,#4958,.T.);
#6608=ORIENTED_EDGE('',*,*,#4959,.T.);
#6609=ORIENTED_EDGE('',*,*,#4960,.T.);
#6610=ORIENTED_EDGE('',*,*,#4961,.T.);
#6611=ORIENTED_EDGE('',*,*,#4962,.T.);
#6612=ORIENTED_EDGE('',*,*,#4963,.T.);
#6613=ORIENTED_EDGE('',*,*,#4964,.T.);
#6614=ORIENTED_EDGE('',*,*,#4965,.T.);
#6615=ORIENTED_EDGE('',*,*,#4966,.T.);
#6616=ORIENTED_EDGE('',*,*,#4967,.T.);
#6617=ORIENTED_EDGE('',*,*,#4968,.T.);
#6618=ORIENTED_EDGE('',*,*,#4969,.T.);
#6619=ORIENTED_EDGE('',*,*,#4970,.T.);
#6620=ORIENTED_EDGE('',*,*,#4971,.T.);
#6621=ORIENTED_EDGE('',*,*,#4972,.T.);
#6622=ORIENTED_EDGE('',*,*,#4973,.T.);
#6623=ORIENTED_EDGE('',*,*,#4974,.T.);
#6624=ORIENTED_EDGE('',*,*,#4975,.T.);
#6625=ORIENTED_EDGE('',*,*,#4976,.T.);
#6626=ORIENTED_EDGE('',*,*,#4977,.T.);
#6627=ORIENTED_EDGE('',*,*,#4978,.T.);
#6628=ORIENTED_EDGE('',*,*,#4979,.T.);
#6629=ORIENTED_EDGE('',*,*,#4980,.T.);
#6630=ORIENTED_EDGE('',*,*,#4981,.T.);
#6631=ORIENTED_EDGE('',*,*,#4982,.T.);
#6632=ORIENTED_EDGE('',*,*,#4983,.T.);
#6633=ORIENTED_EDGE('',*,*,#4984,.T.);
#6634=ORIENTED_EDGE('',*,*,#4985,.T.);
#6635=ORIENTED_EDGE('',*,*,#4986,.T.);
#6636=ORIENTED_EDGE('',*,*,#4987,.T.);
#6637=ORIENTED_EDGE('',*,*,#4988,.T.);
#6638=ORIENTED_EDGE('',*,*,#4989,.T.);
#6639=ORIENTED_EDGE('',*,*,#4990,.T.);
#6640=ORIENTED_EDGE('',*,*,#4991,.T.);
#6641=ORIENTED_EDGE('',*,*,#4992,.T.);
#6642=ORIENTED_EDGE('',*,*,#4993,.T.);
#6643=ORIENTED_EDGE('',*,*,#4994,.T.);
#6644=ORIENTED_EDGE('',*,*,#4995,.T.);
#6645=ORIENTED_EDGE('',*,*,#4996,.T.);
#6646=ORIENTED_EDGE('',*,*,#4997,.T.);
#6647=ORIENTED_EDGE('',*,*,#4998,.T.);
#6648=ORIENTED_EDGE('',*,*,#4999,.T.);
#6649=ORIENTED_EDGE('',*,*,#5000,.T.);
#6650=ORIENTED_EDGE('',*,*,#5001,.T.);
#6651=ORIENTED_EDGE('',*,*,#5002,.T.);
#6652=ORIENTED_EDGE('',*,*,#5003,.T.);
#6653=ORIENTED_EDGE('',*,*,#5004,.T.);
#6654=ORIENTED_EDGE('',*,*,#5005,.T.);
#6655=ORIENTED_EDGE('',*,*,#5006,.T.);
#6656=ORIENTED_EDGE('',*,*,#5007,.T.);
#6657=ORIENTED_EDGE('',*,*,#5008,.T.);
#6658=ORIENTED_EDGE('',*,*,#5009,.T.);
#6659=ORIENTED_EDGE('',*,*,#5010,.T.);
#6660=ORIENTED_EDGE('',*,*,#5011,.T.);
#6661=ORIENTED_EDGE('',*,*,#5012,.T.);
#6662=ORIENTED_EDGE('',*,*,#5013,.T.);
#6663=ORIENTED_EDGE('',*,*,#5014,.F.);
#6664=ORIENTED_EDGE('',*,*,#5015,.F.);
#6665=ORIENTED_EDGE('',*,*,#5016,.F.);
#6666=ORIENTED_EDGE('',*,*,#5017,.F.);
#6667=ORIENTED_EDGE('',*,*,#5018,.F.);
#6668=ORIENTED_EDGE('',*,*,#5019,.F.);
#6669=ORIENTED_EDGE('',*,*,#5020,.F.);
#6670=ORIENTED_EDGE('',*,*,#5021,.F.);
#6671=ORIENTED_EDGE('',*,*,#5022,.F.);
#6672=ORIENTED_EDGE('',*,*,#5023,.F.);
#6673=ORIENTED_EDGE('',*,*,#5024,.F.);
#6674=ORIENTED_EDGE('',*,*,#5025,.F.);
#6675=ORIENTED_EDGE('',*,*,#5026,.F.);
#6676=ORIENTED_EDGE('',*,*,#5027,.F.);
#6677=ORIENTED_EDGE('',*,*,#5028,.F.);
#6678=ORIENTED_EDGE('',*,*,#5029,.F.);
#6679=ORIENTED_EDGE('',*,*,#5030,.F.);
#6680=ORIENTED_EDGE('',*,*,#5031,.F.);
#6681=ORIENTED_EDGE('',*,*,#5032,.F.);
#6682=ORIENTED_EDGE('',*,*,#5033,.F.);
#6683=ORIENTED_EDGE('',*,*,#5034,.F.);
#6684=ORIENTED_EDGE('',*,*,#5035,.F.);
#6685=ORIENTED_EDGE('',*,*,#5036,.F.);
#6686=ORIENTED_EDGE('',*,*,#5037,.F.);
#6687=ORIENTED_EDGE('',*,*,#5038,.F.);
#6688=ORIENTED_EDGE('',*,*,#5039,.F.);
#6689=ORIENTED_EDGE('',*,*,#5040,.F.);
#6690=ORIENTED_EDGE('',*,*,#5041,.F.);
#6691=ORIENTED_EDGE('',*,*,#5042,.F.);
#6692=ORIENTED_EDGE('',*,*,#5043,.F.);
#6693=ORIENTED_EDGE('',*,*,#5044,.F.);
#6694=ORIENTED_EDGE('',*,*,#5045,.F.);
#6695=ORIENTED_EDGE('',*,*,#5046,.F.);
#6696=ORIENTED_EDGE('',*,*,#5047,.F.);
#6697=ORIENTED_EDGE('',*,*,#5048,.F.);
#6698=ORIENTED_EDGE('',*,*,#5049,.F.);
#6699=ORIENTED_EDGE('',*,*,#5050,.F.);
#6700=ORIENTED_EDGE('',*,*,#5051,.F.);
#6701=ORIENTED_EDGE('',*,*,#5052,.F.);
#6702=ORIENTED_EDGE('',*,*,#5053,.F.);
#6703=ORIENTED_EDGE('',*,*,#5054,.F.);
#6704=ORIENTED_EDGE('',*,*,#5055,.F.);
#6705=ORIENTED_EDGE('',*,*,#5056,.F.);
#6706=ORIENTED_EDGE('',*,*,#5057,.F.);
#6707=ORIENTED_EDGE('',*,*,#5058,.F.);
#6708=ORIENTED_EDGE('',*,*,#5059,.F.);
#6709=ORIENTED_EDGE('',*,*,#5060,.F.);
#6710=ORIENTED_EDGE('',*,*,#5061,.F.);
#6711=ORIENTED_EDGE('',*,*,#5062,.F.);
#6712=ORIENTED_EDGE('',*,*,#5063,.F.);
#6713=ORIENTED_EDGE('',*,*,#5064,.F.);
#6714=ORIENTED_EDGE('',*,*,#5065,.F.);
#6715=ORIENTED_EDGE('',*,*,#5066,.F.);
#6716=ORIENTED_EDGE('',*,*,#5067,.F.);
#6717=ORIENTED_EDGE('',*,*,#5068,.F.);
#6718=ORIENTED_EDGE('',*,*,#5069,.F.);
#6719=ORIENTED_EDGE('',*,*,#5070,.T.);
#6720=ORIENTED_EDGE('',*,*,#5071,.T.);
#6721=ORIENTED_EDGE('',*,*,#5072,.T.);
#6722=ORIENTED_EDGE('',*,*,#5073,.T.);
#6723=ORIENTED_EDGE('',*,*,#5074,.T.);
#6724=ORIENTED_EDGE('',*,*,#5075,.T.);
#6725=ORIENTED_EDGE('',*,*,#5076,.T.);
#6726=ORIENTED_EDGE('',*,*,#5077,.T.);
#6727=ORIENTED_EDGE('',*,*,#5078,.T.);
#6728=ORIENTED_EDGE('',*,*,#5079,.T.);
#6729=ORIENTED_EDGE('',*,*,#5080,.T.);
#6730=ORIENTED_EDGE('',*,*,#5081,.T.);
#6731=ORIENTED_EDGE('',*,*,#5082,.T.);
#6732=ORIENTED_EDGE('',*,*,#5083,.T.);
#6733=ORIENTED_EDGE('',*,*,#5084,.T.);
#6734=ORIENTED_EDGE('',*,*,#5085,.T.);
#6735=ORIENTED_EDGE('',*,*,#5086,.T.);
#6736=ORIENTED_EDGE('',*,*,#5087,.T.);
#6737=ORIENTED_EDGE('',*,*,#5088,.T.);
#6738=ORIENTED_EDGE('',*,*,#5089,.T.);
#6739=ORIENTED_EDGE('',*,*,#4893,.T.);
#6740=ORIENTED_EDGE('',*,*,#4897,.T.);
#6741=ORIENTED_EDGE('',*,*,#4900,.T.);
#6742=ORIENTED_EDGE('',*,*,#4903,.T.);
#6743=ORIENTED_EDGE('',*,*,#4906,.T.);
#6744=ORIENTED_EDGE('',*,*,#4909,.T.);
#6745=ORIENTED_EDGE('',*,*,#4912,.T.);
#6746=ORIENTED_EDGE('',*,*,#4915,.T.);
#6747=ORIENTED_EDGE('',*,*,#4918,.T.);
#6748=ORIENTED_EDGE('',*,*,#4921,.T.);
#6749=ORIENTED_EDGE('',*,*,#4924,.T.);
#6750=ORIENTED_EDGE('',*,*,#4927,.T.);
#6751=ORIENTED_EDGE('',*,*,#5090,.F.);
#6752=ORIENTED_EDGE('',*,*,#5091,.T.);
#6753=ORIENTED_EDGE('',*,*,#5092,.F.);
#6754=ORIENTED_EDGE('',*,*,#5093,.F.);
#6755=ORIENTED_EDGE('',*,*,#5094,.F.);
#6756=ORIENTED_EDGE('',*,*,#5093,.T.);
#6757=ORIENTED_EDGE('',*,*,#5095,.F.);
#6758=ORIENTED_EDGE('',*,*,#5096,.F.);
#6759=ORIENTED_EDGE('',*,*,#5097,.F.);
#6760=ORIENTED_EDGE('',*,*,#5096,.T.);
#6761=ORIENTED_EDGE('',*,*,#5098,.F.);
#6762=ORIENTED_EDGE('',*,*,#5099,.F.);
#6763=ORIENTED_EDGE('',*,*,#5100,.F.);
#6764=ORIENTED_EDGE('',*,*,#5099,.T.);
#6765=ORIENTED_EDGE('',*,*,#5101,.F.);
#6766=ORIENTED_EDGE('',*,*,#5102,.F.);
#6767=ORIENTED_EDGE('',*,*,#5103,.F.);
#6768=ORIENTED_EDGE('',*,*,#5102,.T.);
#6769=ORIENTED_EDGE('',*,*,#5104,.F.);
#6770=ORIENTED_EDGE('',*,*,#5091,.F.);
#6771=ORIENTED_EDGE('',*,*,#4937,.F.);
#6772=ORIENTED_EDGE('',*,*,#5105,.T.);
#6773=ORIENTED_EDGE('',*,*,#5106,.F.);
#6774=ORIENTED_EDGE('',*,*,#5107,.F.);
#6775=ORIENTED_EDGE('',*,*,#4938,.F.);
#6776=ORIENTED_EDGE('',*,*,#5107,.T.);
#6777=ORIENTED_EDGE('',*,*,#5108,.F.);
#6778=ORIENTED_EDGE('',*,*,#5109,.F.);
#6779=ORIENTED_EDGE('',*,*,#4939,.F.);
#6780=ORIENTED_EDGE('',*,*,#5109,.T.);
#6781=ORIENTED_EDGE('',*,*,#5110,.F.);
#6782=ORIENTED_EDGE('',*,*,#5111,.F.);
#6783=ORIENTED_EDGE('',*,*,#4940,.F.);
#6784=ORIENTED_EDGE('',*,*,#5111,.T.);
#6785=ORIENTED_EDGE('',*,*,#5112,.F.);
#6786=ORIENTED_EDGE('',*,*,#5113,.F.);
#6787=ORIENTED_EDGE('',*,*,#4941,.F.);
#6788=ORIENTED_EDGE('',*,*,#5113,.T.);
#6789=ORIENTED_EDGE('',*,*,#5114,.F.);
#6790=ORIENTED_EDGE('',*,*,#5115,.F.);
#6791=ORIENTED_EDGE('',*,*,#4942,.F.);
#6792=ORIENTED_EDGE('',*,*,#5115,.T.);
#6793=ORIENTED_EDGE('',*,*,#5116,.F.);
#6794=ORIENTED_EDGE('',*,*,#5117,.F.);
#6795=ORIENTED_EDGE('',*,*,#4943,.F.);
#6796=ORIENTED_EDGE('',*,*,#5117,.T.);
#6797=ORIENTED_EDGE('',*,*,#5118,.F.);
#6798=ORIENTED_EDGE('',*,*,#5119,.F.);
#6799=ORIENTED_EDGE('',*,*,#4944,.F.);
#6800=ORIENTED_EDGE('',*,*,#5119,.T.);
#6801=ORIENTED_EDGE('',*,*,#5120,.F.);
#6802=ORIENTED_EDGE('',*,*,#5105,.F.);
#6803=ORIENTED_EDGE('',*,*,#5120,.T.);
#6804=ORIENTED_EDGE('',*,*,#5118,.T.);
#6805=ORIENTED_EDGE('',*,*,#5116,.T.);
#6806=ORIENTED_EDGE('',*,*,#5114,.T.);
#6807=ORIENTED_EDGE('',*,*,#5112,.T.);
#6808=ORIENTED_EDGE('',*,*,#5110,.T.);
#6809=ORIENTED_EDGE('',*,*,#5108,.T.);
#6810=ORIENTED_EDGE('',*,*,#5106,.T.);
#6811=ORIENTED_EDGE('',*,*,#5104,.T.);
#6812=ORIENTED_EDGE('',*,*,#5101,.T.);
#6813=ORIENTED_EDGE('',*,*,#5098,.T.);
#6814=ORIENTED_EDGE('',*,*,#5095,.T.);
#6815=ORIENTED_EDGE('',*,*,#5092,.T.);
#6816=ORIENTED_EDGE('',*,*,#4863,.T.);
#6817=ORIENTED_EDGE('',*,*,#4867,.T.);
#6818=ORIENTED_EDGE('',*,*,#4870,.T.);
#6819=ORIENTED_EDGE('',*,*,#4873,.T.);
#6820=ORIENTED_EDGE('',*,*,#4876,.T.);
#6821=ORIENTED_EDGE('',*,*,#4879,.T.);
#6822=ORIENTED_EDGE('',*,*,#4882,.T.);
#6823=ORIENTED_EDGE('',*,*,#4885,.T.);
#6824=ORIENTED_EDGE('',*,*,#4888,.T.);
#6825=ORIENTED_EDGE('',*,*,#4891,.T.);
#6826=ORIENTED_EDGE('',*,*,#4945,.F.);
#6827=ORIENTED_EDGE('',*,*,#5121,.T.);
#6828=ORIENTED_EDGE('',*,*,#5122,.F.);
#6829=ORIENTED_EDGE('',*,*,#5123,.F.);
#6830=ORIENTED_EDGE('',*,*,#4946,.F.);
#6831=ORIENTED_EDGE('',*,*,#5123,.T.);
#6832=ORIENTED_EDGE('',*,*,#5124,.F.);
#6833=ORIENTED_EDGE('',*,*,#5125,.F.);
#6834=ORIENTED_EDGE('',*,*,#4947,.F.);
#6835=ORIENTED_EDGE('',*,*,#5125,.T.);
#6836=ORIENTED_EDGE('',*,*,#5126,.F.);
#6837=ORIENTED_EDGE('',*,*,#5127,.F.);
#6838=ORIENTED_EDGE('',*,*,#4948,.F.);
#6839=ORIENTED_EDGE('',*,*,#5127,.T.);
#6840=ORIENTED_EDGE('',*,*,#5128,.F.);
#6841=ORIENTED_EDGE('',*,*,#5129,.F.);
#6842=ORIENTED_EDGE('',*,*,#4949,.F.);
#6843=ORIENTED_EDGE('',*,*,#5129,.T.);
#6844=ORIENTED_EDGE('',*,*,#5130,.F.);
#6845=ORIENTED_EDGE('',*,*,#5131,.F.);
#6846=ORIENTED_EDGE('',*,*,#4950,.F.);
#6847=ORIENTED_EDGE('',*,*,#5131,.T.);
#6848=ORIENTED_EDGE('',*,*,#5132,.F.);
#6849=ORIENTED_EDGE('',*,*,#5133,.F.);
#6850=ORIENTED_EDGE('',*,*,#4951,.F.);
#6851=ORIENTED_EDGE('',*,*,#5133,.T.);
#6852=ORIENTED_EDGE('',*,*,#5134,.F.);
#6853=ORIENTED_EDGE('',*,*,#5135,.F.);
#6854=ORIENTED_EDGE('',*,*,#4952,.F.);
#6855=ORIENTED_EDGE('',*,*,#5135,.T.);
#6856=ORIENTED_EDGE('',*,*,#5136,.F.);
#6857=ORIENTED_EDGE('',*,*,#5137,.F.);
#6858=ORIENTED_EDGE('',*,*,#4953,.F.);
#6859=ORIENTED_EDGE('',*,*,#5137,.T.);
#6860=ORIENTED_EDGE('',*,*,#5138,.F.);
#6861=ORIENTED_EDGE('',*,*,#5139,.F.);
#6862=ORIENTED_EDGE('',*,*,#4954,.F.);
#6863=ORIENTED_EDGE('',*,*,#5139,.T.);
#6864=ORIENTED_EDGE('',*,*,#5140,.F.);
#6865=ORIENTED_EDGE('',*,*,#5141,.F.);
#6866=ORIENTED_EDGE('',*,*,#4955,.F.);
#6867=ORIENTED_EDGE('',*,*,#5141,.T.);
#6868=ORIENTED_EDGE('',*,*,#5142,.F.);
#6869=ORIENTED_EDGE('',*,*,#5143,.F.);
#6870=ORIENTED_EDGE('',*,*,#4956,.F.);
#6871=ORIENTED_EDGE('',*,*,#5143,.T.);
#6872=ORIENTED_EDGE('',*,*,#5144,.F.);
#6873=ORIENTED_EDGE('',*,*,#5121,.F.);
#6874=ORIENTED_EDGE('',*,*,#5144,.T.);
#6875=ORIENTED_EDGE('',*,*,#5142,.T.);
#6876=ORIENTED_EDGE('',*,*,#5140,.T.);
#6877=ORIENTED_EDGE('',*,*,#5138,.T.);
#6878=ORIENTED_EDGE('',*,*,#5136,.T.);
#6879=ORIENTED_EDGE('',*,*,#5134,.T.);
#6880=ORIENTED_EDGE('',*,*,#5132,.T.);
#6881=ORIENTED_EDGE('',*,*,#5130,.T.);
#6882=ORIENTED_EDGE('',*,*,#5128,.T.);
#6883=ORIENTED_EDGE('',*,*,#5126,.T.);
#6884=ORIENTED_EDGE('',*,*,#5124,.T.);
#6885=ORIENTED_EDGE('',*,*,#5122,.T.);
#6886=ORIENTED_EDGE('',*,*,#5145,.F.);
#6887=ORIENTED_EDGE('',*,*,#5146,.T.);
#6888=ORIENTED_EDGE('',*,*,#5147,.F.);
#6889=ORIENTED_EDGE('',*,*,#5148,.F.);
#6890=ORIENTED_EDGE('',*,*,#5149,.F.);
#6891=ORIENTED_EDGE('',*,*,#5148,.T.);
#6892=ORIENTED_EDGE('',*,*,#5150,.F.);
#6893=ORIENTED_EDGE('',*,*,#5151,.F.);
#6894=ORIENTED_EDGE('',*,*,#5152,.F.);
#6895=ORIENTED_EDGE('',*,*,#5151,.T.);
#6896=ORIENTED_EDGE('',*,*,#5153,.F.);
#6897=ORIENTED_EDGE('',*,*,#5154,.F.);
#6898=ORIENTED_EDGE('',*,*,#5155,.F.);
#6899=ORIENTED_EDGE('',*,*,#5154,.T.);
#6900=ORIENTED_EDGE('',*,*,#5156,.F.);
#6901=ORIENTED_EDGE('',*,*,#5157,.F.);
#6902=ORIENTED_EDGE('',*,*,#5158,.F.);
#6903=ORIENTED_EDGE('',*,*,#5157,.T.);
#6904=ORIENTED_EDGE('',*,*,#5159,.F.);
#6905=ORIENTED_EDGE('',*,*,#5146,.F.);
#6906=ORIENTED_EDGE('',*,*,#5082,.F.);
#6907=ORIENTED_EDGE('',*,*,#5160,.T.);
#6908=ORIENTED_EDGE('',*,*,#5161,.F.);
#6909=ORIENTED_EDGE('',*,*,#5162,.F.);
#6910=ORIENTED_EDGE('',*,*,#5083,.F.);
#6911=ORIENTED_EDGE('',*,*,#5162,.T.);
#6912=ORIENTED_EDGE('',*,*,#5163,.F.);
#6913=ORIENTED_EDGE('',*,*,#5164,.F.);
#6914=ORIENTED_EDGE('',*,*,#5084,.F.);
#6915=ORIENTED_EDGE('',*,*,#5164,.T.);
#6916=ORIENTED_EDGE('',*,*,#5165,.F.);
#6917=ORIENTED_EDGE('',*,*,#5166,.F.);
#6918=ORIENTED_EDGE('',*,*,#5085,.F.);
#6919=ORIENTED_EDGE('',*,*,#5166,.T.);
#6920=ORIENTED_EDGE('',*,*,#5167,.F.);
#6921=ORIENTED_EDGE('',*,*,#5168,.F.);
#6922=ORIENTED_EDGE('',*,*,#5086,.F.);
#6923=ORIENTED_EDGE('',*,*,#5168,.T.);
#6924=ORIENTED_EDGE('',*,*,#5169,.F.);
#6925=ORIENTED_EDGE('',*,*,#5170,.F.);
#6926=ORIENTED_EDGE('',*,*,#5087,.F.);
#6927=ORIENTED_EDGE('',*,*,#5170,.T.);
#6928=ORIENTED_EDGE('',*,*,#5171,.F.);
#6929=ORIENTED_EDGE('',*,*,#5172,.F.);
#6930=ORIENTED_EDGE('',*,*,#5088,.F.);
#6931=ORIENTED_EDGE('',*,*,#5172,.T.);
#6932=ORIENTED_EDGE('',*,*,#5173,.F.);
#6933=ORIENTED_EDGE('',*,*,#5174,.F.);
#6934=ORIENTED_EDGE('',*,*,#5089,.F.);
#6935=ORIENTED_EDGE('',*,*,#5174,.T.);
#6936=ORIENTED_EDGE('',*,*,#5175,.F.);
#6937=ORIENTED_EDGE('',*,*,#5160,.F.);
#6938=ORIENTED_EDGE('',*,*,#5175,.T.);
#6939=ORIENTED_EDGE('',*,*,#5173,.T.);
#6940=ORIENTED_EDGE('',*,*,#5171,.T.);
#6941=ORIENTED_EDGE('',*,*,#5169,.T.);
#6942=ORIENTED_EDGE('',*,*,#5167,.T.);
#6943=ORIENTED_EDGE('',*,*,#5165,.T.);
#6944=ORIENTED_EDGE('',*,*,#5163,.T.);
#6945=ORIENTED_EDGE('',*,*,#5161,.T.);
#6946=ORIENTED_EDGE('',*,*,#5159,.T.);
#6947=ORIENTED_EDGE('',*,*,#5156,.T.);
#6948=ORIENTED_EDGE('',*,*,#5153,.T.);
#6949=ORIENTED_EDGE('',*,*,#5150,.T.);
#6950=ORIENTED_EDGE('',*,*,#5147,.T.);
#6951=ORIENTED_EDGE('',*,*,#5090,.T.);
#6952=ORIENTED_EDGE('',*,*,#5094,.T.);
#6953=ORIENTED_EDGE('',*,*,#5097,.T.);
#6954=ORIENTED_EDGE('',*,*,#5100,.T.);
#6955=ORIENTED_EDGE('',*,*,#5103,.T.);
#6956=ORIENTED_EDGE('',*,*,#5176,.F.);
#6957=ORIENTED_EDGE('',*,*,#5177,.T.);
#6958=ORIENTED_EDGE('',*,*,#5178,.F.);
#6959=ORIENTED_EDGE('',*,*,#5179,.F.);
#6960=ORIENTED_EDGE('',*,*,#5180,.F.);
#6961=ORIENTED_EDGE('',*,*,#5179,.T.);
#6962=ORIENTED_EDGE('',*,*,#5181,.F.);
#6963=ORIENTED_EDGE('',*,*,#5182,.F.);
#6964=ORIENTED_EDGE('',*,*,#5183,.F.);
#6965=ORIENTED_EDGE('',*,*,#5182,.T.);
#6966=ORIENTED_EDGE('',*,*,#5184,.F.);
#6967=ORIENTED_EDGE('',*,*,#5185,.F.);
#6968=ORIENTED_EDGE('',*,*,#5186,.F.);
#6969=ORIENTED_EDGE('',*,*,#5185,.T.);
#6970=ORIENTED_EDGE('',*,*,#5187,.F.);
#6971=ORIENTED_EDGE('',*,*,#5188,.F.);
#6972=ORIENTED_EDGE('',*,*,#5189,.F.);
#6973=ORIENTED_EDGE('',*,*,#5188,.T.);
#6974=ORIENTED_EDGE('',*,*,#5190,.F.);
#6975=ORIENTED_EDGE('',*,*,#5191,.F.);
#6976=ORIENTED_EDGE('',*,*,#5192,.F.);
#6977=ORIENTED_EDGE('',*,*,#5191,.T.);
#6978=ORIENTED_EDGE('',*,*,#5193,.F.);
#6979=ORIENTED_EDGE('',*,*,#5194,.F.);
#6980=ORIENTED_EDGE('',*,*,#5195,.F.);
#6981=ORIENTED_EDGE('',*,*,#5194,.T.);
#6982=ORIENTED_EDGE('',*,*,#5196,.F.);
#6983=ORIENTED_EDGE('',*,*,#5197,.F.);
#6984=ORIENTED_EDGE('',*,*,#5198,.F.);
#6985=ORIENTED_EDGE('',*,*,#5197,.T.);
#6986=ORIENTED_EDGE('',*,*,#5199,.F.);
#6987=ORIENTED_EDGE('',*,*,#5177,.F.);
#6988=ORIENTED_EDGE('',*,*,#4957,.F.);
#6989=ORIENTED_EDGE('',*,*,#5200,.T.);
#6990=ORIENTED_EDGE('',*,*,#5201,.F.);
#6991=ORIENTED_EDGE('',*,*,#5202,.F.);
#6992=ORIENTED_EDGE('',*,*,#4958,.F.);
#6993=ORIENTED_EDGE('',*,*,#5202,.T.);
#6994=ORIENTED_EDGE('',*,*,#5203,.F.);
#6995=ORIENTED_EDGE('',*,*,#5204,.F.);
#6996=ORIENTED_EDGE('',*,*,#4959,.F.);
#6997=ORIENTED_EDGE('',*,*,#5204,.T.);
#6998=ORIENTED_EDGE('',*,*,#5205,.F.);
#6999=ORIENTED_EDGE('',*,*,#5206,.F.);
#7000=ORIENTED_EDGE('',*,*,#4960,.F.);
#7001=ORIENTED_EDGE('',*,*,#5206,.T.);
#7002=ORIENTED_EDGE('',*,*,#5207,.F.);
#7003=ORIENTED_EDGE('',*,*,#5208,.F.);
#7004=ORIENTED_EDGE('',*,*,#4961,.F.);
#7005=ORIENTED_EDGE('',*,*,#5208,.T.);
#7006=ORIENTED_EDGE('',*,*,#5209,.F.);
#7007=ORIENTED_EDGE('',*,*,#5210,.F.);
#7008=ORIENTED_EDGE('',*,*,#4962,.F.);
#7009=ORIENTED_EDGE('',*,*,#5210,.T.);
#7010=ORIENTED_EDGE('',*,*,#5211,.F.);
#7011=ORIENTED_EDGE('',*,*,#5212,.F.);
#7012=ORIENTED_EDGE('',*,*,#4963,.F.);
#7013=ORIENTED_EDGE('',*,*,#5212,.T.);
#7014=ORIENTED_EDGE('',*,*,#5213,.F.);
#7015=ORIENTED_EDGE('',*,*,#5214,.F.);
#7016=ORIENTED_EDGE('',*,*,#4964,.F.);
#7017=ORIENTED_EDGE('',*,*,#5214,.T.);
#7018=ORIENTED_EDGE('',*,*,#5215,.F.);
#7019=ORIENTED_EDGE('',*,*,#5216,.F.);
#7020=ORIENTED_EDGE('',*,*,#4965,.F.);
#7021=ORIENTED_EDGE('',*,*,#5216,.T.);
#7022=ORIENTED_EDGE('',*,*,#5217,.F.);
#7023=ORIENTED_EDGE('',*,*,#5218,.F.);
#7024=ORIENTED_EDGE('',*,*,#4966,.F.);
#7025=ORIENTED_EDGE('',*,*,#5218,.T.);
#7026=ORIENTED_EDGE('',*,*,#5219,.F.);
#7027=ORIENTED_EDGE('',*,*,#5220,.F.);
#7028=ORIENTED_EDGE('',*,*,#4967,.F.);
#7029=ORIENTED_EDGE('',*,*,#5220,.T.);
#7030=ORIENTED_EDGE('',*,*,#5221,.F.);
#7031=ORIENTED_EDGE('',*,*,#5200,.F.);
#7032=ORIENTED_EDGE('',*,*,#5221,.T.);
#7033=ORIENTED_EDGE('',*,*,#5219,.T.);
#7034=ORIENTED_EDGE('',*,*,#5217,.T.);
#7035=ORIENTED_EDGE('',*,*,#5215,.T.);
#7036=ORIENTED_EDGE('',*,*,#5213,.T.);
#7037=ORIENTED_EDGE('',*,*,#5211,.T.);
#7038=ORIENTED_EDGE('',*,*,#5209,.T.);
#7039=ORIENTED_EDGE('',*,*,#5207,.T.);
#7040=ORIENTED_EDGE('',*,*,#5205,.T.);
#7041=ORIENTED_EDGE('',*,*,#5203,.T.);
#7042=ORIENTED_EDGE('',*,*,#5201,.T.);
#7043=ORIENTED_EDGE('',*,*,#5199,.T.);
#7044=ORIENTED_EDGE('',*,*,#5196,.T.);
#7045=ORIENTED_EDGE('',*,*,#5193,.T.);
#7046=ORIENTED_EDGE('',*,*,#5190,.T.);
#7047=ORIENTED_EDGE('',*,*,#5187,.T.);
#7048=ORIENTED_EDGE('',*,*,#5184,.T.);
#7049=ORIENTED_EDGE('',*,*,#5181,.T.);
#7050=ORIENTED_EDGE('',*,*,#5178,.T.);
#7051=ORIENTED_EDGE('',*,*,#5145,.T.);
#7052=ORIENTED_EDGE('',*,*,#5149,.T.);
#7053=ORIENTED_EDGE('',*,*,#5152,.T.);
#7054=ORIENTED_EDGE('',*,*,#5155,.T.);
#7055=ORIENTED_EDGE('',*,*,#5158,.T.);
#7056=ORIENTED_EDGE('',*,*,#4968,.F.);
#7057=ORIENTED_EDGE('',*,*,#5222,.T.);
#7058=ORIENTED_EDGE('',*,*,#5223,.F.);
#7059=ORIENTED_EDGE('',*,*,#5224,.F.);
#7060=ORIENTED_EDGE('',*,*,#4969,.F.);
#7061=ORIENTED_EDGE('',*,*,#5224,.T.);
#7062=ORIENTED_EDGE('',*,*,#5225,.F.);
#7063=ORIENTED_EDGE('',*,*,#5226,.F.);
#7064=ORIENTED_EDGE('',*,*,#4970,.F.);
#7065=ORIENTED_EDGE('',*,*,#5226,.T.);
#7066=ORIENTED_EDGE('',*,*,#5227,.F.);
#7067=ORIENTED_EDGE('',*,*,#5228,.F.);
#7068=ORIENTED_EDGE('',*,*,#4971,.F.);
#7069=ORIENTED_EDGE('',*,*,#5228,.T.);
#7070=ORIENTED_EDGE('',*,*,#5229,.F.);
#7071=ORIENTED_EDGE('',*,*,#5230,.F.);
#7072=ORIENTED_EDGE('',*,*,#4972,.F.);
#7073=ORIENTED_EDGE('',*,*,#5230,.T.);
#7074=ORIENTED_EDGE('',*,*,#5231,.F.);
#7075=ORIENTED_EDGE('',*,*,#5232,.F.);
#7076=ORIENTED_EDGE('',*,*,#4973,.F.);
#7077=ORIENTED_EDGE('',*,*,#5232,.T.);
#7078=ORIENTED_EDGE('',*,*,#5233,.F.);
#7079=ORIENTED_EDGE('',*,*,#5234,.F.);
#7080=ORIENTED_EDGE('',*,*,#4974,.F.);
#7081=ORIENTED_EDGE('',*,*,#5234,.T.);
#7082=ORIENTED_EDGE('',*,*,#5235,.F.);
#7083=ORIENTED_EDGE('',*,*,#5236,.F.);
#7084=ORIENTED_EDGE('',*,*,#4975,.F.);
#7085=ORIENTED_EDGE('',*,*,#5236,.T.);
#7086=ORIENTED_EDGE('',*,*,#5237,.F.);
#7087=ORIENTED_EDGE('',*,*,#5238,.F.);
#7088=ORIENTED_EDGE('',*,*,#4976,.F.);
#7089=ORIENTED_EDGE('',*,*,#5238,.T.);
#7090=ORIENTED_EDGE('',*,*,#5239,.F.);
#7091=ORIENTED_EDGE('',*,*,#5240,.F.);
#7092=ORIENTED_EDGE('',*,*,#4977,.F.);
#7093=ORIENTED_EDGE('',*,*,#5240,.T.);
#7094=ORIENTED_EDGE('',*,*,#5241,.F.);
#7095=ORIENTED_EDGE('',*,*,#5242,.F.);
#7096=ORIENTED_EDGE('',*,*,#4978,.F.);
#7097=ORIENTED_EDGE('',*,*,#5242,.T.);
#7098=ORIENTED_EDGE('',*,*,#5243,.F.);
#7099=ORIENTED_EDGE('',*,*,#5244,.F.);
#7100=ORIENTED_EDGE('',*,*,#4979,.F.);
#7101=ORIENTED_EDGE('',*,*,#5244,.T.);
#7102=ORIENTED_EDGE('',*,*,#5245,.F.);
#7103=ORIENTED_EDGE('',*,*,#5246,.F.);
#7104=ORIENTED_EDGE('',*,*,#4980,.F.);
#7105=ORIENTED_EDGE('',*,*,#5246,.T.);
#7106=ORIENTED_EDGE('',*,*,#5247,.F.);
#7107=ORIENTED_EDGE('',*,*,#5248,.F.);
#7108=ORIENTED_EDGE('',*,*,#4981,.F.);
#7109=ORIENTED_EDGE('',*,*,#5248,.T.);
#7110=ORIENTED_EDGE('',*,*,#5249,.F.);
#7111=ORIENTED_EDGE('',*,*,#5250,.F.);
#7112=ORIENTED_EDGE('',*,*,#4982,.F.);
#7113=ORIENTED_EDGE('',*,*,#5250,.T.);
#7114=ORIENTED_EDGE('',*,*,#5251,.F.);
#7115=ORIENTED_EDGE('',*,*,#5252,.F.);
#7116=ORIENTED_EDGE('',*,*,#4983,.F.);
#7117=ORIENTED_EDGE('',*,*,#5252,.T.);
#7118=ORIENTED_EDGE('',*,*,#5253,.F.);
#7119=ORIENTED_EDGE('',*,*,#5254,.F.);
#7120=ORIENTED_EDGE('',*,*,#4984,.F.);
#7121=ORIENTED_EDGE('',*,*,#5254,.T.);
#7122=ORIENTED_EDGE('',*,*,#5255,.F.);
#7123=ORIENTED_EDGE('',*,*,#5256,.F.);
#7124=ORIENTED_EDGE('',*,*,#4985,.F.);
#7125=ORIENTED_EDGE('',*,*,#5256,.T.);
#7126=ORIENTED_EDGE('',*,*,#5257,.F.);
#7127=ORIENTED_EDGE('',*,*,#5258,.F.);
#7128=ORIENTED_EDGE('',*,*,#4986,.F.);
#7129=ORIENTED_EDGE('',*,*,#5258,.T.);
#7130=ORIENTED_EDGE('',*,*,#5259,.F.);
#7131=ORIENTED_EDGE('',*,*,#5260,.F.);
#7132=ORIENTED_EDGE('',*,*,#4987,.F.);
#7133=ORIENTED_EDGE('',*,*,#5260,.T.);
#7134=ORIENTED_EDGE('',*,*,#5261,.F.);
#7135=ORIENTED_EDGE('',*,*,#5262,.F.);
#7136=ORIENTED_EDGE('',*,*,#4988,.F.);
#7137=ORIENTED_EDGE('',*,*,#5262,.T.);
#7138=ORIENTED_EDGE('',*,*,#5263,.F.);
#7139=ORIENTED_EDGE('',*,*,#5264,.F.);
#7140=ORIENTED_EDGE('',*,*,#4989,.F.);
#7141=ORIENTED_EDGE('',*,*,#5264,.T.);
#7142=ORIENTED_EDGE('',*,*,#5265,.F.);
#7143=ORIENTED_EDGE('',*,*,#5222,.F.);
#7144=ORIENTED_EDGE('',*,*,#5265,.T.);
#7145=ORIENTED_EDGE('',*,*,#5263,.T.);
#7146=ORIENTED_EDGE('',*,*,#5261,.T.);
#7147=ORIENTED_EDGE('',*,*,#5259,.T.);
#7148=ORIENTED_EDGE('',*,*,#5257,.T.);
#7149=ORIENTED_EDGE('',*,*,#5255,.T.);
#7150=ORIENTED_EDGE('',*,*,#5253,.T.);
#7151=ORIENTED_EDGE('',*,*,#5251,.T.);
#7152=ORIENTED_EDGE('',*,*,#5249,.T.);
#7153=ORIENTED_EDGE('',*,*,#5247,.T.);
#7154=ORIENTED_EDGE('',*,*,#5245,.T.);
#7155=ORIENTED_EDGE('',*,*,#5243,.T.);
#7156=ORIENTED_EDGE('',*,*,#5241,.T.);
#7157=ORIENTED_EDGE('',*,*,#5239,.T.);
#7158=ORIENTED_EDGE('',*,*,#5237,.T.);
#7159=ORIENTED_EDGE('',*,*,#5235,.T.);
#7160=ORIENTED_EDGE('',*,*,#5233,.T.);
#7161=ORIENTED_EDGE('',*,*,#5231,.T.);
#7162=ORIENTED_EDGE('',*,*,#5229,.T.);
#7163=ORIENTED_EDGE('',*,*,#5227,.T.);
#7164=ORIENTED_EDGE('',*,*,#5225,.T.);
#7165=ORIENTED_EDGE('',*,*,#5223,.T.);
#7166=ORIENTED_EDGE('',*,*,#4990,.F.);
#7167=ORIENTED_EDGE('',*,*,#5266,.T.);
#7168=ORIENTED_EDGE('',*,*,#5267,.F.);
#7169=ORIENTED_EDGE('',*,*,#5268,.F.);
#7170=ORIENTED_EDGE('',*,*,#4991,.F.);
#7171=ORIENTED_EDGE('',*,*,#5268,.T.);
#7172=ORIENTED_EDGE('',*,*,#5269,.F.);
#7173=ORIENTED_EDGE('',*,*,#5270,.F.);
#7174=ORIENTED_EDGE('',*,*,#4992,.F.);
#7175=ORIENTED_EDGE('',*,*,#5270,.T.);
#7176=ORIENTED_EDGE('',*,*,#5271,.F.);
#7177=ORIENTED_EDGE('',*,*,#5272,.F.);
#7178=ORIENTED_EDGE('',*,*,#4993,.F.);
#7179=ORIENTED_EDGE('',*,*,#5272,.T.);
#7180=ORIENTED_EDGE('',*,*,#5273,.F.);
#7181=ORIENTED_EDGE('',*,*,#5274,.F.);
#7182=ORIENTED_EDGE('',*,*,#4994,.F.);
#7183=ORIENTED_EDGE('',*,*,#5274,.T.);
#7184=ORIENTED_EDGE('',*,*,#5275,.F.);
#7185=ORIENTED_EDGE('',*,*,#5276,.F.);
#7186=ORIENTED_EDGE('',*,*,#4995,.F.);
#7187=ORIENTED_EDGE('',*,*,#5276,.T.);
#7188=ORIENTED_EDGE('',*,*,#5277,.F.);
#7189=ORIENTED_EDGE('',*,*,#5278,.F.);
#7190=ORIENTED_EDGE('',*,*,#4996,.F.);
#7191=ORIENTED_EDGE('',*,*,#5278,.T.);
#7192=ORIENTED_EDGE('',*,*,#5279,.F.);
#7193=ORIENTED_EDGE('',*,*,#5280,.F.);
#7194=ORIENTED_EDGE('',*,*,#4997,.F.);
#7195=ORIENTED_EDGE('',*,*,#5280,.T.);
#7196=ORIENTED_EDGE('',*,*,#5281,.F.);
#7197=ORIENTED_EDGE('',*,*,#5282,.F.);
#7198=ORIENTED_EDGE('',*,*,#4998,.F.);
#7199=ORIENTED_EDGE('',*,*,#5282,.T.);
#7200=ORIENTED_EDGE('',*,*,#5283,.F.);
#7201=ORIENTED_EDGE('',*,*,#5284,.F.);
#7202=ORIENTED_EDGE('',*,*,#4999,.F.);
#7203=ORIENTED_EDGE('',*,*,#5284,.T.);
#7204=ORIENTED_EDGE('',*,*,#5285,.F.);
#7205=ORIENTED_EDGE('',*,*,#5286,.F.);
#7206=ORIENTED_EDGE('',*,*,#5000,.F.);
#7207=ORIENTED_EDGE('',*,*,#5286,.T.);
#7208=ORIENTED_EDGE('',*,*,#5287,.F.);
#7209=ORIENTED_EDGE('',*,*,#5288,.F.);
#7210=ORIENTED_EDGE('',*,*,#5001,.F.);
#7211=ORIENTED_EDGE('',*,*,#5288,.T.);
#7212=ORIENTED_EDGE('',*,*,#5289,.F.);
#7213=ORIENTED_EDGE('',*,*,#5266,.F.);
#7214=ORIENTED_EDGE('',*,*,#5289,.T.);
#7215=ORIENTED_EDGE('',*,*,#5287,.T.);
#7216=ORIENTED_EDGE('',*,*,#5285,.T.);
#7217=ORIENTED_EDGE('',*,*,#5283,.T.);
#7218=ORIENTED_EDGE('',*,*,#5281,.T.);
#7219=ORIENTED_EDGE('',*,*,#5279,.T.);
#7220=ORIENTED_EDGE('',*,*,#5277,.T.);
#7221=ORIENTED_EDGE('',*,*,#5275,.T.);
#7222=ORIENTED_EDGE('',*,*,#5273,.T.);
#7223=ORIENTED_EDGE('',*,*,#5271,.T.);
#7224=ORIENTED_EDGE('',*,*,#5269,.T.);
#7225=ORIENTED_EDGE('',*,*,#5267,.T.);
#7226=ORIENTED_EDGE('',*,*,#5002,.F.);
#7227=ORIENTED_EDGE('',*,*,#5290,.T.);
#7228=ORIENTED_EDGE('',*,*,#5291,.F.);
#7229=ORIENTED_EDGE('',*,*,#5292,.F.);
#7230=ORIENTED_EDGE('',*,*,#5003,.F.);
#7231=ORIENTED_EDGE('',*,*,#5292,.T.);
#7232=ORIENTED_EDGE('',*,*,#5293,.F.);
#7233=ORIENTED_EDGE('',*,*,#5294,.F.);
#7234=ORIENTED_EDGE('',*,*,#5004,.F.);
#7235=ORIENTED_EDGE('',*,*,#5294,.T.);
#7236=ORIENTED_EDGE('',*,*,#5295,.F.);
#7237=ORIENTED_EDGE('',*,*,#5296,.F.);
#7238=ORIENTED_EDGE('',*,*,#5005,.F.);
#7239=ORIENTED_EDGE('',*,*,#5296,.T.);
#7240=ORIENTED_EDGE('',*,*,#5297,.F.);
#7241=ORIENTED_EDGE('',*,*,#5298,.F.);
#7242=ORIENTED_EDGE('',*,*,#5006,.F.);
#7243=ORIENTED_EDGE('',*,*,#5298,.T.);
#7244=ORIENTED_EDGE('',*,*,#5299,.F.);
#7245=ORIENTED_EDGE('',*,*,#5300,.F.);
#7246=ORIENTED_EDGE('',*,*,#5007,.F.);
#7247=ORIENTED_EDGE('',*,*,#5300,.T.);
#7248=ORIENTED_EDGE('',*,*,#5301,.F.);
#7249=ORIENTED_EDGE('',*,*,#5302,.F.);
#7250=ORIENTED_EDGE('',*,*,#5008,.F.);
#7251=ORIENTED_EDGE('',*,*,#5302,.T.);
#7252=ORIENTED_EDGE('',*,*,#5303,.F.);
#7253=ORIENTED_EDGE('',*,*,#5304,.F.);
#7254=ORIENTED_EDGE('',*,*,#5009,.F.);
#7255=ORIENTED_EDGE('',*,*,#5304,.T.);
#7256=ORIENTED_EDGE('',*,*,#5305,.F.);
#7257=ORIENTED_EDGE('',*,*,#5306,.F.);
#7258=ORIENTED_EDGE('',*,*,#5010,.F.);
#7259=ORIENTED_EDGE('',*,*,#5306,.T.);
#7260=ORIENTED_EDGE('',*,*,#5307,.F.);
#7261=ORIENTED_EDGE('',*,*,#5308,.F.);
#7262=ORIENTED_EDGE('',*,*,#5011,.F.);
#7263=ORIENTED_EDGE('',*,*,#5308,.T.);
#7264=ORIENTED_EDGE('',*,*,#5309,.F.);
#7265=ORIENTED_EDGE('',*,*,#5310,.F.);
#7266=ORIENTED_EDGE('',*,*,#5012,.F.);
#7267=ORIENTED_EDGE('',*,*,#5310,.T.);
#7268=ORIENTED_EDGE('',*,*,#5311,.F.);
#7269=ORIENTED_EDGE('',*,*,#5312,.F.);
#7270=ORIENTED_EDGE('',*,*,#5013,.F.);
#7271=ORIENTED_EDGE('',*,*,#5312,.T.);
#7272=ORIENTED_EDGE('',*,*,#5313,.F.);
#7273=ORIENTED_EDGE('',*,*,#5290,.F.);
#7274=ORIENTED_EDGE('',*,*,#5313,.T.);
#7275=ORIENTED_EDGE('',*,*,#5311,.T.);
#7276=ORIENTED_EDGE('',*,*,#5309,.T.);
#7277=ORIENTED_EDGE('',*,*,#5307,.T.);
#7278=ORIENTED_EDGE('',*,*,#5305,.T.);
#7279=ORIENTED_EDGE('',*,*,#5303,.T.);
#7280=ORIENTED_EDGE('',*,*,#5301,.T.);
#7281=ORIENTED_EDGE('',*,*,#5299,.T.);
#7282=ORIENTED_EDGE('',*,*,#5297,.T.);
#7283=ORIENTED_EDGE('',*,*,#5295,.T.);
#7284=ORIENTED_EDGE('',*,*,#5293,.T.);
#7285=ORIENTED_EDGE('',*,*,#5291,.T.);
#7286=ORIENTED_EDGE('',*,*,#5314,.F.);
#7287=ORIENTED_EDGE('',*,*,#5315,.T.);
#7288=ORIENTED_EDGE('',*,*,#5316,.F.);
#7289=ORIENTED_EDGE('',*,*,#5317,.F.);
#7290=ORIENTED_EDGE('',*,*,#5318,.F.);
#7291=ORIENTED_EDGE('',*,*,#5317,.T.);
#7292=ORIENTED_EDGE('',*,*,#5319,.F.);
#7293=ORIENTED_EDGE('',*,*,#5320,.F.);
#7294=ORIENTED_EDGE('',*,*,#5321,.F.);
#7295=ORIENTED_EDGE('',*,*,#5320,.T.);
#7296=ORIENTED_EDGE('',*,*,#5322,.F.);
#7297=ORIENTED_EDGE('',*,*,#5323,.F.);
#7298=ORIENTED_EDGE('',*,*,#5324,.F.);
#7299=ORIENTED_EDGE('',*,*,#5323,.T.);
#7300=ORIENTED_EDGE('',*,*,#5325,.F.);
#7301=ORIENTED_EDGE('',*,*,#5326,.F.);
#7302=ORIENTED_EDGE('',*,*,#5327,.F.);
#7303=ORIENTED_EDGE('',*,*,#5326,.T.);
#7304=ORIENTED_EDGE('',*,*,#5328,.F.);
#7305=ORIENTED_EDGE('',*,*,#5315,.F.);
#7306=ORIENTED_EDGE('',*,*,#5074,.F.);
#7307=ORIENTED_EDGE('',*,*,#5329,.T.);
#7308=ORIENTED_EDGE('',*,*,#5330,.F.);
#7309=ORIENTED_EDGE('',*,*,#5331,.F.);
#7310=ORIENTED_EDGE('',*,*,#5075,.F.);
#7311=ORIENTED_EDGE('',*,*,#5331,.T.);
#7312=ORIENTED_EDGE('',*,*,#5332,.F.);
#7313=ORIENTED_EDGE('',*,*,#5333,.F.);
#7314=ORIENTED_EDGE('',*,*,#5076,.F.);
#7315=ORIENTED_EDGE('',*,*,#5333,.T.);
#7316=ORIENTED_EDGE('',*,*,#5334,.F.);
#7317=ORIENTED_EDGE('',*,*,#5335,.F.);
#7318=ORIENTED_EDGE('',*,*,#5077,.F.);
#7319=ORIENTED_EDGE('',*,*,#5335,.T.);
#7320=ORIENTED_EDGE('',*,*,#5336,.F.);
#7321=ORIENTED_EDGE('',*,*,#5337,.F.);
#7322=ORIENTED_EDGE('',*,*,#5078,.F.);
#7323=ORIENTED_EDGE('',*,*,#5337,.T.);
#7324=ORIENTED_EDGE('',*,*,#5338,.F.);
#7325=ORIENTED_EDGE('',*,*,#5339,.F.);
#7326=ORIENTED_EDGE('',*,*,#5079,.F.);
#7327=ORIENTED_EDGE('',*,*,#5339,.T.);
#7328=ORIENTED_EDGE('',*,*,#5340,.F.);
#7329=ORIENTED_EDGE('',*,*,#5341,.F.);
#7330=ORIENTED_EDGE('',*,*,#5080,.F.);
#7331=ORIENTED_EDGE('',*,*,#5341,.T.);
#7332=ORIENTED_EDGE('',*,*,#5342,.F.);
#7333=ORIENTED_EDGE('',*,*,#5343,.F.);
#7334=ORIENTED_EDGE('',*,*,#5081,.F.);
#7335=ORIENTED_EDGE('',*,*,#5343,.T.);
#7336=ORIENTED_EDGE('',*,*,#5344,.F.);
#7337=ORIENTED_EDGE('',*,*,#5329,.F.);
#7338=ORIENTED_EDGE('',*,*,#5344,.T.);
#7339=ORIENTED_EDGE('',*,*,#5342,.T.);
#7340=ORIENTED_EDGE('',*,*,#5340,.T.);
#7341=ORIENTED_EDGE('',*,*,#5338,.T.);
#7342=ORIENTED_EDGE('',*,*,#5336,.T.);
#7343=ORIENTED_EDGE('',*,*,#5334,.T.);
#7344=ORIENTED_EDGE('',*,*,#5332,.T.);
#7345=ORIENTED_EDGE('',*,*,#5330,.T.);
#7346=ORIENTED_EDGE('',*,*,#5328,.T.);
#7347=ORIENTED_EDGE('',*,*,#5325,.T.);
#7348=ORIENTED_EDGE('',*,*,#5322,.T.);
#7349=ORIENTED_EDGE('',*,*,#5319,.T.);
#7350=ORIENTED_EDGE('',*,*,#5316,.T.);
#7351=ORIENTED_EDGE('',*,*,#5176,.T.);
#7352=ORIENTED_EDGE('',*,*,#5180,.T.);
#7353=ORIENTED_EDGE('',*,*,#5183,.T.);
#7354=ORIENTED_EDGE('',*,*,#5186,.T.);
#7355=ORIENTED_EDGE('',*,*,#5189,.T.);
#7356=ORIENTED_EDGE('',*,*,#5192,.T.);
#7357=ORIENTED_EDGE('',*,*,#5195,.T.);
#7358=ORIENTED_EDGE('',*,*,#5198,.T.);
#7359=ORIENTED_EDGE('',*,*,#5070,.F.);
#7360=ORIENTED_EDGE('',*,*,#5345,.T.);
#7361=ORIENTED_EDGE('',*,*,#5346,.F.);
#7362=ORIENTED_EDGE('',*,*,#5347,.F.);
#7363=ORIENTED_EDGE('',*,*,#5071,.F.);
#7364=ORIENTED_EDGE('',*,*,#5347,.T.);
#7365=ORIENTED_EDGE('',*,*,#5348,.F.);
#7366=ORIENTED_EDGE('',*,*,#5349,.F.);
#7367=ORIENTED_EDGE('',*,*,#5072,.F.);
#7368=ORIENTED_EDGE('',*,*,#5349,.T.);
#7369=ORIENTED_EDGE('',*,*,#5350,.F.);
#7370=ORIENTED_EDGE('',*,*,#5351,.F.);
#7371=ORIENTED_EDGE('',*,*,#5073,.F.);
#7372=ORIENTED_EDGE('',*,*,#5351,.T.);
#7373=ORIENTED_EDGE('',*,*,#5352,.F.);
#7374=ORIENTED_EDGE('',*,*,#5345,.F.);
#7375=ORIENTED_EDGE('',*,*,#5352,.T.);
#7376=ORIENTED_EDGE('',*,*,#5350,.T.);
#7377=ORIENTED_EDGE('',*,*,#5348,.T.);
#7378=ORIENTED_EDGE('',*,*,#5346,.T.);
#7379=ORIENTED_EDGE('',*,*,#5353,.F.);
#7380=ORIENTED_EDGE('',*,*,#5354,.T.);
#7381=ORIENTED_EDGE('',*,*,#5355,.F.);
#7382=ORIENTED_EDGE('',*,*,#5356,.F.);
#7383=ORIENTED_EDGE('',*,*,#5357,.F.);
#7384=ORIENTED_EDGE('',*,*,#5356,.T.);
#7385=ORIENTED_EDGE('',*,*,#5358,.F.);
#7386=ORIENTED_EDGE('',*,*,#5359,.F.);
#7387=ORIENTED_EDGE('',*,*,#5360,.F.);
#7388=ORIENTED_EDGE('',*,*,#5359,.T.);
#7389=ORIENTED_EDGE('',*,*,#5361,.F.);
#7390=ORIENTED_EDGE('',*,*,#5362,.F.);
#7391=ORIENTED_EDGE('',*,*,#5363,.F.);
#7392=ORIENTED_EDGE('',*,*,#5362,.T.);
#7393=ORIENTED_EDGE('',*,*,#5364,.F.);
#7394=ORIENTED_EDGE('',*,*,#5365,.F.);
#7395=ORIENTED_EDGE('',*,*,#5366,.F.);
#7396=ORIENTED_EDGE('',*,*,#5365,.T.);
#7397=ORIENTED_EDGE('',*,*,#5367,.F.);
#7398=ORIENTED_EDGE('',*,*,#5368,.F.);
#7399=ORIENTED_EDGE('',*,*,#5369,.F.);
#7400=ORIENTED_EDGE('',*,*,#5368,.T.);
#7401=ORIENTED_EDGE('',*,*,#5370,.F.);
#7402=ORIENTED_EDGE('',*,*,#5371,.F.);
#7403=ORIENTED_EDGE('',*,*,#5372,.F.);
#7404=ORIENTED_EDGE('',*,*,#5371,.T.);
#7405=ORIENTED_EDGE('',*,*,#5373,.F.);
#7406=ORIENTED_EDGE('',*,*,#5374,.F.);
#7407=ORIENTED_EDGE('',*,*,#5375,.F.);
#7408=ORIENTED_EDGE('',*,*,#5374,.T.);
#7409=ORIENTED_EDGE('',*,*,#5376,.F.);
#7410=ORIENTED_EDGE('',*,*,#5377,.F.);
#7411=ORIENTED_EDGE('',*,*,#5378,.F.);
#7412=ORIENTED_EDGE('',*,*,#5377,.T.);
#7413=ORIENTED_EDGE('',*,*,#5379,.F.);
#7414=ORIENTED_EDGE('',*,*,#5380,.F.);
#7415=ORIENTED_EDGE('',*,*,#5381,.F.);
#7416=ORIENTED_EDGE('',*,*,#5380,.T.);
#7417=ORIENTED_EDGE('',*,*,#5382,.F.);
#7418=ORIENTED_EDGE('',*,*,#5383,.F.);
#7419=ORIENTED_EDGE('',*,*,#5384,.F.);
#7420=ORIENTED_EDGE('',*,*,#5383,.T.);
#7421=ORIENTED_EDGE('',*,*,#5385,.F.);
#7422=ORIENTED_EDGE('',*,*,#5386,.F.);
#7423=ORIENTED_EDGE('',*,*,#5387,.F.);
#7424=ORIENTED_EDGE('',*,*,#5386,.T.);
#7425=ORIENTED_EDGE('',*,*,#5388,.F.);
#7426=ORIENTED_EDGE('',*,*,#5354,.F.);
#7427=ORIENTED_EDGE('',*,*,#5388,.T.);
#7428=ORIENTED_EDGE('',*,*,#5385,.T.);
#7429=ORIENTED_EDGE('',*,*,#5382,.T.);
#7430=ORIENTED_EDGE('',*,*,#5379,.T.);
#7431=ORIENTED_EDGE('',*,*,#5376,.T.);
#7432=ORIENTED_EDGE('',*,*,#5373,.T.);
#7433=ORIENTED_EDGE('',*,*,#5370,.T.);
#7434=ORIENTED_EDGE('',*,*,#5367,.T.);
#7435=ORIENTED_EDGE('',*,*,#5364,.T.);
#7436=ORIENTED_EDGE('',*,*,#5361,.T.);
#7437=ORIENTED_EDGE('',*,*,#5358,.T.);
#7438=ORIENTED_EDGE('',*,*,#5355,.T.);
#7439=ORIENTED_EDGE('',*,*,#5389,.F.);
#7440=ORIENTED_EDGE('',*,*,#5390,.T.);
#7441=ORIENTED_EDGE('',*,*,#5391,.F.);
#7442=ORIENTED_EDGE('',*,*,#5392,.F.);
#7443=ORIENTED_EDGE('',*,*,#5393,.F.);
#7444=ORIENTED_EDGE('',*,*,#5392,.T.);
#7445=ORIENTED_EDGE('',*,*,#5394,.F.);
#7446=ORIENTED_EDGE('',*,*,#5395,.F.);
#7447=ORIENTED_EDGE('',*,*,#5396,.F.);
#7448=ORIENTED_EDGE('',*,*,#5395,.T.);
#7449=ORIENTED_EDGE('',*,*,#5397,.F.);
#7450=ORIENTED_EDGE('',*,*,#5398,.F.);
#7451=ORIENTED_EDGE('',*,*,#5399,.F.);
#7452=ORIENTED_EDGE('',*,*,#5398,.T.);
#7453=ORIENTED_EDGE('',*,*,#5400,.F.);
#7454=ORIENTED_EDGE('',*,*,#5401,.F.);
#7455=ORIENTED_EDGE('',*,*,#5402,.F.);
#7456=ORIENTED_EDGE('',*,*,#5401,.T.);
#7457=ORIENTED_EDGE('',*,*,#5403,.F.);
#7458=ORIENTED_EDGE('',*,*,#5404,.F.);
#7459=ORIENTED_EDGE('',*,*,#5405,.F.);
#7460=ORIENTED_EDGE('',*,*,#5404,.T.);
#7461=ORIENTED_EDGE('',*,*,#5406,.F.);
#7462=ORIENTED_EDGE('',*,*,#5407,.F.);
#7463=ORIENTED_EDGE('',*,*,#5408,.F.);
#7464=ORIENTED_EDGE('',*,*,#5407,.T.);
#7465=ORIENTED_EDGE('',*,*,#5409,.F.);
#7466=ORIENTED_EDGE('',*,*,#5410,.F.);
#7467=ORIENTED_EDGE('',*,*,#5411,.F.);
#7468=ORIENTED_EDGE('',*,*,#5410,.T.);
#7469=ORIENTED_EDGE('',*,*,#5412,.F.);
#7470=ORIENTED_EDGE('',*,*,#5413,.F.);
#7471=ORIENTED_EDGE('',*,*,#5414,.F.);
#7472=ORIENTED_EDGE('',*,*,#5413,.T.);
#7473=ORIENTED_EDGE('',*,*,#5415,.F.);
#7474=ORIENTED_EDGE('',*,*,#5416,.F.);
#7475=ORIENTED_EDGE('',*,*,#5417,.F.);
#7476=ORIENTED_EDGE('',*,*,#5416,.T.);
#7477=ORIENTED_EDGE('',*,*,#5418,.F.);
#7478=ORIENTED_EDGE('',*,*,#5419,.F.);
#7479=ORIENTED_EDGE('',*,*,#5420,.F.);
#7480=ORIENTED_EDGE('',*,*,#5419,.T.);
#7481=ORIENTED_EDGE('',*,*,#5421,.F.);
#7482=ORIENTED_EDGE('',*,*,#5422,.F.);
#7483=ORIENTED_EDGE('',*,*,#5423,.F.);
#7484=ORIENTED_EDGE('',*,*,#5422,.T.);
#7485=ORIENTED_EDGE('',*,*,#5424,.F.);
#7486=ORIENTED_EDGE('',*,*,#5425,.F.);
#7487=ORIENTED_EDGE('',*,*,#5426,.F.);
#7488=ORIENTED_EDGE('',*,*,#5425,.T.);
#7489=ORIENTED_EDGE('',*,*,#5427,.F.);
#7490=ORIENTED_EDGE('',*,*,#5428,.F.);
#7491=ORIENTED_EDGE('',*,*,#5429,.F.);
#7492=ORIENTED_EDGE('',*,*,#5428,.T.);
#7493=ORIENTED_EDGE('',*,*,#5430,.F.);
#7494=ORIENTED_EDGE('',*,*,#5431,.F.);
#7495=ORIENTED_EDGE('',*,*,#5432,.F.);
#7496=ORIENTED_EDGE('',*,*,#5431,.T.);
#7497=ORIENTED_EDGE('',*,*,#5433,.F.);
#7498=ORIENTED_EDGE('',*,*,#5434,.F.);
#7499=ORIENTED_EDGE('',*,*,#5435,.F.);
#7500=ORIENTED_EDGE('',*,*,#5434,.T.);
#7501=ORIENTED_EDGE('',*,*,#5436,.F.);
#7502=ORIENTED_EDGE('',*,*,#5437,.F.);
#7503=ORIENTED_EDGE('',*,*,#5438,.F.);
#7504=ORIENTED_EDGE('',*,*,#5437,.T.);
#7505=ORIENTED_EDGE('',*,*,#5439,.F.);
#7506=ORIENTED_EDGE('',*,*,#5440,.F.);
#7507=ORIENTED_EDGE('',*,*,#5441,.F.);
#7508=ORIENTED_EDGE('',*,*,#5440,.T.);
#7509=ORIENTED_EDGE('',*,*,#5442,.F.);
#7510=ORIENTED_EDGE('',*,*,#5443,.F.);
#7511=ORIENTED_EDGE('',*,*,#5444,.F.);
#7512=ORIENTED_EDGE('',*,*,#5443,.T.);
#7513=ORIENTED_EDGE('',*,*,#5445,.F.);
#7514=ORIENTED_EDGE('',*,*,#5446,.F.);
#7515=ORIENTED_EDGE('',*,*,#5447,.F.);
#7516=ORIENTED_EDGE('',*,*,#5446,.T.);
#7517=ORIENTED_EDGE('',*,*,#5448,.F.);
#7518=ORIENTED_EDGE('',*,*,#5390,.F.);
#7519=ORIENTED_EDGE('',*,*,#5448,.T.);
#7520=ORIENTED_EDGE('',*,*,#5445,.T.);
#7521=ORIENTED_EDGE('',*,*,#5442,.T.);
#7522=ORIENTED_EDGE('',*,*,#5439,.T.);
#7523=ORIENTED_EDGE('',*,*,#5436,.T.);
#7524=ORIENTED_EDGE('',*,*,#5433,.T.);
#7525=ORIENTED_EDGE('',*,*,#5430,.T.);
#7526=ORIENTED_EDGE('',*,*,#5427,.T.);
#7527=ORIENTED_EDGE('',*,*,#5424,.T.);
#7528=ORIENTED_EDGE('',*,*,#5421,.T.);
#7529=ORIENTED_EDGE('',*,*,#5418,.T.);
#7530=ORIENTED_EDGE('',*,*,#5415,.T.);
#7531=ORIENTED_EDGE('',*,*,#5412,.T.);
#7532=ORIENTED_EDGE('',*,*,#5409,.T.);
#7533=ORIENTED_EDGE('',*,*,#5406,.T.);
#7534=ORIENTED_EDGE('',*,*,#5403,.T.);
#7535=ORIENTED_EDGE('',*,*,#5400,.T.);
#7536=ORIENTED_EDGE('',*,*,#5397,.T.);
#7537=ORIENTED_EDGE('',*,*,#5394,.T.);
#7538=ORIENTED_EDGE('',*,*,#5391,.T.);
#7539=ORIENTED_EDGE('',*,*,#5449,.F.);
#7540=ORIENTED_EDGE('',*,*,#5450,.T.);
#7541=ORIENTED_EDGE('',*,*,#5451,.F.);
#7542=ORIENTED_EDGE('',*,*,#5452,.F.);
#7543=ORIENTED_EDGE('',*,*,#5453,.F.);
#7544=ORIENTED_EDGE('',*,*,#5452,.T.);
#7545=ORIENTED_EDGE('',*,*,#5454,.F.);
#7546=ORIENTED_EDGE('',*,*,#5455,.F.);
#7547=ORIENTED_EDGE('',*,*,#5456,.F.);
#7548=ORIENTED_EDGE('',*,*,#5455,.T.);
#7549=ORIENTED_EDGE('',*,*,#5457,.F.);
#7550=ORIENTED_EDGE('',*,*,#5458,.F.);
#7551=ORIENTED_EDGE('',*,*,#5459,.F.);
#7552=ORIENTED_EDGE('',*,*,#5458,.T.);
#7553=ORIENTED_EDGE('',*,*,#5460,.F.);
#7554=ORIENTED_EDGE('',*,*,#5461,.F.);
#7555=ORIENTED_EDGE('',*,*,#5462,.F.);
#7556=ORIENTED_EDGE('',*,*,#5461,.T.);
#7557=ORIENTED_EDGE('',*,*,#5463,.F.);
#7558=ORIENTED_EDGE('',*,*,#5464,.F.);
#7559=ORIENTED_EDGE('',*,*,#5465,.F.);
#7560=ORIENTED_EDGE('',*,*,#5464,.T.);
#7561=ORIENTED_EDGE('',*,*,#5466,.F.);
#7562=ORIENTED_EDGE('',*,*,#5467,.F.);
#7563=ORIENTED_EDGE('',*,*,#5468,.F.);
#7564=ORIENTED_EDGE('',*,*,#5467,.T.);
#7565=ORIENTED_EDGE('',*,*,#5469,.F.);
#7566=ORIENTED_EDGE('',*,*,#5470,.F.);
#7567=ORIENTED_EDGE('',*,*,#5471,.F.);
#7568=ORIENTED_EDGE('',*,*,#5470,.T.);
#7569=ORIENTED_EDGE('',*,*,#5472,.F.);
#7570=ORIENTED_EDGE('',*,*,#5473,.F.);
#7571=ORIENTED_EDGE('',*,*,#5474,.F.);
#7572=ORIENTED_EDGE('',*,*,#5473,.T.);
#7573=ORIENTED_EDGE('',*,*,#5475,.F.);
#7574=ORIENTED_EDGE('',*,*,#5476,.F.);
#7575=ORIENTED_EDGE('',*,*,#5477,.F.);
#7576=ORIENTED_EDGE('',*,*,#5476,.T.);
#7577=ORIENTED_EDGE('',*,*,#5478,.F.);
#7578=ORIENTED_EDGE('',*,*,#5479,.F.);
#7579=ORIENTED_EDGE('',*,*,#5480,.F.);
#7580=ORIENTED_EDGE('',*,*,#5479,.T.);
#7581=ORIENTED_EDGE('',*,*,#5481,.F.);
#7582=ORIENTED_EDGE('',*,*,#5482,.F.);
#7583=ORIENTED_EDGE('',*,*,#5483,.F.);
#7584=ORIENTED_EDGE('',*,*,#5482,.T.);
#7585=ORIENTED_EDGE('',*,*,#5484,.F.);
#7586=ORIENTED_EDGE('',*,*,#5450,.F.);
#7587=ORIENTED_EDGE('',*,*,#5484,.T.);
#7588=ORIENTED_EDGE('',*,*,#5481,.T.);
#7589=ORIENTED_EDGE('',*,*,#5478,.T.);
#7590=ORIENTED_EDGE('',*,*,#5475,.T.);
#7591=ORIENTED_EDGE('',*,*,#5472,.T.);
#7592=ORIENTED_EDGE('',*,*,#5469,.T.);
#7593=ORIENTED_EDGE('',*,*,#5466,.T.);
#7594=ORIENTED_EDGE('',*,*,#5463,.T.);
#7595=ORIENTED_EDGE('',*,*,#5460,.T.);
#7596=ORIENTED_EDGE('',*,*,#5457,.T.);
#7597=ORIENTED_EDGE('',*,*,#5454,.T.);
#7598=ORIENTED_EDGE('',*,*,#5451,.T.);
#7599=ORIENTED_EDGE('',*,*,#5485,.F.);
#7600=ORIENTED_EDGE('',*,*,#5486,.T.);
#7601=ORIENTED_EDGE('',*,*,#5487,.F.);
#7602=ORIENTED_EDGE('',*,*,#5488,.F.);
#7603=ORIENTED_EDGE('',*,*,#5489,.F.);
#7604=ORIENTED_EDGE('',*,*,#5488,.T.);
#7605=ORIENTED_EDGE('',*,*,#5490,.F.);
#7606=ORIENTED_EDGE('',*,*,#5491,.F.);
#7607=ORIENTED_EDGE('',*,*,#5492,.F.);
#7608=ORIENTED_EDGE('',*,*,#5491,.T.);
#7609=ORIENTED_EDGE('',*,*,#5493,.F.);
#7610=ORIENTED_EDGE('',*,*,#5486,.F.);
#7611=ORIENTED_EDGE('',*,*,#5494,.F.);
#7612=ORIENTED_EDGE('',*,*,#5495,.T.);
#7613=ORIENTED_EDGE('',*,*,#5496,.F.);
#7614=ORIENTED_EDGE('',*,*,#5497,.F.);
#7615=ORIENTED_EDGE('',*,*,#5498,.F.);
#7616=ORIENTED_EDGE('',*,*,#5497,.T.);
#7617=ORIENTED_EDGE('',*,*,#5499,.F.);
#7618=ORIENTED_EDGE('',*,*,#5500,.F.);
#7619=ORIENTED_EDGE('',*,*,#5501,.F.);
#7620=ORIENTED_EDGE('',*,*,#5500,.T.);
#7621=ORIENTED_EDGE('',*,*,#5502,.F.);
#7622=ORIENTED_EDGE('',*,*,#5503,.F.);
#7623=ORIENTED_EDGE('',*,*,#5504,.F.);
#7624=ORIENTED_EDGE('',*,*,#5503,.T.);
#7625=ORIENTED_EDGE('',*,*,#5505,.F.);
#7626=ORIENTED_EDGE('',*,*,#5506,.F.);
#7627=ORIENTED_EDGE('',*,*,#5507,.F.);
#7628=ORIENTED_EDGE('',*,*,#5506,.T.);
#7629=ORIENTED_EDGE('',*,*,#5508,.F.);
#7630=ORIENTED_EDGE('',*,*,#5509,.F.);
#7631=ORIENTED_EDGE('',*,*,#5510,.F.);
#7632=ORIENTED_EDGE('',*,*,#5509,.T.);
#7633=ORIENTED_EDGE('',*,*,#5511,.F.);
#7634=ORIENTED_EDGE('',*,*,#5512,.F.);
#7635=ORIENTED_EDGE('',*,*,#5513,.F.);
#7636=ORIENTED_EDGE('',*,*,#5512,.T.);
#7637=ORIENTED_EDGE('',*,*,#5514,.F.);
#7638=ORIENTED_EDGE('',*,*,#5515,.F.);
#7639=ORIENTED_EDGE('',*,*,#5516,.F.);
#7640=ORIENTED_EDGE('',*,*,#5515,.T.);
#7641=ORIENTED_EDGE('',*,*,#5517,.F.);
#7642=ORIENTED_EDGE('',*,*,#5518,.F.);
#7643=ORIENTED_EDGE('',*,*,#5519,.F.);
#7644=ORIENTED_EDGE('',*,*,#5518,.T.);
#7645=ORIENTED_EDGE('',*,*,#5520,.F.);
#7646=ORIENTED_EDGE('',*,*,#5495,.F.);
#7647=ORIENTED_EDGE('',*,*,#5520,.T.);
#7648=ORIENTED_EDGE('',*,*,#5517,.T.);
#7649=ORIENTED_EDGE('',*,*,#5514,.T.);
#7650=ORIENTED_EDGE('',*,*,#5511,.T.);
#7651=ORIENTED_EDGE('',*,*,#5508,.T.);
#7652=ORIENTED_EDGE('',*,*,#5505,.T.);
#7653=ORIENTED_EDGE('',*,*,#5502,.T.);
#7654=ORIENTED_EDGE('',*,*,#5499,.T.);
#7655=ORIENTED_EDGE('',*,*,#5496,.T.);
#7656=ORIENTED_EDGE('',*,*,#5493,.T.);
#7657=ORIENTED_EDGE('',*,*,#5490,.T.);
#7658=ORIENTED_EDGE('',*,*,#5487,.T.);
#7659=ORIENTED_EDGE('',*,*,#5521,.F.);
#7660=ORIENTED_EDGE('',*,*,#5522,.F.);
#7661=ORIENTED_EDGE('',*,*,#5523,.F.);
#7662=ORIENTED_EDGE('',*,*,#5524,.F.);
#7663=ORIENTED_EDGE('',*,*,#5525,.F.);
#7664=ORIENTED_EDGE('',*,*,#5526,.F.);
#7665=ORIENTED_EDGE('',*,*,#5527,.F.);
#7666=ORIENTED_EDGE('',*,*,#5528,.F.);
#7667=ORIENTED_EDGE('',*,*,#5353,.T.);
#7668=ORIENTED_EDGE('',*,*,#5357,.T.);
#7669=ORIENTED_EDGE('',*,*,#5360,.T.);
#7670=ORIENTED_EDGE('',*,*,#5363,.T.);
#7671=ORIENTED_EDGE('',*,*,#5366,.T.);
#7672=ORIENTED_EDGE('',*,*,#5369,.T.);
#7673=ORIENTED_EDGE('',*,*,#5372,.T.);
#7674=ORIENTED_EDGE('',*,*,#5375,.T.);
#7675=ORIENTED_EDGE('',*,*,#5378,.T.);
#7676=ORIENTED_EDGE('',*,*,#5381,.T.);
#7677=ORIENTED_EDGE('',*,*,#5384,.T.);
#7678=ORIENTED_EDGE('',*,*,#5387,.T.);
#7679=ORIENTED_EDGE('',*,*,#5389,.T.);
#7680=ORIENTED_EDGE('',*,*,#5393,.T.);
#7681=ORIENTED_EDGE('',*,*,#5396,.T.);
#7682=ORIENTED_EDGE('',*,*,#5399,.T.);
#7683=ORIENTED_EDGE('',*,*,#5402,.T.);
#7684=ORIENTED_EDGE('',*,*,#5405,.T.);
#7685=ORIENTED_EDGE('',*,*,#5408,.T.);
#7686=ORIENTED_EDGE('',*,*,#5411,.T.);
#7687=ORIENTED_EDGE('',*,*,#5414,.T.);
#7688=ORIENTED_EDGE('',*,*,#5417,.T.);
#7689=ORIENTED_EDGE('',*,*,#5420,.T.);
#7690=ORIENTED_EDGE('',*,*,#5423,.T.);
#7691=ORIENTED_EDGE('',*,*,#5426,.T.);
#7692=ORIENTED_EDGE('',*,*,#5429,.T.);
#7693=ORIENTED_EDGE('',*,*,#5432,.T.);
#7694=ORIENTED_EDGE('',*,*,#5435,.T.);
#7695=ORIENTED_EDGE('',*,*,#5438,.T.);
#7696=ORIENTED_EDGE('',*,*,#5441,.T.);
#7697=ORIENTED_EDGE('',*,*,#5444,.T.);
#7698=ORIENTED_EDGE('',*,*,#5447,.T.);
#7699=ORIENTED_EDGE('',*,*,#5449,.T.);
#7700=ORIENTED_EDGE('',*,*,#5453,.T.);
#7701=ORIENTED_EDGE('',*,*,#5456,.T.);
#7702=ORIENTED_EDGE('',*,*,#5459,.T.);
#7703=ORIENTED_EDGE('',*,*,#5462,.T.);
#7704=ORIENTED_EDGE('',*,*,#5465,.T.);
#7705=ORIENTED_EDGE('',*,*,#5468,.T.);
#7706=ORIENTED_EDGE('',*,*,#5471,.T.);
#7707=ORIENTED_EDGE('',*,*,#5474,.T.);
#7708=ORIENTED_EDGE('',*,*,#5477,.T.);
#7709=ORIENTED_EDGE('',*,*,#5480,.T.);
#7710=ORIENTED_EDGE('',*,*,#5483,.T.);
#7711=ORIENTED_EDGE('',*,*,#5529,.T.);
#7712=ORIENTED_EDGE('',*,*,#5530,.T.);
#7713=ORIENTED_EDGE('',*,*,#5531,.T.);
#7714=ORIENTED_EDGE('',*,*,#5532,.T.);
#7715=ORIENTED_EDGE('',*,*,#5533,.T.);
#7716=ORIENTED_EDGE('',*,*,#5534,.T.);
#7717=ORIENTED_EDGE('',*,*,#5535,.T.);
#7718=ORIENTED_EDGE('',*,*,#5536,.T.);
#7719=ORIENTED_EDGE('',*,*,#5537,.T.);
#7720=ORIENTED_EDGE('',*,*,#5538,.T.);
#7721=ORIENTED_EDGE('',*,*,#5539,.T.);
#7722=ORIENTED_EDGE('',*,*,#5540,.T.);
#7723=ORIENTED_EDGE('',*,*,#5541,.T.);
#7724=ORIENTED_EDGE('',*,*,#5542,.T.);
#7725=ORIENTED_EDGE('',*,*,#5543,.T.);
#7726=ORIENTED_EDGE('',*,*,#5544,.T.);
#7727=ORIENTED_EDGE('',*,*,#5545,.T.);
#7728=ORIENTED_EDGE('',*,*,#5546,.T.);
#7729=ORIENTED_EDGE('',*,*,#5547,.T.);
#7730=ORIENTED_EDGE('',*,*,#5548,.T.);
#7731=ORIENTED_EDGE('',*,*,#5549,.T.);
#7732=ORIENTED_EDGE('',*,*,#5550,.T.);
#7733=ORIENTED_EDGE('',*,*,#5551,.T.);
#7734=ORIENTED_EDGE('',*,*,#5552,.T.);
#7735=ORIENTED_EDGE('',*,*,#5553,.T.);
#7736=ORIENTED_EDGE('',*,*,#5554,.T.);
#7737=ORIENTED_EDGE('',*,*,#5555,.T.);
#7738=ORIENTED_EDGE('',*,*,#5556,.T.);
#7739=ORIENTED_EDGE('',*,*,#5557,.T.);
#7740=ORIENTED_EDGE('',*,*,#5558,.T.);
#7741=ORIENTED_EDGE('',*,*,#5559,.T.);
#7742=ORIENTED_EDGE('',*,*,#5560,.T.);
#7743=ORIENTED_EDGE('',*,*,#5561,.T.);
#7744=ORIENTED_EDGE('',*,*,#5562,.T.);
#7745=ORIENTED_EDGE('',*,*,#5563,.T.);
#7746=ORIENTED_EDGE('',*,*,#5564,.T.);
#7747=ORIENTED_EDGE('',*,*,#5565,.T.);
#7748=ORIENTED_EDGE('',*,*,#5566,.T.);
#7749=ORIENTED_EDGE('',*,*,#5567,.T.);
#7750=ORIENTED_EDGE('',*,*,#5568,.T.);
#7751=ORIENTED_EDGE('',*,*,#5569,.T.);
#7752=ORIENTED_EDGE('',*,*,#5570,.T.);
#7753=ORIENTED_EDGE('',*,*,#5571,.T.);
#7754=ORIENTED_EDGE('',*,*,#5572,.T.);
#7755=ORIENTED_EDGE('',*,*,#5573,.T.);
#7756=ORIENTED_EDGE('',*,*,#5574,.T.);
#7757=ORIENTED_EDGE('',*,*,#5575,.T.);
#7758=ORIENTED_EDGE('',*,*,#5576,.T.);
#7759=ORIENTED_EDGE('',*,*,#5577,.T.);
#7760=ORIENTED_EDGE('',*,*,#5578,.T.);
#7761=ORIENTED_EDGE('',*,*,#5579,.T.);
#7762=ORIENTED_EDGE('',*,*,#5580,.T.);
#7763=ORIENTED_EDGE('',*,*,#5581,.T.);
#7764=ORIENTED_EDGE('',*,*,#5582,.T.);
#7765=ORIENTED_EDGE('',*,*,#5583,.T.);
#7766=ORIENTED_EDGE('',*,*,#5584,.T.);
#7767=ORIENTED_EDGE('',*,*,#5585,.T.);
#7768=ORIENTED_EDGE('',*,*,#5586,.T.);
#7769=ORIENTED_EDGE('',*,*,#5587,.T.);
#7770=ORIENTED_EDGE('',*,*,#5588,.T.);
#7771=ORIENTED_EDGE('',*,*,#5589,.T.);
#7772=ORIENTED_EDGE('',*,*,#5590,.T.);
#7773=ORIENTED_EDGE('',*,*,#5591,.T.);
#7774=ORIENTED_EDGE('',*,*,#5592,.T.);
#7775=ORIENTED_EDGE('',*,*,#5593,.T.);
#7776=ORIENTED_EDGE('',*,*,#5594,.T.);
#7777=ORIENTED_EDGE('',*,*,#5595,.T.);
#7778=ORIENTED_EDGE('',*,*,#5596,.T.);
#7779=ORIENTED_EDGE('',*,*,#5597,.T.);
#7780=ORIENTED_EDGE('',*,*,#5598,.T.);
#7781=ORIENTED_EDGE('',*,*,#5599,.T.);
#7782=ORIENTED_EDGE('',*,*,#5600,.T.);
#7783=ORIENTED_EDGE('',*,*,#5601,.T.);
#7784=ORIENTED_EDGE('',*,*,#5602,.T.);
#7785=ORIENTED_EDGE('',*,*,#5603,.T.);
#7786=ORIENTED_EDGE('',*,*,#5604,.T.);
#7787=ORIENTED_EDGE('',*,*,#5605,.T.);
#7788=ORIENTED_EDGE('',*,*,#5606,.T.);
#7789=ORIENTED_EDGE('',*,*,#5607,.T.);
#7790=ORIENTED_EDGE('',*,*,#5608,.T.);
#7791=ORIENTED_EDGE('',*,*,#5609,.T.);
#7792=ORIENTED_EDGE('',*,*,#5610,.T.);
#7793=ORIENTED_EDGE('',*,*,#5611,.T.);
#7794=ORIENTED_EDGE('',*,*,#5612,.T.);
#7795=ORIENTED_EDGE('',*,*,#5613,.T.);
#7796=ORIENTED_EDGE('',*,*,#5614,.T.);
#7797=ORIENTED_EDGE('',*,*,#5615,.T.);
#7798=ORIENTED_EDGE('',*,*,#5616,.T.);
#7799=ORIENTED_EDGE('',*,*,#5617,.T.);
#7800=ORIENTED_EDGE('',*,*,#5618,.T.);
#7801=ORIENTED_EDGE('',*,*,#5619,.T.);
#7802=ORIENTED_EDGE('',*,*,#5620,.T.);
#7803=ORIENTED_EDGE('',*,*,#5621,.T.);
#7804=ORIENTED_EDGE('',*,*,#5622,.T.);
#7805=ORIENTED_EDGE('',*,*,#5623,.T.);
#7806=ORIENTED_EDGE('',*,*,#5624,.T.);
#7807=ORIENTED_EDGE('',*,*,#5625,.T.);
#7808=ORIENTED_EDGE('',*,*,#5626,.T.);
#7809=ORIENTED_EDGE('',*,*,#5627,.T.);
#7810=ORIENTED_EDGE('',*,*,#5628,.T.);
#7811=ORIENTED_EDGE('',*,*,#5629,.T.);
#7812=ORIENTED_EDGE('',*,*,#5630,.T.);
#7813=ORIENTED_EDGE('',*,*,#5631,.T.);
#7814=ORIENTED_EDGE('',*,*,#5632,.T.);
#7815=ORIENTED_EDGE('',*,*,#5633,.T.);
#7816=ORIENTED_EDGE('',*,*,#5634,.T.);
#7817=ORIENTED_EDGE('',*,*,#5635,.T.);
#7818=ORIENTED_EDGE('',*,*,#5636,.T.);
#7819=ORIENTED_EDGE('',*,*,#5637,.T.);
#7820=ORIENTED_EDGE('',*,*,#5638,.T.);
#7821=ORIENTED_EDGE('',*,*,#5639,.T.);
#7822=ORIENTED_EDGE('',*,*,#5640,.T.);
#7823=ORIENTED_EDGE('',*,*,#5641,.T.);
#7824=ORIENTED_EDGE('',*,*,#5642,.T.);
#7825=ORIENTED_EDGE('',*,*,#5643,.T.);
#7826=ORIENTED_EDGE('',*,*,#5644,.T.);
#7827=ORIENTED_EDGE('',*,*,#5645,.T.);
#7828=ORIENTED_EDGE('',*,*,#5646,.T.);
#7829=ORIENTED_EDGE('',*,*,#5647,.T.);
#7830=ORIENTED_EDGE('',*,*,#5648,.T.);
#7831=ORIENTED_EDGE('',*,*,#5649,.T.);
#7832=ORIENTED_EDGE('',*,*,#5650,.T.);
#7833=ORIENTED_EDGE('',*,*,#5651,.T.);
#7834=ORIENTED_EDGE('',*,*,#5652,.T.);
#7835=ORIENTED_EDGE('',*,*,#5653,.T.);
#7836=ORIENTED_EDGE('',*,*,#5654,.T.);
#7837=ORIENTED_EDGE('',*,*,#5655,.T.);
#7838=ORIENTED_EDGE('',*,*,#5656,.T.);
#7839=ORIENTED_EDGE('',*,*,#5657,.T.);
#7840=ORIENTED_EDGE('',*,*,#5658,.T.);
#7841=ORIENTED_EDGE('',*,*,#5659,.T.);
#7842=ORIENTED_EDGE('',*,*,#5660,.T.);
#7843=ORIENTED_EDGE('',*,*,#5661,.T.);
#7844=ORIENTED_EDGE('',*,*,#5662,.T.);
#7845=ORIENTED_EDGE('',*,*,#5663,.T.);
#7846=ORIENTED_EDGE('',*,*,#5664,.T.);
#7847=ORIENTED_EDGE('',*,*,#5665,.T.);
#7848=ORIENTED_EDGE('',*,*,#5666,.T.);
#7849=ORIENTED_EDGE('',*,*,#5667,.T.);
#7850=ORIENTED_EDGE('',*,*,#5668,.T.);
#7851=ORIENTED_EDGE('',*,*,#5669,.T.);
#7852=ORIENTED_EDGE('',*,*,#5670,.T.);
#7853=ORIENTED_EDGE('',*,*,#5671,.T.);
#7854=ORIENTED_EDGE('',*,*,#5672,.T.);
#7855=ORIENTED_EDGE('',*,*,#5673,.T.);
#7856=ORIENTED_EDGE('',*,*,#5674,.T.);
#7857=ORIENTED_EDGE('',*,*,#5675,.T.);
#7858=ORIENTED_EDGE('',*,*,#5676,.T.);
#7859=ORIENTED_EDGE('',*,*,#5677,.T.);
#7860=ORIENTED_EDGE('',*,*,#5678,.T.);
#7861=ORIENTED_EDGE('',*,*,#5679,.T.);
#7862=ORIENTED_EDGE('',*,*,#5680,.T.);
#7863=ORIENTED_EDGE('',*,*,#5681,.T.);
#7864=ORIENTED_EDGE('',*,*,#5682,.T.);
#7865=ORIENTED_EDGE('',*,*,#5683,.T.);
#7866=ORIENTED_EDGE('',*,*,#5684,.T.);
#7867=ORIENTED_EDGE('',*,*,#5685,.T.);
#7868=ORIENTED_EDGE('',*,*,#5686,.T.);
#7869=ORIENTED_EDGE('',*,*,#5687,.T.);
#7870=ORIENTED_EDGE('',*,*,#5688,.T.);
#7871=ORIENTED_EDGE('',*,*,#5689,.T.);
#7872=ORIENTED_EDGE('',*,*,#5690,.T.);
#7873=ORIENTED_EDGE('',*,*,#5691,.T.);
#7874=ORIENTED_EDGE('',*,*,#5692,.T.);
#7875=ORIENTED_EDGE('',*,*,#5693,.T.);
#7876=ORIENTED_EDGE('',*,*,#5494,.T.);
#7877=ORIENTED_EDGE('',*,*,#5498,.T.);
#7878=ORIENTED_EDGE('',*,*,#5501,.T.);
#7879=ORIENTED_EDGE('',*,*,#5504,.T.);
#7880=ORIENTED_EDGE('',*,*,#5507,.T.);
#7881=ORIENTED_EDGE('',*,*,#5510,.T.);
#7882=ORIENTED_EDGE('',*,*,#5513,.T.);
#7883=ORIENTED_EDGE('',*,*,#5516,.T.);
#7884=ORIENTED_EDGE('',*,*,#5519,.T.);
#7885=ORIENTED_EDGE('',*,*,#5690,.F.);
#7886=ORIENTED_EDGE('',*,*,#5694,.T.);
#7887=ORIENTED_EDGE('',*,*,#5695,.F.);
#7888=ORIENTED_EDGE('',*,*,#5696,.F.);
#7889=ORIENTED_EDGE('',*,*,#5691,.F.);
#7890=ORIENTED_EDGE('',*,*,#5696,.T.);
#7891=ORIENTED_EDGE('',*,*,#5697,.F.);
#7892=ORIENTED_EDGE('',*,*,#5698,.F.);
#7893=ORIENTED_EDGE('',*,*,#5692,.F.);
#7894=ORIENTED_EDGE('',*,*,#5698,.T.);
#7895=ORIENTED_EDGE('',*,*,#5699,.F.);
#7896=ORIENTED_EDGE('',*,*,#5700,.F.);
#7897=ORIENTED_EDGE('',*,*,#5693,.F.);
#7898=ORIENTED_EDGE('',*,*,#5700,.T.);
#7899=ORIENTED_EDGE('',*,*,#5701,.F.);
#7900=ORIENTED_EDGE('',*,*,#5694,.F.);
#7901=ORIENTED_EDGE('',*,*,#5701,.T.);
#7902=ORIENTED_EDGE('',*,*,#5699,.T.);
#7903=ORIENTED_EDGE('',*,*,#5697,.T.);
#7904=ORIENTED_EDGE('',*,*,#5695,.T.);
#7905=ORIENTED_EDGE('',*,*,#5678,.F.);
#7906=ORIENTED_EDGE('',*,*,#5702,.T.);
#7907=ORIENTED_EDGE('',*,*,#5703,.F.);
#7908=ORIENTED_EDGE('',*,*,#5704,.F.);
#7909=ORIENTED_EDGE('',*,*,#5679,.F.);
#7910=ORIENTED_EDGE('',*,*,#5704,.T.);
#7911=ORIENTED_EDGE('',*,*,#5705,.F.);
#7912=ORIENTED_EDGE('',*,*,#5706,.F.);
#7913=ORIENTED_EDGE('',*,*,#5680,.F.);
#7914=ORIENTED_EDGE('',*,*,#5706,.T.);
#7915=ORIENTED_EDGE('',*,*,#5707,.F.);
#7916=ORIENTED_EDGE('',*,*,#5708,.F.);
#7917=ORIENTED_EDGE('',*,*,#5681,.F.);
#7918=ORIENTED_EDGE('',*,*,#5708,.T.);
#7919=ORIENTED_EDGE('',*,*,#5709,.F.);
#7920=ORIENTED_EDGE('',*,*,#5710,.F.);
#7921=ORIENTED_EDGE('',*,*,#5682,.F.);
#7922=ORIENTED_EDGE('',*,*,#5710,.T.);
#7923=ORIENTED_EDGE('',*,*,#5711,.F.);
#7924=ORIENTED_EDGE('',*,*,#5712,.F.);
#7925=ORIENTED_EDGE('',*,*,#5683,.F.);
#7926=ORIENTED_EDGE('',*,*,#5712,.T.);
#7927=ORIENTED_EDGE('',*,*,#5713,.F.);
#7928=ORIENTED_EDGE('',*,*,#5714,.F.);
#7929=ORIENTED_EDGE('',*,*,#5684,.F.);
#7930=ORIENTED_EDGE('',*,*,#5714,.T.);
#7931=ORIENTED_EDGE('',*,*,#5715,.F.);
#7932=ORIENTED_EDGE('',*,*,#5716,.F.);
#7933=ORIENTED_EDGE('',*,*,#5685,.F.);
#7934=ORIENTED_EDGE('',*,*,#5716,.T.);
#7935=ORIENTED_EDGE('',*,*,#5717,.F.);
#7936=ORIENTED_EDGE('',*,*,#5718,.F.);
#7937=ORIENTED_EDGE('',*,*,#5686,.F.);
#7938=ORIENTED_EDGE('',*,*,#5718,.T.);
#7939=ORIENTED_EDGE('',*,*,#5719,.F.);
#7940=ORIENTED_EDGE('',*,*,#5720,.F.);
#7941=ORIENTED_EDGE('',*,*,#5687,.F.);
#7942=ORIENTED_EDGE('',*,*,#5720,.T.);
#7943=ORIENTED_EDGE('',*,*,#5721,.F.);
#7944=ORIENTED_EDGE('',*,*,#5722,.F.);
#7945=ORIENTED_EDGE('',*,*,#5688,.F.);
#7946=ORIENTED_EDGE('',*,*,#5722,.T.);
#7947=ORIENTED_EDGE('',*,*,#5723,.F.);
#7948=ORIENTED_EDGE('',*,*,#5724,.F.);
#7949=ORIENTED_EDGE('',*,*,#5689,.F.);
#7950=ORIENTED_EDGE('',*,*,#5724,.T.);
#7951=ORIENTED_EDGE('',*,*,#5725,.F.);
#7952=ORIENTED_EDGE('',*,*,#5702,.F.);
#7953=ORIENTED_EDGE('',*,*,#5725,.T.);
#7954=ORIENTED_EDGE('',*,*,#5723,.T.);
#7955=ORIENTED_EDGE('',*,*,#5721,.T.);
#7956=ORIENTED_EDGE('',*,*,#5719,.T.);
#7957=ORIENTED_EDGE('',*,*,#5717,.T.);
#7958=ORIENTED_EDGE('',*,*,#5715,.T.);
#7959=ORIENTED_EDGE('',*,*,#5713,.T.);
#7960=ORIENTED_EDGE('',*,*,#5711,.T.);
#7961=ORIENTED_EDGE('',*,*,#5709,.T.);
#7962=ORIENTED_EDGE('',*,*,#5707,.T.);
#7963=ORIENTED_EDGE('',*,*,#5705,.T.);
#7964=ORIENTED_EDGE('',*,*,#5703,.T.);
#7965=ORIENTED_EDGE('',*,*,#5656,.F.);
#7966=ORIENTED_EDGE('',*,*,#5726,.T.);
#7967=ORIENTED_EDGE('',*,*,#5727,.F.);
#7968=ORIENTED_EDGE('',*,*,#5728,.F.);
#7969=ORIENTED_EDGE('',*,*,#5657,.F.);
#7970=ORIENTED_EDGE('',*,*,#5728,.T.);
#7971=ORIENTED_EDGE('',*,*,#5729,.F.);
#7972=ORIENTED_EDGE('',*,*,#5730,.F.);
#7973=ORIENTED_EDGE('',*,*,#5658,.F.);
#7974=ORIENTED_EDGE('',*,*,#5730,.T.);
#7975=ORIENTED_EDGE('',*,*,#5731,.F.);
#7976=ORIENTED_EDGE('',*,*,#5732,.F.);
#7977=ORIENTED_EDGE('',*,*,#5659,.F.);
#7978=ORIENTED_EDGE('',*,*,#5732,.T.);
#7979=ORIENTED_EDGE('',*,*,#5733,.F.);
#7980=ORIENTED_EDGE('',*,*,#5734,.F.);
#7981=ORIENTED_EDGE('',*,*,#5660,.F.);
#7982=ORIENTED_EDGE('',*,*,#5734,.T.);
#7983=ORIENTED_EDGE('',*,*,#5735,.F.);
#7984=ORIENTED_EDGE('',*,*,#5736,.F.);
#7985=ORIENTED_EDGE('',*,*,#5661,.F.);
#7986=ORIENTED_EDGE('',*,*,#5736,.T.);
#7987=ORIENTED_EDGE('',*,*,#5737,.F.);
#7988=ORIENTED_EDGE('',*,*,#5738,.F.);
#7989=ORIENTED_EDGE('',*,*,#5662,.F.);
#7990=ORIENTED_EDGE('',*,*,#5738,.T.);
#7991=ORIENTED_EDGE('',*,*,#5739,.F.);
#7992=ORIENTED_EDGE('',*,*,#5740,.F.);
#7993=ORIENTED_EDGE('',*,*,#5663,.F.);
#7994=ORIENTED_EDGE('',*,*,#5740,.T.);
#7995=ORIENTED_EDGE('',*,*,#5741,.F.);
#7996=ORIENTED_EDGE('',*,*,#5742,.F.);
#7997=ORIENTED_EDGE('',*,*,#5664,.F.);
#7998=ORIENTED_EDGE('',*,*,#5742,.T.);
#7999=ORIENTED_EDGE('',*,*,#5743,.F.);
#8000=ORIENTED_EDGE('',*,*,#5744,.F.);
#8001=ORIENTED_EDGE('',*,*,#5665,.F.);
#8002=ORIENTED_EDGE('',*,*,#5744,.T.);
#8003=ORIENTED_EDGE('',*,*,#5745,.F.);
#8004=ORIENTED_EDGE('',*,*,#5746,.F.);
#8005=ORIENTED_EDGE('',*,*,#5666,.F.);
#8006=ORIENTED_EDGE('',*,*,#5746,.T.);
#8007=ORIENTED_EDGE('',*,*,#5747,.F.);
#8008=ORIENTED_EDGE('',*,*,#5748,.F.);
#8009=ORIENTED_EDGE('',*,*,#5667,.F.);
#8010=ORIENTED_EDGE('',*,*,#5748,.T.);
#8011=ORIENTED_EDGE('',*,*,#5749,.F.);
#8012=ORIENTED_EDGE('',*,*,#5750,.F.);
#8013=ORIENTED_EDGE('',*,*,#5668,.F.);
#8014=ORIENTED_EDGE('',*,*,#5750,.T.);
#8015=ORIENTED_EDGE('',*,*,#5751,.F.);
#8016=ORIENTED_EDGE('',*,*,#5752,.F.);
#8017=ORIENTED_EDGE('',*,*,#5669,.F.);
#8018=ORIENTED_EDGE('',*,*,#5752,.T.);
#8019=ORIENTED_EDGE('',*,*,#5753,.F.);
#8020=ORIENTED_EDGE('',*,*,#5754,.F.);
#8021=ORIENTED_EDGE('',*,*,#5670,.F.);
#8022=ORIENTED_EDGE('',*,*,#5754,.T.);
#8023=ORIENTED_EDGE('',*,*,#5755,.F.);
#8024=ORIENTED_EDGE('',*,*,#5756,.F.);
#8025=ORIENTED_EDGE('',*,*,#5671,.F.);
#8026=ORIENTED_EDGE('',*,*,#5756,.T.);
#8027=ORIENTED_EDGE('',*,*,#5757,.F.);
#8028=ORIENTED_EDGE('',*,*,#5758,.F.);
#8029=ORIENTED_EDGE('',*,*,#5672,.F.);
#8030=ORIENTED_EDGE('',*,*,#5758,.T.);
#8031=ORIENTED_EDGE('',*,*,#5759,.F.);
#8032=ORIENTED_EDGE('',*,*,#5760,.F.);
#8033=ORIENTED_EDGE('',*,*,#5673,.F.);
#8034=ORIENTED_EDGE('',*,*,#5760,.T.);
#8035=ORIENTED_EDGE('',*,*,#5761,.F.);
#8036=ORIENTED_EDGE('',*,*,#5762,.F.);
#8037=ORIENTED_EDGE('',*,*,#5674,.F.);
#8038=ORIENTED_EDGE('',*,*,#5762,.T.);
#8039=ORIENTED_EDGE('',*,*,#5763,.F.);
#8040=ORIENTED_EDGE('',*,*,#5764,.F.);
#8041=ORIENTED_EDGE('',*,*,#5675,.F.);
#8042=ORIENTED_EDGE('',*,*,#5764,.T.);
#8043=ORIENTED_EDGE('',*,*,#5765,.F.);
#8044=ORIENTED_EDGE('',*,*,#5766,.F.);
#8045=ORIENTED_EDGE('',*,*,#5676,.F.);
#8046=ORIENTED_EDGE('',*,*,#5766,.T.);
#8047=ORIENTED_EDGE('',*,*,#5767,.F.);
#8048=ORIENTED_EDGE('',*,*,#5768,.F.);
#8049=ORIENTED_EDGE('',*,*,#5677,.F.);
#8050=ORIENTED_EDGE('',*,*,#5768,.T.);
#8051=ORIENTED_EDGE('',*,*,#5769,.F.);
#8052=ORIENTED_EDGE('',*,*,#5726,.F.);
#8053=ORIENTED_EDGE('',*,*,#5769,.T.);
#8054=ORIENTED_EDGE('',*,*,#5767,.T.);
#8055=ORIENTED_EDGE('',*,*,#5765,.T.);
#8056=ORIENTED_EDGE('',*,*,#5763,.T.);
#8057=ORIENTED_EDGE('',*,*,#5761,.T.);
#8058=ORIENTED_EDGE('',*,*,#5759,.T.);
#8059=ORIENTED_EDGE('',*,*,#5757,.T.);
#8060=ORIENTED_EDGE('',*,*,#5755,.T.);
#8061=ORIENTED_EDGE('',*,*,#5753,.T.);
#8062=ORIENTED_EDGE('',*,*,#5751,.T.);
#8063=ORIENTED_EDGE('',*,*,#5749,.T.);
#8064=ORIENTED_EDGE('',*,*,#5747,.T.);
#8065=ORIENTED_EDGE('',*,*,#5745,.T.);
#8066=ORIENTED_EDGE('',*,*,#5743,.T.);
#8067=ORIENTED_EDGE('',*,*,#5741,.T.);
#8068=ORIENTED_EDGE('',*,*,#5739,.T.);
#8069=ORIENTED_EDGE('',*,*,#5737,.T.);
#8070=ORIENTED_EDGE('',*,*,#5735,.T.);
#8071=ORIENTED_EDGE('',*,*,#5733,.T.);
#8072=ORIENTED_EDGE('',*,*,#5731,.T.);
#8073=ORIENTED_EDGE('',*,*,#5729,.T.);
#8074=ORIENTED_EDGE('',*,*,#5727,.T.);
#8075=ORIENTED_EDGE('',*,*,#5770,.F.);
#8076=ORIENTED_EDGE('',*,*,#5771,.T.);
#8077=ORIENTED_EDGE('',*,*,#5772,.F.);
#8078=ORIENTED_EDGE('',*,*,#5773,.F.);
#8079=ORIENTED_EDGE('',*,*,#5774,.F.);
#8080=ORIENTED_EDGE('',*,*,#5773,.T.);
#8081=ORIENTED_EDGE('',*,*,#5775,.F.);
#8082=ORIENTED_EDGE('',*,*,#5776,.F.);
#8083=ORIENTED_EDGE('',*,*,#5777,.F.);
#8084=ORIENTED_EDGE('',*,*,#5776,.T.);
#8085=ORIENTED_EDGE('',*,*,#5778,.F.);
#8086=ORIENTED_EDGE('',*,*,#5771,.F.);
#8087=ORIENTED_EDGE('',*,*,#5529,.F.);
#8088=ORIENTED_EDGE('',*,*,#5779,.T.);
#8089=ORIENTED_EDGE('',*,*,#5780,.F.);
#8090=ORIENTED_EDGE('',*,*,#5781,.F.);
#8091=ORIENTED_EDGE('',*,*,#5530,.F.);
#8092=ORIENTED_EDGE('',*,*,#5781,.T.);
#8093=ORIENTED_EDGE('',*,*,#5782,.F.);
#8094=ORIENTED_EDGE('',*,*,#5783,.F.);
#8095=ORIENTED_EDGE('',*,*,#5531,.F.);
#8096=ORIENTED_EDGE('',*,*,#5783,.T.);
#8097=ORIENTED_EDGE('',*,*,#5784,.F.);
#8098=ORIENTED_EDGE('',*,*,#5785,.F.);
#8099=ORIENTED_EDGE('',*,*,#5532,.F.);
#8100=ORIENTED_EDGE('',*,*,#5785,.T.);
#8101=ORIENTED_EDGE('',*,*,#5786,.F.);
#8102=ORIENTED_EDGE('',*,*,#5787,.F.);
#8103=ORIENTED_EDGE('',*,*,#5533,.F.);
#8104=ORIENTED_EDGE('',*,*,#5787,.T.);
#8105=ORIENTED_EDGE('',*,*,#5788,.F.);
#8106=ORIENTED_EDGE('',*,*,#5789,.F.);
#8107=ORIENTED_EDGE('',*,*,#5534,.F.);
#8108=ORIENTED_EDGE('',*,*,#5789,.T.);
#8109=ORIENTED_EDGE('',*,*,#5790,.F.);
#8110=ORIENTED_EDGE('',*,*,#5791,.F.);
#8111=ORIENTED_EDGE('',*,*,#5535,.F.);
#8112=ORIENTED_EDGE('',*,*,#5791,.T.);
#8113=ORIENTED_EDGE('',*,*,#5792,.F.);
#8114=ORIENTED_EDGE('',*,*,#5793,.F.);
#8115=ORIENTED_EDGE('',*,*,#5536,.F.);
#8116=ORIENTED_EDGE('',*,*,#5793,.T.);
#8117=ORIENTED_EDGE('',*,*,#5794,.F.);
#8118=ORIENTED_EDGE('',*,*,#5795,.F.);
#8119=ORIENTED_EDGE('',*,*,#5537,.F.);
#8120=ORIENTED_EDGE('',*,*,#5795,.T.);
#8121=ORIENTED_EDGE('',*,*,#5796,.F.);
#8122=ORIENTED_EDGE('',*,*,#5779,.F.);
#8123=ORIENTED_EDGE('',*,*,#5796,.T.);
#8124=ORIENTED_EDGE('',*,*,#5794,.T.);
#8125=ORIENTED_EDGE('',*,*,#5792,.T.);
#8126=ORIENTED_EDGE('',*,*,#5790,.T.);
#8127=ORIENTED_EDGE('',*,*,#5788,.T.);
#8128=ORIENTED_EDGE('',*,*,#5786,.T.);
#8129=ORIENTED_EDGE('',*,*,#5784,.T.);
#8130=ORIENTED_EDGE('',*,*,#5782,.T.);
#8131=ORIENTED_EDGE('',*,*,#5780,.T.);
#8132=ORIENTED_EDGE('',*,*,#5778,.T.);
#8133=ORIENTED_EDGE('',*,*,#5775,.T.);
#8134=ORIENTED_EDGE('',*,*,#5772,.T.);
#8135=ORIENTED_EDGE('',*,*,#5485,.T.);
#8136=ORIENTED_EDGE('',*,*,#5489,.T.);
#8137=ORIENTED_EDGE('',*,*,#5492,.T.);
#8138=ORIENTED_EDGE('',*,*,#5538,.F.);
#8139=ORIENTED_EDGE('',*,*,#5797,.T.);
#8140=ORIENTED_EDGE('',*,*,#5798,.F.);
#8141=ORIENTED_EDGE('',*,*,#5799,.F.);
#8142=ORIENTED_EDGE('',*,*,#5539,.F.);
#8143=ORIENTED_EDGE('',*,*,#5799,.T.);
#8144=ORIENTED_EDGE('',*,*,#5800,.F.);
#8145=ORIENTED_EDGE('',*,*,#5801,.F.);
#8146=ORIENTED_EDGE('',*,*,#5540,.F.);
#8147=ORIENTED_EDGE('',*,*,#5801,.T.);
#8148=ORIENTED_EDGE('',*,*,#5802,.F.);
#8149=ORIENTED_EDGE('',*,*,#5803,.F.);
#8150=ORIENTED_EDGE('',*,*,#5541,.F.);
#8151=ORIENTED_EDGE('',*,*,#5803,.T.);
#8152=ORIENTED_EDGE('',*,*,#5804,.F.);
#8153=ORIENTED_EDGE('',*,*,#5805,.F.);
#8154=ORIENTED_EDGE('',*,*,#5542,.F.);
#8155=ORIENTED_EDGE('',*,*,#5805,.T.);
#8156=ORIENTED_EDGE('',*,*,#5806,.F.);
#8157=ORIENTED_EDGE('',*,*,#5807,.F.);
#8158=ORIENTED_EDGE('',*,*,#5543,.F.);
#8159=ORIENTED_EDGE('',*,*,#5807,.T.);
#8160=ORIENTED_EDGE('',*,*,#5808,.F.);
#8161=ORIENTED_EDGE('',*,*,#5809,.F.);
#8162=ORIENTED_EDGE('',*,*,#5544,.F.);
#8163=ORIENTED_EDGE('',*,*,#5809,.T.);
#8164=ORIENTED_EDGE('',*,*,#5810,.F.);
#8165=ORIENTED_EDGE('',*,*,#5811,.F.);
#8166=ORIENTED_EDGE('',*,*,#5545,.F.);
#8167=ORIENTED_EDGE('',*,*,#5811,.T.);
#8168=ORIENTED_EDGE('',*,*,#5812,.F.);
#8169=ORIENTED_EDGE('',*,*,#5813,.F.);
#8170=ORIENTED_EDGE('',*,*,#5546,.F.);
#8171=ORIENTED_EDGE('',*,*,#5813,.T.);
#8172=ORIENTED_EDGE('',*,*,#5814,.F.);
#8173=ORIENTED_EDGE('',*,*,#5815,.F.);
#8174=ORIENTED_EDGE('',*,*,#5547,.F.);
#8175=ORIENTED_EDGE('',*,*,#5815,.T.);
#8176=ORIENTED_EDGE('',*,*,#5816,.F.);
#8177=ORIENTED_EDGE('',*,*,#5817,.F.);
#8178=ORIENTED_EDGE('',*,*,#5548,.F.);
#8179=ORIENTED_EDGE('',*,*,#5817,.T.);
#8180=ORIENTED_EDGE('',*,*,#5818,.F.);
#8181=ORIENTED_EDGE('',*,*,#5819,.F.);
#8182=ORIENTED_EDGE('',*,*,#5549,.F.);
#8183=ORIENTED_EDGE('',*,*,#5819,.T.);
#8184=ORIENTED_EDGE('',*,*,#5820,.F.);
#8185=ORIENTED_EDGE('',*,*,#5821,.F.);
#8186=ORIENTED_EDGE('',*,*,#5550,.F.);
#8187=ORIENTED_EDGE('',*,*,#5821,.T.);
#8188=ORIENTED_EDGE('',*,*,#5822,.F.);
#8189=ORIENTED_EDGE('',*,*,#5823,.F.);
#8190=ORIENTED_EDGE('',*,*,#5551,.F.);
#8191=ORIENTED_EDGE('',*,*,#5823,.T.);
#8192=ORIENTED_EDGE('',*,*,#5824,.F.);
#8193=ORIENTED_EDGE('',*,*,#5825,.F.);
#8194=ORIENTED_EDGE('',*,*,#5552,.F.);
#8195=ORIENTED_EDGE('',*,*,#5825,.T.);
#8196=ORIENTED_EDGE('',*,*,#5826,.F.);
#8197=ORIENTED_EDGE('',*,*,#5827,.F.);
#8198=ORIENTED_EDGE('',*,*,#5553,.F.);
#8199=ORIENTED_EDGE('',*,*,#5827,.T.);
#8200=ORIENTED_EDGE('',*,*,#5828,.F.);
#8201=ORIENTED_EDGE('',*,*,#5829,.F.);
#8202=ORIENTED_EDGE('',*,*,#5554,.F.);
#8203=ORIENTED_EDGE('',*,*,#5829,.T.);
#8204=ORIENTED_EDGE('',*,*,#5830,.F.);
#8205=ORIENTED_EDGE('',*,*,#5831,.F.);
#8206=ORIENTED_EDGE('',*,*,#5555,.F.);
#8207=ORIENTED_EDGE('',*,*,#5831,.T.);
#8208=ORIENTED_EDGE('',*,*,#5832,.F.);
#8209=ORIENTED_EDGE('',*,*,#5833,.F.);
#8210=ORIENTED_EDGE('',*,*,#5556,.F.);
#8211=ORIENTED_EDGE('',*,*,#5833,.T.);
#8212=ORIENTED_EDGE('',*,*,#5834,.F.);
#8213=ORIENTED_EDGE('',*,*,#5835,.F.);
#8214=ORIENTED_EDGE('',*,*,#5557,.F.);
#8215=ORIENTED_EDGE('',*,*,#5835,.T.);
#8216=ORIENTED_EDGE('',*,*,#5836,.F.);
#8217=ORIENTED_EDGE('',*,*,#5837,.F.);
#8218=ORIENTED_EDGE('',*,*,#5558,.F.);
#8219=ORIENTED_EDGE('',*,*,#5837,.T.);
#8220=ORIENTED_EDGE('',*,*,#5838,.F.);
#8221=ORIENTED_EDGE('',*,*,#5839,.F.);
#8222=ORIENTED_EDGE('',*,*,#5559,.F.);
#8223=ORIENTED_EDGE('',*,*,#5839,.T.);
#8224=ORIENTED_EDGE('',*,*,#5840,.F.);
#8225=ORIENTED_EDGE('',*,*,#5841,.F.);
#8226=ORIENTED_EDGE('',*,*,#5560,.F.);
#8227=ORIENTED_EDGE('',*,*,#5841,.T.);
#8228=ORIENTED_EDGE('',*,*,#5842,.F.);
#8229=ORIENTED_EDGE('',*,*,#5843,.F.);
#8230=ORIENTED_EDGE('',*,*,#5561,.F.);
#8231=ORIENTED_EDGE('',*,*,#5843,.T.);
#8232=ORIENTED_EDGE('',*,*,#5844,.F.);
#8233=ORIENTED_EDGE('',*,*,#5845,.F.);
#8234=ORIENTED_EDGE('',*,*,#5562,.F.);
#8235=ORIENTED_EDGE('',*,*,#5845,.T.);
#8236=ORIENTED_EDGE('',*,*,#5846,.F.);
#8237=ORIENTED_EDGE('',*,*,#5847,.F.);
#8238=ORIENTED_EDGE('',*,*,#5563,.F.);
#8239=ORIENTED_EDGE('',*,*,#5847,.T.);
#8240=ORIENTED_EDGE('',*,*,#5848,.F.);
#8241=ORIENTED_EDGE('',*,*,#5797,.F.);
#8242=ORIENTED_EDGE('',*,*,#5848,.T.);
#8243=ORIENTED_EDGE('',*,*,#5846,.T.);
#8244=ORIENTED_EDGE('',*,*,#5844,.T.);
#8245=ORIENTED_EDGE('',*,*,#5842,.T.);
#8246=ORIENTED_EDGE('',*,*,#5840,.T.);
#8247=ORIENTED_EDGE('',*,*,#5838,.T.);
#8248=ORIENTED_EDGE('',*,*,#5836,.T.);
#8249=ORIENTED_EDGE('',*,*,#5834,.T.);
#8250=ORIENTED_EDGE('',*,*,#5832,.T.);
#8251=ORIENTED_EDGE('',*,*,#5830,.T.);
#8252=ORIENTED_EDGE('',*,*,#5828,.T.);
#8253=ORIENTED_EDGE('',*,*,#5826,.T.);
#8254=ORIENTED_EDGE('',*,*,#5824,.T.);
#8255=ORIENTED_EDGE('',*,*,#5822,.T.);
#8256=ORIENTED_EDGE('',*,*,#5820,.T.);
#8257=ORIENTED_EDGE('',*,*,#5818,.T.);
#8258=ORIENTED_EDGE('',*,*,#5816,.T.);
#8259=ORIENTED_EDGE('',*,*,#5814,.T.);
#8260=ORIENTED_EDGE('',*,*,#5812,.T.);
#8261=ORIENTED_EDGE('',*,*,#5810,.T.);
#8262=ORIENTED_EDGE('',*,*,#5808,.T.);
#8263=ORIENTED_EDGE('',*,*,#5806,.T.);
#8264=ORIENTED_EDGE('',*,*,#5804,.T.);
#8265=ORIENTED_EDGE('',*,*,#5802,.T.);
#8266=ORIENTED_EDGE('',*,*,#5800,.T.);
#8267=ORIENTED_EDGE('',*,*,#5798,.T.);
#8268=ORIENTED_EDGE('',*,*,#5564,.F.);
#8269=ORIENTED_EDGE('',*,*,#5849,.T.);
#8270=ORIENTED_EDGE('',*,*,#5850,.F.);
#8271=ORIENTED_EDGE('',*,*,#5851,.F.);
#8272=ORIENTED_EDGE('',*,*,#5565,.F.);
#8273=ORIENTED_EDGE('',*,*,#5851,.T.);
#8274=ORIENTED_EDGE('',*,*,#5852,.F.);
#8275=ORIENTED_EDGE('',*,*,#5853,.F.);
#8276=ORIENTED_EDGE('',*,*,#5566,.F.);
#8277=ORIENTED_EDGE('',*,*,#5853,.T.);
#8278=ORIENTED_EDGE('',*,*,#5854,.F.);
#8279=ORIENTED_EDGE('',*,*,#5855,.F.);
#8280=ORIENTED_EDGE('',*,*,#5567,.F.);
#8281=ORIENTED_EDGE('',*,*,#5855,.T.);
#8282=ORIENTED_EDGE('',*,*,#5856,.F.);
#8283=ORIENTED_EDGE('',*,*,#5857,.F.);
#8284=ORIENTED_EDGE('',*,*,#5568,.F.);
#8285=ORIENTED_EDGE('',*,*,#5857,.T.);
#8286=ORIENTED_EDGE('',*,*,#5858,.F.);
#8287=ORIENTED_EDGE('',*,*,#5859,.F.);
#8288=ORIENTED_EDGE('',*,*,#5569,.F.);
#8289=ORIENTED_EDGE('',*,*,#5859,.T.);
#8290=ORIENTED_EDGE('',*,*,#5860,.F.);
#8291=ORIENTED_EDGE('',*,*,#5861,.F.);
#8292=ORIENTED_EDGE('',*,*,#5570,.F.);
#8293=ORIENTED_EDGE('',*,*,#5861,.T.);
#8294=ORIENTED_EDGE('',*,*,#5862,.F.);
#8295=ORIENTED_EDGE('',*,*,#5863,.F.);
#8296=ORIENTED_EDGE('',*,*,#5571,.F.);
#8297=ORIENTED_EDGE('',*,*,#5863,.T.);
#8298=ORIENTED_EDGE('',*,*,#5864,.F.);
#8299=ORIENTED_EDGE('',*,*,#5865,.F.);
#8300=ORIENTED_EDGE('',*,*,#5572,.F.);
#8301=ORIENTED_EDGE('',*,*,#5865,.T.);
#8302=ORIENTED_EDGE('',*,*,#5866,.F.);
#8303=ORIENTED_EDGE('',*,*,#5849,.F.);
#8304=ORIENTED_EDGE('',*,*,#5866,.T.);
#8305=ORIENTED_EDGE('',*,*,#5864,.T.);
#8306=ORIENTED_EDGE('',*,*,#5862,.T.);
#8307=ORIENTED_EDGE('',*,*,#5860,.T.);
#8308=ORIENTED_EDGE('',*,*,#5858,.T.);
#8309=ORIENTED_EDGE('',*,*,#5856,.T.);
#8310=ORIENTED_EDGE('',*,*,#5854,.T.);
#8311=ORIENTED_EDGE('',*,*,#5852,.T.);
#8312=ORIENTED_EDGE('',*,*,#5850,.T.);
#8313=ORIENTED_EDGE('',*,*,#5867,.F.);
#8314=ORIENTED_EDGE('',*,*,#5868,.T.);
#8315=ORIENTED_EDGE('',*,*,#5869,.F.);
#8316=ORIENTED_EDGE('',*,*,#5870,.F.);
#8317=ORIENTED_EDGE('',*,*,#5871,.F.);
#8318=ORIENTED_EDGE('',*,*,#5870,.T.);
#8319=ORIENTED_EDGE('',*,*,#5872,.F.);
#8320=ORIENTED_EDGE('',*,*,#5873,.F.);
#8321=ORIENTED_EDGE('',*,*,#5874,.F.);
#8322=ORIENTED_EDGE('',*,*,#5873,.T.);
#8323=ORIENTED_EDGE('',*,*,#5875,.F.);
#8324=ORIENTED_EDGE('',*,*,#5876,.F.);
#8325=ORIENTED_EDGE('',*,*,#5877,.F.);
#8326=ORIENTED_EDGE('',*,*,#5876,.T.);
#8327=ORIENTED_EDGE('',*,*,#5878,.F.);
#8328=ORIENTED_EDGE('',*,*,#5868,.F.);
#8329=ORIENTED_EDGE('',*,*,#5646,.F.);
#8330=ORIENTED_EDGE('',*,*,#5879,.T.);
#8331=ORIENTED_EDGE('',*,*,#5880,.F.);
#8332=ORIENTED_EDGE('',*,*,#5881,.F.);
#8333=ORIENTED_EDGE('',*,*,#5647,.F.);
#8334=ORIENTED_EDGE('',*,*,#5881,.T.);
#8335=ORIENTED_EDGE('',*,*,#5882,.F.);
#8336=ORIENTED_EDGE('',*,*,#5883,.F.);
#8337=ORIENTED_EDGE('',*,*,#5648,.F.);
#8338=ORIENTED_EDGE('',*,*,#5883,.T.);
#8339=ORIENTED_EDGE('',*,*,#5884,.F.);
#8340=ORIENTED_EDGE('',*,*,#5885,.F.);
#8341=ORIENTED_EDGE('',*,*,#5649,.F.);
#8342=ORIENTED_EDGE('',*,*,#5885,.T.);
#8343=ORIENTED_EDGE('',*,*,#5886,.F.);
#8344=ORIENTED_EDGE('',*,*,#5887,.F.);
#8345=ORIENTED_EDGE('',*,*,#5650,.F.);
#8346=ORIENTED_EDGE('',*,*,#5887,.T.);
#8347=ORIENTED_EDGE('',*,*,#5888,.F.);
#8348=ORIENTED_EDGE('',*,*,#5889,.F.);
#8349=ORIENTED_EDGE('',*,*,#5651,.F.);
#8350=ORIENTED_EDGE('',*,*,#5889,.T.);
#8351=ORIENTED_EDGE('',*,*,#5890,.F.);
#8352=ORIENTED_EDGE('',*,*,#5891,.F.);
#8353=ORIENTED_EDGE('',*,*,#5652,.F.);
#8354=ORIENTED_EDGE('',*,*,#5891,.T.);
#8355=ORIENTED_EDGE('',*,*,#5892,.F.);
#8356=ORIENTED_EDGE('',*,*,#5893,.F.);
#8357=ORIENTED_EDGE('',*,*,#5653,.F.);
#8358=ORIENTED_EDGE('',*,*,#5893,.T.);
#8359=ORIENTED_EDGE('',*,*,#5894,.F.);
#8360=ORIENTED_EDGE('',*,*,#5895,.F.);
#8361=ORIENTED_EDGE('',*,*,#5654,.F.);
#8362=ORIENTED_EDGE('',*,*,#5895,.T.);
#8363=ORIENTED_EDGE('',*,*,#5896,.F.);
#8364=ORIENTED_EDGE('',*,*,#5897,.F.);
#8365=ORIENTED_EDGE('',*,*,#5655,.F.);
#8366=ORIENTED_EDGE('',*,*,#5897,.T.);
#8367=ORIENTED_EDGE('',*,*,#5898,.F.);
#8368=ORIENTED_EDGE('',*,*,#5879,.F.);
#8369=ORIENTED_EDGE('',*,*,#5898,.T.);
#8370=ORIENTED_EDGE('',*,*,#5896,.T.);
#8371=ORIENTED_EDGE('',*,*,#5894,.T.);
#8372=ORIENTED_EDGE('',*,*,#5892,.T.);
#8373=ORIENTED_EDGE('',*,*,#5890,.T.);
#8374=ORIENTED_EDGE('',*,*,#5888,.T.);
#8375=ORIENTED_EDGE('',*,*,#5886,.T.);
#8376=ORIENTED_EDGE('',*,*,#5884,.T.);
#8377=ORIENTED_EDGE('',*,*,#5882,.T.);
#8378=ORIENTED_EDGE('',*,*,#5880,.T.);
#8379=ORIENTED_EDGE('',*,*,#5878,.T.);
#8380=ORIENTED_EDGE('',*,*,#5875,.T.);
#8381=ORIENTED_EDGE('',*,*,#5872,.T.);
#8382=ORIENTED_EDGE('',*,*,#5869,.T.);
#8383=ORIENTED_EDGE('',*,*,#5770,.T.);
#8384=ORIENTED_EDGE('',*,*,#5774,.T.);
#8385=ORIENTED_EDGE('',*,*,#5777,.T.);
#8386=ORIENTED_EDGE('',*,*,#5899,.F.);
#8387=ORIENTED_EDGE('',*,*,#5900,.T.);
#8388=ORIENTED_EDGE('',*,*,#5901,.F.);
#8389=ORIENTED_EDGE('',*,*,#5902,.F.);
#8390=ORIENTED_EDGE('',*,*,#5903,.F.);
#8391=ORIENTED_EDGE('',*,*,#5902,.T.);
#8392=ORIENTED_EDGE('',*,*,#5904,.F.);
#8393=ORIENTED_EDGE('',*,*,#5905,.F.);
#8394=ORIENTED_EDGE('',*,*,#5906,.F.);
#8395=ORIENTED_EDGE('',*,*,#5905,.T.);
#8396=ORIENTED_EDGE('',*,*,#5907,.F.);
#8397=ORIENTED_EDGE('',*,*,#5908,.F.);
#8398=ORIENTED_EDGE('',*,*,#5909,.F.);
#8399=ORIENTED_EDGE('',*,*,#5908,.T.);
#8400=ORIENTED_EDGE('',*,*,#5910,.F.);
#8401=ORIENTED_EDGE('',*,*,#5911,.F.);
#8402=ORIENTED_EDGE('',*,*,#5912,.F.);
#8403=ORIENTED_EDGE('',*,*,#5911,.T.);
#8404=ORIENTED_EDGE('',*,*,#5913,.F.);
#8405=ORIENTED_EDGE('',*,*,#5914,.F.);
#8406=ORIENTED_EDGE('',*,*,#5915,.F.);
#8407=ORIENTED_EDGE('',*,*,#5914,.T.);
#8408=ORIENTED_EDGE('',*,*,#5916,.F.);
#8409=ORIENTED_EDGE('',*,*,#5917,.F.);
#8410=ORIENTED_EDGE('',*,*,#5918,.F.);
#8411=ORIENTED_EDGE('',*,*,#5917,.T.);
#8412=ORIENTED_EDGE('',*,*,#5919,.F.);
#8413=ORIENTED_EDGE('',*,*,#5920,.F.);
#8414=ORIENTED_EDGE('',*,*,#5921,.F.);
#8415=ORIENTED_EDGE('',*,*,#5920,.T.);
#8416=ORIENTED_EDGE('',*,*,#5922,.F.);
#8417=ORIENTED_EDGE('',*,*,#5900,.F.);
#8418=ORIENTED_EDGE('',*,*,#5573,.F.);
#8419=ORIENTED_EDGE('',*,*,#5923,.T.);
#8420=ORIENTED_EDGE('',*,*,#5924,.F.);
#8421=ORIENTED_EDGE('',*,*,#5925,.F.);
#8422=ORIENTED_EDGE('',*,*,#5574,.F.);
#8423=ORIENTED_EDGE('',*,*,#5925,.T.);
#8424=ORIENTED_EDGE('',*,*,#5926,.F.);
#8425=ORIENTED_EDGE('',*,*,#5927,.F.);
#8426=ORIENTED_EDGE('',*,*,#5575,.F.);
#8427=ORIENTED_EDGE('',*,*,#5927,.T.);
#8428=ORIENTED_EDGE('',*,*,#5928,.F.);
#8429=ORIENTED_EDGE('',*,*,#5929,.F.);
#8430=ORIENTED_EDGE('',*,*,#5576,.F.);
#8431=ORIENTED_EDGE('',*,*,#5929,.T.);
#8432=ORIENTED_EDGE('',*,*,#5930,.F.);
#8433=ORIENTED_EDGE('',*,*,#5931,.F.);
#8434=ORIENTED_EDGE('',*,*,#5577,.F.);
#8435=ORIENTED_EDGE('',*,*,#5931,.T.);
#8436=ORIENTED_EDGE('',*,*,#5932,.F.);
#8437=ORIENTED_EDGE('',*,*,#5933,.F.);
#8438=ORIENTED_EDGE('',*,*,#5578,.F.);
#8439=ORIENTED_EDGE('',*,*,#5933,.T.);
#8440=ORIENTED_EDGE('',*,*,#5934,.F.);
#8441=ORIENTED_EDGE('',*,*,#5935,.F.);
#8442=ORIENTED_EDGE('',*,*,#5579,.F.);
#8443=ORIENTED_EDGE('',*,*,#5935,.T.);
#8444=ORIENTED_EDGE('',*,*,#5936,.F.);
#8445=ORIENTED_EDGE('',*,*,#5937,.F.);
#8446=ORIENTED_EDGE('',*,*,#5580,.F.);
#8447=ORIENTED_EDGE('',*,*,#5937,.T.);
#8448=ORIENTED_EDGE('',*,*,#5938,.F.);
#8449=ORIENTED_EDGE('',*,*,#5923,.F.);
#8450=ORIENTED_EDGE('',*,*,#5938,.T.);
#8451=ORIENTED_EDGE('',*,*,#5936,.T.);
#8452=ORIENTED_EDGE('',*,*,#5934,.T.);
#8453=ORIENTED_EDGE('',*,*,#5932,.T.);
#8454=ORIENTED_EDGE('',*,*,#5930,.T.);
#8455=ORIENTED_EDGE('',*,*,#5928,.T.);
#8456=ORIENTED_EDGE('',*,*,#5926,.T.);
#8457=ORIENTED_EDGE('',*,*,#5924,.T.);
#8458=ORIENTED_EDGE('',*,*,#5922,.T.);
#8459=ORIENTED_EDGE('',*,*,#5919,.T.);
#8460=ORIENTED_EDGE('',*,*,#5916,.T.);
#8461=ORIENTED_EDGE('',*,*,#5913,.T.);
#8462=ORIENTED_EDGE('',*,*,#5910,.T.);
#8463=ORIENTED_EDGE('',*,*,#5907,.T.);
#8464=ORIENTED_EDGE('',*,*,#5904,.T.);
#8465=ORIENTED_EDGE('',*,*,#5901,.T.);
#8466=ORIENTED_EDGE('',*,*,#5867,.T.);
#8467=ORIENTED_EDGE('',*,*,#5871,.T.);
#8468=ORIENTED_EDGE('',*,*,#5874,.T.);
#8469=ORIENTED_EDGE('',*,*,#5877,.T.);
#8470=ORIENTED_EDGE('',*,*,#5939,.F.);
#8471=ORIENTED_EDGE('',*,*,#5940,.T.);
#8472=ORIENTED_EDGE('',*,*,#5941,.F.);
#8473=ORIENTED_EDGE('',*,*,#5942,.F.);
#8474=ORIENTED_EDGE('',*,*,#5943,.F.);
#8475=ORIENTED_EDGE('',*,*,#5942,.T.);
#8476=ORIENTED_EDGE('',*,*,#5944,.F.);
#8477=ORIENTED_EDGE('',*,*,#5945,.F.);
#8478=ORIENTED_EDGE('',*,*,#5946,.F.);
#8479=ORIENTED_EDGE('',*,*,#5945,.T.);
#8480=ORIENTED_EDGE('',*,*,#5947,.F.);
#8481=ORIENTED_EDGE('',*,*,#5940,.F.);
#8482=ORIENTED_EDGE('',*,*,#5637,.F.);
#8483=ORIENTED_EDGE('',*,*,#5948,.T.);
#8484=ORIENTED_EDGE('',*,*,#5949,.F.);
#8485=ORIENTED_EDGE('',*,*,#5950,.F.);
#8486=ORIENTED_EDGE('',*,*,#5638,.F.);
#8487=ORIENTED_EDGE('',*,*,#5950,.T.);
#8488=ORIENTED_EDGE('',*,*,#5951,.F.);
#8489=ORIENTED_EDGE('',*,*,#5952,.F.);
#8490=ORIENTED_EDGE('',*,*,#5639,.F.);
#8491=ORIENTED_EDGE('',*,*,#5952,.T.);
#8492=ORIENTED_EDGE('',*,*,#5953,.F.);
#8493=ORIENTED_EDGE('',*,*,#5954,.F.);
#8494=ORIENTED_EDGE('',*,*,#5640,.F.);
#8495=ORIENTED_EDGE('',*,*,#5954,.T.);
#8496=ORIENTED_EDGE('',*,*,#5955,.F.);
#8497=ORIENTED_EDGE('',*,*,#5956,.F.);
#8498=ORIENTED_EDGE('',*,*,#5641,.F.);
#8499=ORIENTED_EDGE('',*,*,#5956,.T.);
#8500=ORIENTED_EDGE('',*,*,#5957,.F.);
#8501=ORIENTED_EDGE('',*,*,#5958,.F.);
#8502=ORIENTED_EDGE('',*,*,#5642,.F.);
#8503=ORIENTED_EDGE('',*,*,#5958,.T.);
#8504=ORIENTED_EDGE('',*,*,#5959,.F.);
#8505=ORIENTED_EDGE('',*,*,#5960,.F.);
#8506=ORIENTED_EDGE('',*,*,#5643,.F.);
#8507=ORIENTED_EDGE('',*,*,#5960,.T.);
#8508=ORIENTED_EDGE('',*,*,#5961,.F.);
#8509=ORIENTED_EDGE('',*,*,#5962,.F.);
#8510=ORIENTED_EDGE('',*,*,#5644,.F.);
#8511=ORIENTED_EDGE('',*,*,#5962,.T.);
#8512=ORIENTED_EDGE('',*,*,#5963,.F.);
#8513=ORIENTED_EDGE('',*,*,#5964,.F.);
#8514=ORIENTED_EDGE('',*,*,#5645,.F.);
#8515=ORIENTED_EDGE('',*,*,#5964,.T.);
#8516=ORIENTED_EDGE('',*,*,#5965,.F.);
#8517=ORIENTED_EDGE('',*,*,#5948,.F.);
#8518=ORIENTED_EDGE('',*,*,#5965,.T.);
#8519=ORIENTED_EDGE('',*,*,#5963,.T.);
#8520=ORIENTED_EDGE('',*,*,#5961,.T.);
#8521=ORIENTED_EDGE('',*,*,#5959,.T.);
#8522=ORIENTED_EDGE('',*,*,#5957,.T.);
#8523=ORIENTED_EDGE('',*,*,#5955,.T.);
#8524=ORIENTED_EDGE('',*,*,#5953,.T.);
#8525=ORIENTED_EDGE('',*,*,#5951,.T.);
#8526=ORIENTED_EDGE('',*,*,#5949,.T.);
#8527=ORIENTED_EDGE('',*,*,#5947,.T.);
#8528=ORIENTED_EDGE('',*,*,#5944,.T.);
#8529=ORIENTED_EDGE('',*,*,#5941,.T.);
#8530=ORIENTED_EDGE('',*,*,#5899,.T.);
#8531=ORIENTED_EDGE('',*,*,#5903,.T.);
#8532=ORIENTED_EDGE('',*,*,#5906,.T.);
#8533=ORIENTED_EDGE('',*,*,#5909,.T.);
#8534=ORIENTED_EDGE('',*,*,#5912,.T.);
#8535=ORIENTED_EDGE('',*,*,#5915,.T.);
#8536=ORIENTED_EDGE('',*,*,#5918,.T.);
#8537=ORIENTED_EDGE('',*,*,#5921,.T.);
#8538=ORIENTED_EDGE('',*,*,#5966,.T.);
#8539=ORIENTED_EDGE('',*,*,#5521,.T.);
#8540=ORIENTED_EDGE('',*,*,#5967,.T.);
#8541=ORIENTED_EDGE('',*,*,#4934,.F.);
#8542=ORIENTED_EDGE('',*,*,#5966,.F.);
#8543=ORIENTED_EDGE('',*,*,#4933,.T.);
#8544=ORIENTED_EDGE('',*,*,#5968,.T.);
#8545=ORIENTED_EDGE('',*,*,#5522,.T.);
#8546=ORIENTED_EDGE('',*,*,#5969,.T.);
#8547=ORIENTED_EDGE('',*,*,#5523,.T.);
#8548=ORIENTED_EDGE('',*,*,#5968,.F.);
#8549=ORIENTED_EDGE('',*,*,#4932,.F.);
#8550=ORIENTED_EDGE('',*,*,#5969,.F.);
#8551=ORIENTED_EDGE('',*,*,#4931,.T.);
#8552=ORIENTED_EDGE('',*,*,#5970,.T.);
#8553=ORIENTED_EDGE('',*,*,#5524,.T.);
#8554=ORIENTED_EDGE('',*,*,#5971,.T.);
#8555=ORIENTED_EDGE('',*,*,#5525,.T.);
#8556=ORIENTED_EDGE('',*,*,#5970,.F.);
#8557=ORIENTED_EDGE('',*,*,#4930,.F.);
#8558=ORIENTED_EDGE('',*,*,#5971,.F.);
#8559=ORIENTED_EDGE('',*,*,#4929,.T.);
#8560=ORIENTED_EDGE('',*,*,#5972,.T.);
#8561=ORIENTED_EDGE('',*,*,#5526,.T.);
#8562=ORIENTED_EDGE('',*,*,#5973,.T.);
#8563=ORIENTED_EDGE('',*,*,#5527,.T.);
#8564=ORIENTED_EDGE('',*,*,#5972,.F.);
#8565=ORIENTED_EDGE('',*,*,#4936,.F.);
#8566=ORIENTED_EDGE('',*,*,#5973,.F.);
#8567=ORIENTED_EDGE('',*,*,#4935,.T.);
#8568=ORIENTED_EDGE('',*,*,#5967,.F.);
#8569=ORIENTED_EDGE('',*,*,#5528,.T.);
#8570=ORIENTED_EDGE('',*,*,#5939,.T.);
#8571=ORIENTED_EDGE('',*,*,#5943,.T.);
#8572=ORIENTED_EDGE('',*,*,#5946,.T.);
#8573=ORIENTED_EDGE('',*,*,#5314,.T.);
#8574=ORIENTED_EDGE('',*,*,#5318,.T.);
#8575=ORIENTED_EDGE('',*,*,#5321,.T.);
#8576=ORIENTED_EDGE('',*,*,#5324,.T.);
#8577=ORIENTED_EDGE('',*,*,#5327,.T.);
#8578=ORIENTED_EDGE('',*,*,#5015,.T.);
#8579=ORIENTED_EDGE('',*,*,#5974,.T.);
#8580=ORIENTED_EDGE('',*,*,#5636,.F.);
#8581=ORIENTED_EDGE('',*,*,#5975,.F.);
#8582=ORIENTED_EDGE('',*,*,#5016,.T.);
#8583=ORIENTED_EDGE('',*,*,#5975,.T.);
#8584=ORIENTED_EDGE('',*,*,#5635,.F.);
#8585=ORIENTED_EDGE('',*,*,#5976,.F.);
#8586=ORIENTED_EDGE('',*,*,#5017,.T.);
#8587=ORIENTED_EDGE('',*,*,#5976,.T.);
#8588=ORIENTED_EDGE('',*,*,#5634,.F.);
#8589=ORIENTED_EDGE('',*,*,#5977,.F.);
#8590=ORIENTED_EDGE('',*,*,#5018,.T.);
#8591=ORIENTED_EDGE('',*,*,#5977,.T.);
#8592=ORIENTED_EDGE('',*,*,#5633,.F.);
#8593=ORIENTED_EDGE('',*,*,#5978,.F.);
#8594=ORIENTED_EDGE('',*,*,#5019,.T.);
#8595=ORIENTED_EDGE('',*,*,#5978,.T.);
#8596=ORIENTED_EDGE('',*,*,#5632,.F.);
#8597=ORIENTED_EDGE('',*,*,#5979,.F.);
#8598=ORIENTED_EDGE('',*,*,#5020,.T.);
#8599=ORIENTED_EDGE('',*,*,#5979,.T.);
#8600=ORIENTED_EDGE('',*,*,#5631,.F.);
#8601=ORIENTED_EDGE('',*,*,#5980,.F.);
#8602=ORIENTED_EDGE('',*,*,#5021,.T.);
#8603=ORIENTED_EDGE('',*,*,#5980,.T.);
#8604=ORIENTED_EDGE('',*,*,#5630,.F.);
#8605=ORIENTED_EDGE('',*,*,#5981,.F.);
#8606=ORIENTED_EDGE('',*,*,#5014,.T.);
#8607=ORIENTED_EDGE('',*,*,#5981,.T.);
#8608=ORIENTED_EDGE('',*,*,#5629,.F.);
#8609=ORIENTED_EDGE('',*,*,#5974,.F.);
#8610=ORIENTED_EDGE('',*,*,#5023,.T.);
#8611=ORIENTED_EDGE('',*,*,#5982,.T.);
#8612=ORIENTED_EDGE('',*,*,#5628,.F.);
#8613=ORIENTED_EDGE('',*,*,#5983,.F.);
#8614=ORIENTED_EDGE('',*,*,#5024,.T.);
#8615=ORIENTED_EDGE('',*,*,#5983,.T.);
#8616=ORIENTED_EDGE('',*,*,#5627,.F.);
#8617=ORIENTED_EDGE('',*,*,#5984,.F.);
#8618=ORIENTED_EDGE('',*,*,#5025,.T.);
#8619=ORIENTED_EDGE('',*,*,#5984,.T.);
#8620=ORIENTED_EDGE('',*,*,#5626,.F.);
#8621=ORIENTED_EDGE('',*,*,#5985,.F.);
#8622=ORIENTED_EDGE('',*,*,#5026,.T.);
#8623=ORIENTED_EDGE('',*,*,#5985,.T.);
#8624=ORIENTED_EDGE('',*,*,#5625,.F.);
#8625=ORIENTED_EDGE('',*,*,#5986,.F.);
#8626=ORIENTED_EDGE('',*,*,#5027,.T.);
#8627=ORIENTED_EDGE('',*,*,#5986,.T.);
#8628=ORIENTED_EDGE('',*,*,#5624,.F.);
#8629=ORIENTED_EDGE('',*,*,#5987,.F.);
#8630=ORIENTED_EDGE('',*,*,#5028,.T.);
#8631=ORIENTED_EDGE('',*,*,#5987,.T.);
#8632=ORIENTED_EDGE('',*,*,#5623,.F.);
#8633=ORIENTED_EDGE('',*,*,#5988,.F.);
#8634=ORIENTED_EDGE('',*,*,#5029,.T.);
#8635=ORIENTED_EDGE('',*,*,#5988,.T.);
#8636=ORIENTED_EDGE('',*,*,#5622,.F.);
#8637=ORIENTED_EDGE('',*,*,#5989,.F.);
#8638=ORIENTED_EDGE('',*,*,#5022,.T.);
#8639=ORIENTED_EDGE('',*,*,#5989,.T.);
#8640=ORIENTED_EDGE('',*,*,#5621,.F.);
#8641=ORIENTED_EDGE('',*,*,#5982,.F.);
#8642=ORIENTED_EDGE('',*,*,#5620,.F.);
#8643=ORIENTED_EDGE('',*,*,#5990,.T.);
#8644=ORIENTED_EDGE('',*,*,#5030,.T.);
#8645=ORIENTED_EDGE('',*,*,#5990,.F.);
#8646=ORIENTED_EDGE('',*,*,#5032,.T.);
#8647=ORIENTED_EDGE('',*,*,#5991,.T.);
#8648=ORIENTED_EDGE('',*,*,#5619,.F.);
#8649=ORIENTED_EDGE('',*,*,#5992,.F.);
#8650=ORIENTED_EDGE('',*,*,#5033,.T.);
#8651=ORIENTED_EDGE('',*,*,#5992,.T.);
#8652=ORIENTED_EDGE('',*,*,#5618,.F.);
#8653=ORIENTED_EDGE('',*,*,#5993,.F.);
#8654=ORIENTED_EDGE('',*,*,#5034,.T.);
#8655=ORIENTED_EDGE('',*,*,#5993,.T.);
#8656=ORIENTED_EDGE('',*,*,#5617,.F.);
#8657=ORIENTED_EDGE('',*,*,#5994,.F.);
#8658=ORIENTED_EDGE('',*,*,#5035,.T.);
#8659=ORIENTED_EDGE('',*,*,#5994,.T.);
#8660=ORIENTED_EDGE('',*,*,#5616,.F.);
#8661=ORIENTED_EDGE('',*,*,#5995,.F.);
#8662=ORIENTED_EDGE('',*,*,#5036,.T.);
#8663=ORIENTED_EDGE('',*,*,#5995,.T.);
#8664=ORIENTED_EDGE('',*,*,#5615,.F.);
#8665=ORIENTED_EDGE('',*,*,#5996,.F.);
#8666=ORIENTED_EDGE('',*,*,#5037,.T.);
#8667=ORIENTED_EDGE('',*,*,#5996,.T.);
#8668=ORIENTED_EDGE('',*,*,#5614,.F.);
#8669=ORIENTED_EDGE('',*,*,#5997,.F.);
#8670=ORIENTED_EDGE('',*,*,#5038,.T.);
#8671=ORIENTED_EDGE('',*,*,#5997,.T.);
#8672=ORIENTED_EDGE('',*,*,#5613,.F.);
#8673=ORIENTED_EDGE('',*,*,#5998,.F.);
#8674=ORIENTED_EDGE('',*,*,#5031,.T.);
#8675=ORIENTED_EDGE('',*,*,#5998,.T.);
#8676=ORIENTED_EDGE('',*,*,#5612,.F.);
#8677=ORIENTED_EDGE('',*,*,#5991,.F.);
#8678=ORIENTED_EDGE('',*,*,#5040,.T.);
#8679=ORIENTED_EDGE('',*,*,#5999,.T.);
#8680=ORIENTED_EDGE('',*,*,#5611,.F.);
#8681=ORIENTED_EDGE('',*,*,#6000,.F.);
#8682=ORIENTED_EDGE('',*,*,#5041,.T.);
#8683=ORIENTED_EDGE('',*,*,#6000,.T.);
#8684=ORIENTED_EDGE('',*,*,#5610,.F.);
#8685=ORIENTED_EDGE('',*,*,#6001,.F.);
#8686=ORIENTED_EDGE('',*,*,#5042,.T.);
#8687=ORIENTED_EDGE('',*,*,#6001,.T.);
#8688=ORIENTED_EDGE('',*,*,#5609,.F.);
#8689=ORIENTED_EDGE('',*,*,#6002,.F.);
#8690=ORIENTED_EDGE('',*,*,#5043,.T.);
#8691=ORIENTED_EDGE('',*,*,#6002,.T.);
#8692=ORIENTED_EDGE('',*,*,#5608,.F.);
#8693=ORIENTED_EDGE('',*,*,#6003,.F.);
#8694=ORIENTED_EDGE('',*,*,#5044,.T.);
#8695=ORIENTED_EDGE('',*,*,#6003,.T.);
#8696=ORIENTED_EDGE('',*,*,#5607,.F.);
#8697=ORIENTED_EDGE('',*,*,#6004,.F.);
#8698=ORIENTED_EDGE('',*,*,#5045,.T.);
#8699=ORIENTED_EDGE('',*,*,#6004,.T.);
#8700=ORIENTED_EDGE('',*,*,#5606,.F.);
#8701=ORIENTED_EDGE('',*,*,#6005,.F.);
#8702=ORIENTED_EDGE('',*,*,#5046,.T.);
#8703=ORIENTED_EDGE('',*,*,#6005,.T.);
#8704=ORIENTED_EDGE('',*,*,#5605,.F.);
#8705=ORIENTED_EDGE('',*,*,#6006,.F.);
#8706=ORIENTED_EDGE('',*,*,#5039,.T.);
#8707=ORIENTED_EDGE('',*,*,#6006,.T.);
#8708=ORIENTED_EDGE('',*,*,#5604,.F.);
#8709=ORIENTED_EDGE('',*,*,#5999,.F.);
#8710=ORIENTED_EDGE('',*,*,#5048,.T.);
#8711=ORIENTED_EDGE('',*,*,#6007,.T.);
#8712=ORIENTED_EDGE('',*,*,#5603,.F.);
#8713=ORIENTED_EDGE('',*,*,#6008,.F.);
#8714=ORIENTED_EDGE('',*,*,#5049,.T.);
#8715=ORIENTED_EDGE('',*,*,#6008,.T.);
#8716=ORIENTED_EDGE('',*,*,#5602,.F.);
#8717=ORIENTED_EDGE('',*,*,#6009,.F.);
#8718=ORIENTED_EDGE('',*,*,#5050,.T.);
#8719=ORIENTED_EDGE('',*,*,#6009,.T.);
#8720=ORIENTED_EDGE('',*,*,#5601,.F.);
#8721=ORIENTED_EDGE('',*,*,#6010,.F.);
#8722=ORIENTED_EDGE('',*,*,#5047,.T.);
#8723=ORIENTED_EDGE('',*,*,#6010,.T.);
#8724=ORIENTED_EDGE('',*,*,#5600,.F.);
#8725=ORIENTED_EDGE('',*,*,#6007,.F.);
#8726=ORIENTED_EDGE('',*,*,#5052,.T.);
#8727=ORIENTED_EDGE('',*,*,#6011,.T.);
#8728=ORIENTED_EDGE('',*,*,#5599,.F.);
#8729=ORIENTED_EDGE('',*,*,#6012,.F.);
#8730=ORIENTED_EDGE('',*,*,#5053,.T.);
#8731=ORIENTED_EDGE('',*,*,#6012,.T.);
#8732=ORIENTED_EDGE('',*,*,#5598,.F.);
#8733=ORIENTED_EDGE('',*,*,#6013,.F.);
#8734=ORIENTED_EDGE('',*,*,#5054,.T.);
#8735=ORIENTED_EDGE('',*,*,#6013,.T.);
#8736=ORIENTED_EDGE('',*,*,#5597,.F.);
#8737=ORIENTED_EDGE('',*,*,#6014,.F.);
#8738=ORIENTED_EDGE('',*,*,#5055,.T.);
#8739=ORIENTED_EDGE('',*,*,#6014,.T.);
#8740=ORIENTED_EDGE('',*,*,#5596,.F.);
#8741=ORIENTED_EDGE('',*,*,#6015,.F.);
#8742=ORIENTED_EDGE('',*,*,#5056,.T.);
#8743=ORIENTED_EDGE('',*,*,#6015,.T.);
#8744=ORIENTED_EDGE('',*,*,#5595,.F.);
#8745=ORIENTED_EDGE('',*,*,#6016,.F.);
#8746=ORIENTED_EDGE('',*,*,#5057,.T.);
#8747=ORIENTED_EDGE('',*,*,#6016,.T.);
#8748=ORIENTED_EDGE('',*,*,#5594,.F.);
#8749=ORIENTED_EDGE('',*,*,#6017,.F.);
#8750=ORIENTED_EDGE('',*,*,#5058,.T.);
#8751=ORIENTED_EDGE('',*,*,#6017,.T.);
#8752=ORIENTED_EDGE('',*,*,#5593,.F.);
#8753=ORIENTED_EDGE('',*,*,#6018,.F.);
#8754=ORIENTED_EDGE('',*,*,#5051,.T.);
#8755=ORIENTED_EDGE('',*,*,#6018,.T.);
#8756=ORIENTED_EDGE('',*,*,#5592,.F.);
#8757=ORIENTED_EDGE('',*,*,#6011,.F.);
#8758=ORIENTED_EDGE('',*,*,#5060,.T.);
#8759=ORIENTED_EDGE('',*,*,#6019,.T.);
#8760=ORIENTED_EDGE('',*,*,#5591,.F.);
#8761=ORIENTED_EDGE('',*,*,#6020,.F.);
#8762=ORIENTED_EDGE('',*,*,#5061,.T.);
#8763=ORIENTED_EDGE('',*,*,#6020,.T.);
#8764=ORIENTED_EDGE('',*,*,#5590,.F.);
#8765=ORIENTED_EDGE('',*,*,#6021,.F.);
#8766=ORIENTED_EDGE('',*,*,#5062,.T.);
#8767=ORIENTED_EDGE('',*,*,#6021,.T.);
#8768=ORIENTED_EDGE('',*,*,#5589,.F.);
#8769=ORIENTED_EDGE('',*,*,#6022,.F.);
#8770=ORIENTED_EDGE('',*,*,#5063,.T.);
#8771=ORIENTED_EDGE('',*,*,#6022,.T.);
#8772=ORIENTED_EDGE('',*,*,#5588,.F.);
#8773=ORIENTED_EDGE('',*,*,#6023,.F.);
#8774=ORIENTED_EDGE('',*,*,#5064,.T.);
#8775=ORIENTED_EDGE('',*,*,#6023,.T.);
#8776=ORIENTED_EDGE('',*,*,#5587,.F.);
#8777=ORIENTED_EDGE('',*,*,#6024,.F.);
#8778=ORIENTED_EDGE('',*,*,#5065,.T.);
#8779=ORIENTED_EDGE('',*,*,#6024,.T.);
#8780=ORIENTED_EDGE('',*,*,#5586,.F.);
#8781=ORIENTED_EDGE('',*,*,#6025,.F.);
#8782=ORIENTED_EDGE('',*,*,#5066,.T.);
#8783=ORIENTED_EDGE('',*,*,#6025,.T.);
#8784=ORIENTED_EDGE('',*,*,#5585,.F.);
#8785=ORIENTED_EDGE('',*,*,#6026,.F.);
#8786=ORIENTED_EDGE('',*,*,#5059,.T.);
#8787=ORIENTED_EDGE('',*,*,#6026,.T.);
#8788=ORIENTED_EDGE('',*,*,#5584,.F.);
#8789=ORIENTED_EDGE('',*,*,#6019,.F.);
#8790=ORIENTED_EDGE('',*,*,#5583,.F.);
#8791=ORIENTED_EDGE('',*,*,#6027,.T.);
#8792=ORIENTED_EDGE('',*,*,#5067,.T.);
#8793=ORIENTED_EDGE('',*,*,#6027,.F.);
#8794=ORIENTED_EDGE('',*,*,#5582,.F.);
#8795=ORIENTED_EDGE('',*,*,#6028,.T.);
#8796=ORIENTED_EDGE('',*,*,#5068,.T.);
#8797=ORIENTED_EDGE('',*,*,#6028,.F.);
#8798=ORIENTED_EDGE('',*,*,#5581,.F.);
#8799=ORIENTED_EDGE('',*,*,#6029,.T.);
#8800=ORIENTED_EDGE('',*,*,#5069,.T.);
#8801=ORIENTED_EDGE('',*,*,#6029,.F.);
#8802=PLANE('',#9634);
#8803=PLANE('',#9635);
#8804=PLANE('',#9636);
#8805=PLANE('',#9637);
#8806=PLANE('',#9638);
#8807=PLANE('',#9639);
#8808=PLANE('',#9640);
#8809=PLANE('',#9641);
#8810=PLANE('',#9642);
#8811=PLANE('',#9643);
#8812=PLANE('',#9644);
#8813=PLANE('',#9645);
#8814=PLANE('',#9646);
#8815=PLANE('',#9647);
#8816=PLANE('',#9648);
#8817=PLANE('',#9649);
#8818=PLANE('',#9650);
#8819=PLANE('',#9651);
#8820=PLANE('',#9652);
#8821=PLANE('',#9653);
#8822=PLANE('',#9654);
#8823=PLANE('',#9655);
#8824=PLANE('',#9656);
#8825=PLANE('',#9657);
#8826=PLANE('',#9658);
#8827=PLANE('',#9659);
#8828=PLANE('',#9692);
#8829=PLANE('',#9693);
#8830=PLANE('',#9694);
#8831=PLANE('',#9695);
#8832=PLANE('',#9696);
#8833=PLANE('',#9697);
#8834=PLANE('',#9698);
#8835=PLANE('',#9699);
#8836=PLANE('',#9700);
#8837=PLANE('',#9701);
#8838=PLANE('',#9702);
#8839=PLANE('',#9703);
#8840=PLANE('',#9704);
#8841=PLANE('',#9705);
#8842=PLANE('',#9706);
#8843=PLANE('',#9707);
#8844=PLANE('',#9708);
#8845=PLANE('',#9709);
#8846=PLANE('',#9710);
#8847=PLANE('',#9711);
#8848=PLANE('',#9712);
#8849=PLANE('',#9713);
#8850=PLANE('',#9714);
#8851=PLANE('',#9715);
#8852=PLANE('',#9716);
#8853=PLANE('',#9717);
#8854=PLANE('',#9718);
#8855=PLANE('',#9719);
#8856=PLANE('',#9720);
#8857=PLANE('',#9721);
#8858=PLANE('',#9722);
#8859=PLANE('',#9723);
#8860=PLANE('',#9724);
#8861=PLANE('',#9725);
#8862=PLANE('',#9726);
#8863=PLANE('',#9727);
#8864=PLANE('',#9728);
#8865=PLANE('',#9729);
#8866=PLANE('',#9730);
#8867=PLANE('',#9731);
#8868=PLANE('',#9732);
#8869=PLANE('',#9733);
#8870=PLANE('',#9734);
#8871=PLANE('',#9735);
#8872=PLANE('',#9736);
#8873=PLANE('',#9737);
#8874=PLANE('',#9738);
#8875=PLANE('',#9739);
#8876=PLANE('',#9740);
#8877=PLANE('',#9741);
#8878=PLANE('',#9742);
#8879=PLANE('',#9743);
#8880=PLANE('',#9744);
#8881=PLANE('',#9745);
#8882=PLANE('',#9746);
#8883=PLANE('',#9747);
#8884=PLANE('',#9748);
#8885=PLANE('',#9749);
#8886=PLANE('',#9750);
#8887=PLANE('',#9751);
#8888=PLANE('',#9752);
#8889=PLANE('',#9753);
#8890=PLANE('',#9754);
#8891=PLANE('',#9755);
#8892=PLANE('',#9756);
#8893=PLANE('',#9757);
#8894=PLANE('',#9758);
#8895=PLANE('',#9759);
#8896=PLANE('',#9760);
#8897=PLANE('',#9761);
#8898=PLANE('',#9762);
#8899=PLANE('',#9763);
#8900=PLANE('',#9764);
#8901=PLANE('',#9765);
#8902=PLANE('',#9766);
#8903=PLANE('',#9767);
#8904=PLANE('',#9768);
#8905=PLANE('',#9769);
#8906=PLANE('',#9770);
#8907=PLANE('',#9771);
#8908=PLANE('',#9772);
#8909=PLANE('',#9773);
#8910=PLANE('',#9774);
#8911=PLANE('',#9775);
#8912=PLANE('',#9776);
#8913=PLANE('',#9777);
#8914=PLANE('',#9778);
#8915=PLANE('',#9779);
#8916=PLANE('',#9780);
#8917=PLANE('',#9781);
#8918=PLANE('',#9782);
#8919=PLANE('',#9783);
#8920=PLANE('',#9784);
#8921=PLANE('',#9785);
#8922=PLANE('',#9786);
#8923=PLANE('',#9787);
#8924=PLANE('',#9788);
#8925=PLANE('',#9789);
#8926=PLANE('',#9790);
#8927=PLANE('',#9791);
#8928=PLANE('',#9792);
#8929=PLANE('',#9793);
#8930=PLANE('',#9794);
#8931=PLANE('',#9795);
#8932=PLANE('',#9796);
#8933=PLANE('',#9797);
#8934=PLANE('',#9798);
#8935=PLANE('',#9799);
#8936=PLANE('',#9800);
#8937=PLANE('',#9801);
#8938=PLANE('',#9802);
#8939=PLANE('',#9803);
#8940=PLANE('',#9804);
#8941=PLANE('',#9805);
#8942=PLANE('',#9806);
#8943=PLANE('',#9807);
#8944=PLANE('',#9808);
#8945=PLANE('',#9809);
#8946=PLANE('',#9810);
#8947=PLANE('',#9811);
#8948=PLANE('',#9812);
#8949=PLANE('',#9813);
#8950=PLANE('',#9814);
#8951=PLANE('',#9815);
#8952=PLANE('',#9816);
#8953=PLANE('',#9817);
#8954=PLANE('',#9818);
#8955=PLANE('',#9819);
#8956=PLANE('',#9820);
#8957=PLANE('',#9821);
#8958=PLANE('',#9822);
#8959=PLANE('',#9823);
#8960=PLANE('',#9824);
#8961=PLANE('',#9825);
#8962=PLANE('',#9826);
#8963=PLANE('',#9827);
#8964=PLANE('',#9828);
#8965=PLANE('',#9829);
#8966=PLANE('',#9830);
#8967=PLANE('',#9831);
#8968=PLANE('',#9832);
#8969=PLANE('',#9833);
#8970=PLANE('',#9834);
#8971=PLANE('',#9835);
#8972=PLANE('',#9836);
#8973=PLANE('',#9837);
#8974=PLANE('',#9838);
#8975=PLANE('',#9839);
#8976=PLANE('',#9840);
#8977=PLANE('',#9873);
#8978=PLANE('',#9874);
#8979=PLANE('',#9875);
#8980=PLANE('',#9876);
#8981=PLANE('',#9877);
#8982=PLANE('',#9878);
#8983=PLANE('',#9879);
#8984=PLANE('',#9880);
#8985=PLANE('',#9881);
#8986=PLANE('',#9882);
#8987=PLANE('',#9883);
#8988=PLANE('',#9884);
#8989=PLANE('',#9885);
#8990=PLANE('',#9886);
#8991=PLANE('',#9887);
#8992=PLANE('',#9888);
#8993=PLANE('',#9889);
#8994=PLANE('',#9890);
#8995=PLANE('',#9891);
#8996=PLANE('',#9892);
#8997=PLANE('',#9893);
#8998=PLANE('',#9894);
#8999=PLANE('',#9895);
#9000=PLANE('',#9896);
#9001=PLANE('',#9897);
#9002=PLANE('',#9898);
#9003=PLANE('',#9899);
#9004=PLANE('',#9900);
#9005=PLANE('',#9901);
#9006=PLANE('',#9902);
#9007=PLANE('',#9903);
#9008=PLANE('',#9904);
#9009=PLANE('',#9905);
#9010=PLANE('',#9906);
#9011=PLANE('',#9907);
#9012=PLANE('',#9908);
#9013=PLANE('',#9909);
#9014=PLANE('',#9910);
#9015=PLANE('',#9911);
#9016=PLANE('',#9912);
#9017=PLANE('',#9913);
#9018=PLANE('',#9914);
#9019=PLANE('',#9915);
#9020=PLANE('',#9916);
#9021=PLANE('',#9917);
#9022=PLANE('',#9918);
#9023=PLANE('',#9919);
#9024=PLANE('',#9920);
#9025=PLANE('',#9921);
#9026=PLANE('',#9922);
#9027=PLANE('',#9923);
#9028=PLANE('',#9924);
#9029=PLANE('',#9925);
#9030=PLANE('',#9926);
#9031=PLANE('',#9927);
#9032=PLANE('',#9928);
#9033=PLANE('',#9929);
#9034=PLANE('',#9930);
#9035=PLANE('',#9931);
#9036=PLANE('',#9932);
#9037=PLANE('',#9933);
#9038=PLANE('',#9934);
#9039=PLANE('',#9935);
#9040=PLANE('',#9936);
#9041=PLANE('',#9937);
#9042=PLANE('',#9938);
#9043=PLANE('',#9939);
#9044=PLANE('',#9940);
#9045=PLANE('',#9941);
#9046=PLANE('',#9942);
#9047=PLANE('',#9943);
#9048=PLANE('',#9944);
#9049=PLANE('',#9945);
#9050=PLANE('',#9946);
#9051=PLANE('',#9947);
#9052=PLANE('',#9948);
#9053=PLANE('',#9949);
#9054=PLANE('',#9950);
#9055=PLANE('',#9951);
#9056=PLANE('',#9952);
#9057=PLANE('',#9953);
#9058=PLANE('',#9954);
#9059=PLANE('',#9955);
#9060=PLANE('',#9956);
#9061=PLANE('',#9957);
#9062=PLANE('',#9958);
#9063=PLANE('',#9959);
#9064=PLANE('',#9960);
#9065=PLANE('',#9961);
#9066=PLANE('',#9962);
#9067=PLANE('',#9963);
#9068=PLANE('',#9964);
#9069=PLANE('',#9965);
#9070=PLANE('',#9966);
#9071=PLANE('',#9967);
#9072=PLANE('',#9968);
#9073=PLANE('',#9969);
#9074=PLANE('',#9970);
#9075=PLANE('',#9971);
#9076=PLANE('',#9972);
#9077=PLANE('',#9973);
#9078=PLANE('',#9974);
#9079=PLANE('',#9975);
#9080=PLANE('',#9976);
#9081=PLANE('',#9977);
#9082=PLANE('',#9978);
#9083=PLANE('',#9979);
#9084=PLANE('',#9980);
#9085=PLANE('',#9981);
#9086=PLANE('',#9982);
#9087=PLANE('',#9984);
#9088=PLANE('',#9986);
#9089=PLANE('',#9988);
#9090=PLANE('',#9990);
#9091=PLANE('',#9991);
#9092=PLANE('',#9992);
#9093=PLANE('',#9994);
#9094=PLANE('',#9996);
#9095=PLANE('',#9998);
#9096=PLANE('',#10000);
#9097=PLANE('',#10002);
#9098=PLANE('',#10004);
#9099=PLANE('',#10006);
#9100=PLANE('',#10009);
#9101=PLANE('',#10011);
#9102=PLANE('',#10013);
#9103=PLANE('',#10015);
#9104=PLANE('',#10017);
#9105=PLANE('',#10019);
#9106=PLANE('',#10021);
#9107=PLANE('',#10023);
#9108=PLANE('',#10025);
#9109=PLANE('',#10026);
#9110=PLANE('',#10027);
#9111=PLANE('',#10028);
#9112=PLANE('',#10029);
#9113=PLANE('',#10031);
#9114=PLANE('',#10033);
#9115=PLANE('',#10035);
#9116=PLANE('',#10037);
#9117=PLANE('',#10039);
#9118=PLANE('',#10041);
#9119=PLANE('',#10043);
#9120=ADVANCED_FACE('',(#620),#8802,.T.);
#9121=ADVANCED_FACE('',(#621),#8803,.T.);
#9122=ADVANCED_FACE('',(#622),#8804,.T.);
#9123=ADVANCED_FACE('',(#623),#470,.T.);
#9124=ADVANCED_FACE('',(#624),#471,.T.);
#9125=ADVANCED_FACE('',(#625),#8805,.T.);
#9126=ADVANCED_FACE('',(#626),#8806,.T.);
#9127=ADVANCED_FACE('',(#627),#8807,.T.);
#9128=ADVANCED_FACE('',(#628),#8808,.T.);
#9129=ADVANCED_FACE('',(#629),#8809,.T.);
#9130=ADVANCED_FACE('',(#630),#8810,.T.);
#9131=ADVANCED_FACE('',(#631),#472,.T.);
#9132=ADVANCED_FACE('',(#632),#473,.T.);
#9133=ADVANCED_FACE('',(#633),#474,.T.);
#9134=ADVANCED_FACE('',(#634),#475,.T.);
#9135=ADVANCED_FACE('',(#635),#476,.T.);
#9136=ADVANCED_FACE('',(#636),#477,.T.);
#9137=ADVANCED_FACE('',(#637),#478,.T.);
#9138=ADVANCED_FACE('',(#638),#479,.T.);
#9139=ADVANCED_FACE('',(#639),#480,.T.);
#9140=ADVANCED_FACE('',(#640),#481,.T.);
#9141=ADVANCED_FACE('',(#641),#482,.T.);
#9142=ADVANCED_FACE('',(#642),#483,.T.);
#9143=ADVANCED_FACE('',(#643),#484,.T.);
#9144=ADVANCED_FACE('',(#644),#485,.T.);
#9145=ADVANCED_FACE('',(#645),#486,.T.);
#9146=ADVANCED_FACE('',(#646),#487,.T.);
#9147=ADVANCED_FACE('',(#647),#488,.T.);
#9148=ADVANCED_FACE('',(#648),#489,.T.);
#9149=ADVANCED_FACE('',(#649),#8811,.T.);
#9150=ADVANCED_FACE('',(#650),#490,.T.);
#9151=ADVANCED_FACE('',(#651),#491,.T.);
#9152=ADVANCED_FACE('',(#652),#492,.T.);
#9153=ADVANCED_FACE('',(#653),#493,.T.);
#9154=ADVANCED_FACE('',(#654),#494,.T.);
#9155=ADVANCED_FACE('',(#655),#495,.T.);
#9156=ADVANCED_FACE('',(#656),#496,.T.);
#9157=ADVANCED_FACE('',(#657),#497,.T.);
#9158=ADVANCED_FACE('',(#658),#498,.T.);
#9159=ADVANCED_FACE('',(#659),#499,.T.);
#9160=ADVANCED_FACE('',(#660),#500,.T.);
#9161=ADVANCED_FACE('',(#661),#501,.T.);
#9162=ADVANCED_FACE('',(#662),#502,.T.);
#9163=ADVANCED_FACE('',(#663),#503,.T.);
#9164=ADVANCED_FACE('',(#664),#504,.T.);
#9165=ADVANCED_FACE('',(#665),#8812,.T.);
#9166=ADVANCED_FACE('',(#666),#8813,.T.);
#9167=ADVANCED_FACE('',(#667),#8814,.T.);
#9168=ADVANCED_FACE('',(#668),#8815,.T.);
#9169=ADVANCED_FACE('',(#669),#505,.T.);
#9170=ADVANCED_FACE('',(#670),#506,.T.);
#9171=ADVANCED_FACE('',(#671),#507,.T.);
#9172=ADVANCED_FACE('',(#672),#508,.T.);
#9173=ADVANCED_FACE('',(#673),#509,.T.);
#9174=ADVANCED_FACE('',(#674),#510,.T.);
#9175=ADVANCED_FACE('',(#675),#511,.T.);
#9176=ADVANCED_FACE('',(#676),#512,.T.);
#9177=ADVANCED_FACE('',(#677),#513,.T.);
#9178=ADVANCED_FACE('',(#678),#514,.T.);
#9179=ADVANCED_FACE('',(#679),#515,.T.);
#9180=ADVANCED_FACE('',(#680),#8816,.T.);
#9181=ADVANCED_FACE('',(#681),#516,.T.);
#9182=ADVANCED_FACE('',(#682),#517,.T.);
#9183=ADVANCED_FACE('',(#683),#518,.T.);
#9184=ADVANCED_FACE('',(#684),#519,.T.);
#9185=ADVANCED_FACE('',(#685),#520,.T.);
#9186=ADVANCED_FACE('',(#686),#521,.T.);
#9187=ADVANCED_FACE('',(#687),#522,.T.);
#9188=ADVANCED_FACE('',(#688),#523,.T.);
#9189=ADVANCED_FACE('',(#689),#524,.T.);
#9190=ADVANCED_FACE('',(#690),#525,.T.);
#9191=ADVANCED_FACE('',(#691),#526,.T.);
#9192=ADVANCED_FACE('',(#692),#527,.T.);
#9193=ADVANCED_FACE('',(#693),#8817,.T.);
#9194=ADVANCED_FACE('',(#694),#8818,.T.);
#9195=ADVANCED_FACE('',(#695),#8819,.T.);
#9196=ADVANCED_FACE('',(#696),#8820,.T.);
#9197=ADVANCED_FACE('',(#697),#528,.T.);
#9198=ADVANCED_FACE('',(#698),#529,.T.);
#9199=ADVANCED_FACE('',(#699),#530,.T.);
#9200=ADVANCED_FACE('',(#700),#531,.T.);
#9201=ADVANCED_FACE('',(#701),#532,.T.);
#9202=ADVANCED_FACE('',(#702),#533,.T.);
#9203=ADVANCED_FACE('',(#703),#534,.T.);
#9204=ADVANCED_FACE('',(#704),#8821,.T.);
#9205=ADVANCED_FACE('',(#705),#8822,.T.);
#9206=ADVANCED_FACE('',(#706),#8823,.T.);
#9207=ADVANCED_FACE('',(#707),#8824,.T.);
#9208=ADVANCED_FACE('',(#708),#535,.T.);
#9209=ADVANCED_FACE('',(#709),#536,.T.);
#9210=ADVANCED_FACE('',(#710),#537,.T.);
#9211=ADVANCED_FACE('',(#711),#538,.T.);
#9212=ADVANCED_FACE('',(#712),#539,.T.);
#9213=ADVANCED_FACE('',(#713),#540,.T.);
#9214=ADVANCED_FACE('',(#714),#541,.T.);
#9215=ADVANCED_FACE('',(#715),#542,.T.);
#9216=ADVANCED_FACE('',(#716),#543,.T.);
#9217=ADVANCED_FACE('',(#717),#8825,.T.);
#9218=ADVANCED_FACE('',(#718,#111),#8826,.T.);
#9219=ADVANCED_FACE('',(#719,#112,#113,#114,#115,#116,#117,#118,#119,#120,
#121,#122,#123,#124,#125,#126,#127,#128,#129,#130,#131,#132,#133,#134,#135),
#8827,.F.);
#9220=ADVANCED_FACE('',(#720),#8828,.T.);
#9221=ADVANCED_FACE('',(#721),#8829,.T.);
#9222=ADVANCED_FACE('',(#722),#544,.T.);
#9223=ADVANCED_FACE('',(#723),#545,.T.);
#9224=ADVANCED_FACE('',(#724),#8830,.T.);
#9225=ADVANCED_FACE('',(#725),#8831,.T.);
#9226=ADVANCED_FACE('',(#726),#8832,.T.);
#9227=ADVANCED_FACE('',(#727),#8833,.T.);
#9228=ADVANCED_FACE('',(#728),#8834,.T.);
#9229=ADVANCED_FACE('',(#729),#8835,.T.);
#9230=ADVANCED_FACE('',(#730),#8836,.T.);
#9231=ADVANCED_FACE('',(#731),#8837,.T.);
#9232=ADVANCED_FACE('',(#732),#8838,.T.);
#9233=ADVANCED_FACE('',(#733,#136),#8839,.T.);
#9234=ADVANCED_FACE('',(#734),#8840,.F.);
#9235=ADVANCED_FACE('',(#735),#8841,.T.);
#9236=ADVANCED_FACE('',(#736),#8842,.T.);
#9237=ADVANCED_FACE('',(#737),#8843,.T.);
#9238=ADVANCED_FACE('',(#738),#8844,.T.);
#9239=ADVANCED_FACE('',(#739),#8845,.T.);
#9240=ADVANCED_FACE('',(#740),#8846,.T.);
#9241=ADVANCED_FACE('',(#741),#8847,.T.);
#9242=ADVANCED_FACE('',(#742),#8848,.T.);
#9243=ADVANCED_FACE('',(#743),#8849,.T.);
#9244=ADVANCED_FACE('',(#744),#8850,.T.);
#9245=ADVANCED_FACE('',(#745),#8851,.T.);
#9246=ADVANCED_FACE('',(#746),#8852,.T.);
#9247=ADVANCED_FACE('',(#747),#8853,.T.);
#9248=ADVANCED_FACE('',(#748),#8854,.T.);
#9249=ADVANCED_FACE('',(#749),#8855,.T.);
#9250=ADVANCED_FACE('',(#750),#546,.T.);
#9251=ADVANCED_FACE('',(#751),#547,.T.);
#9252=ADVANCED_FACE('',(#752),#8856,.T.);
#9253=ADVANCED_FACE('',(#753),#8857,.T.);
#9254=ADVANCED_FACE('',(#754),#8858,.T.);
#9255=ADVANCED_FACE('',(#755),#8859,.T.);
#9256=ADVANCED_FACE('',(#756),#8860,.T.);
#9257=ADVANCED_FACE('',(#757),#8861,.T.);
#9258=ADVANCED_FACE('',(#758),#8862,.T.);
#9259=ADVANCED_FACE('',(#759),#8863,.T.);
#9260=ADVANCED_FACE('',(#760),#8864,.T.);
#9261=ADVANCED_FACE('',(#761,#137),#8865,.T.);
#9262=ADVANCED_FACE('',(#762),#8866,.F.);
#9263=ADVANCED_FACE('',(#763),#8867,.T.);
#9264=ADVANCED_FACE('',(#764),#548,.T.);
#9265=ADVANCED_FACE('',(#765),#549,.T.);
#9266=ADVANCED_FACE('',(#766),#550,.T.);
#9267=ADVANCED_FACE('',(#767),#551,.T.);
#9268=ADVANCED_FACE('',(#768),#552,.T.);
#9269=ADVANCED_FACE('',(#769),#8868,.T.);
#9270=ADVANCED_FACE('',(#770),#8869,.T.);
#9271=ADVANCED_FACE('',(#771),#8870,.T.);
#9272=ADVANCED_FACE('',(#772),#8871,.T.);
#9273=ADVANCED_FACE('',(#773),#553,.T.);
#9274=ADVANCED_FACE('',(#774),#554,.T.);
#9275=ADVANCED_FACE('',(#775),#555,.T.);
#9276=ADVANCED_FACE('',(#776),#556,.T.);
#9277=ADVANCED_FACE('',(#777),#557,.T.);
#9278=ADVANCED_FACE('',(#778),#558,.T.);
#9279=ADVANCED_FACE('',(#779),#8872,.T.);
#9280=ADVANCED_FACE('',(#780),#8873,.T.);
#9281=ADVANCED_FACE('',(#781),#8874,.T.);
#9282=ADVANCED_FACE('',(#782,#138),#8875,.T.);
#9283=ADVANCED_FACE('',(#783),#8876,.F.);
#9284=ADVANCED_FACE('',(#784),#8877,.T.);
#9285=ADVANCED_FACE('',(#785),#559,.T.);
#9286=ADVANCED_FACE('',(#786),#560,.T.);
#9287=ADVANCED_FACE('',(#787),#561,.T.);
#9288=ADVANCED_FACE('',(#788),#562,.T.);
#9289=ADVANCED_FACE('',(#789),#563,.T.);
#9290=ADVANCED_FACE('',(#790),#564,.T.);
#9291=ADVANCED_FACE('',(#791),#565,.T.);
#9292=ADVANCED_FACE('',(#792),#566,.T.);
#9293=ADVANCED_FACE('',(#793),#567,.T.);
#9294=ADVANCED_FACE('',(#794),#568,.T.);
#9295=ADVANCED_FACE('',(#795),#8878,.T.);
#9296=ADVANCED_FACE('',(#796),#569,.T.);
#9297=ADVANCED_FACE('',(#797),#570,.T.);
#9298=ADVANCED_FACE('',(#798),#571,.T.);
#9299=ADVANCED_FACE('',(#799),#572,.T.);
#9300=ADVANCED_FACE('',(#800),#573,.T.);
#9301=ADVANCED_FACE('',(#801),#574,.T.);
#9302=ADVANCED_FACE('',(#802),#575,.T.);
#9303=ADVANCED_FACE('',(#803),#576,.T.);
#9304=ADVANCED_FACE('',(#804),#577,.T.);
#9305=ADVANCED_FACE('',(#805),#578,.T.);
#9306=ADVANCED_FACE('',(#806),#8879,.T.);
#9307=ADVANCED_FACE('',(#807),#8880,.T.);
#9308=ADVANCED_FACE('',(#808),#8881,.T.);
#9309=ADVANCED_FACE('',(#809),#8882,.T.);
#9310=ADVANCED_FACE('',(#810),#8883,.T.);
#9311=ADVANCED_FACE('',(#811),#8884,.T.);
#9312=ADVANCED_FACE('',(#812),#8885,.T.);
#9313=ADVANCED_FACE('',(#813),#8886,.T.);
#9314=ADVANCED_FACE('',(#814),#8887,.T.);
#9315=ADVANCED_FACE('',(#815),#8888,.T.);
#9316=ADVANCED_FACE('',(#816),#8889,.T.);
#9317=ADVANCED_FACE('',(#817),#8890,.T.);
#9318=ADVANCED_FACE('',(#818),#8891,.T.);
#9319=ADVANCED_FACE('',(#819),#8892,.T.);
#9320=ADVANCED_FACE('',(#820),#8893,.T.);
#9321=ADVANCED_FACE('',(#821),#8894,.T.);
#9322=ADVANCED_FACE('',(#822),#8895,.T.);
#9323=ADVANCED_FACE('',(#823),#8896,.T.);
#9324=ADVANCED_FACE('',(#824),#8897,.T.);
#9325=ADVANCED_FACE('',(#825),#8898,.T.);
#9326=ADVANCED_FACE('',(#826),#8899,.T.);
#9327=ADVANCED_FACE('',(#827),#8900,.T.);
#9328=ADVANCED_FACE('',(#828),#8901,.T.);
#9329=ADVANCED_FACE('',(#829),#8902,.T.);
#9330=ADVANCED_FACE('',(#830),#8903,.T.);
#9331=ADVANCED_FACE('',(#831),#8904,.T.);
#9332=ADVANCED_FACE('',(#832),#8905,.T.);
#9333=ADVANCED_FACE('',(#833),#8906,.T.);
#9334=ADVANCED_FACE('',(#834),#8907,.T.);
#9335=ADVANCED_FACE('',(#835),#579,.T.);
#9336=ADVANCED_FACE('',(#836),#580,.T.);
#9337=ADVANCED_FACE('',(#837),#8908,.T.);
#9338=ADVANCED_FACE('',(#838),#8909,.T.);
#9339=ADVANCED_FACE('',(#839),#8910,.T.);
#9340=ADVANCED_FACE('',(#840),#8911,.T.);
#9341=ADVANCED_FACE('',(#841),#8912,.T.);
#9342=ADVANCED_FACE('',(#842),#8913,.T.);
#9343=ADVANCED_FACE('',(#843),#8914,.T.);
#9344=ADVANCED_FACE('',(#844),#8915,.T.);
#9345=ADVANCED_FACE('',(#845),#8916,.T.);
#9346=ADVANCED_FACE('',(#846,#139),#8917,.T.);
#9347=ADVANCED_FACE('',(#847),#8918,.F.);
#9348=ADVANCED_FACE('',(#848),#8919,.T.);
#9349=ADVANCED_FACE('',(#849),#8920,.T.);
#9350=ADVANCED_FACE('',(#850),#8921,.T.);
#9351=ADVANCED_FACE('',(#851),#8922,.T.);
#9352=ADVANCED_FACE('',(#852),#8923,.T.);
#9353=ADVANCED_FACE('',(#853),#8924,.T.);
#9354=ADVANCED_FACE('',(#854),#8925,.T.);
#9355=ADVANCED_FACE('',(#855),#8926,.T.);
#9356=ADVANCED_FACE('',(#856),#8927,.T.);
#9357=ADVANCED_FACE('',(#857),#8928,.T.);
#9358=ADVANCED_FACE('',(#858),#8929,.T.);
#9359=ADVANCED_FACE('',(#859),#8930,.T.);
#9360=ADVANCED_FACE('',(#860),#8931,.T.);
#9361=ADVANCED_FACE('',(#861),#8932,.T.);
#9362=ADVANCED_FACE('',(#862),#8933,.T.);
#9363=ADVANCED_FACE('',(#863),#8934,.T.);
#9364=ADVANCED_FACE('',(#864),#8935,.T.);
#9365=ADVANCED_FACE('',(#865),#8936,.T.);
#9366=ADVANCED_FACE('',(#866),#581,.T.);
#9367=ADVANCED_FACE('',(#867),#582,.T.);
#9368=ADVANCED_FACE('',(#868),#8937,.T.);
#9369=ADVANCED_FACE('',(#869),#583,.T.);
#9370=ADVANCED_FACE('',(#870),#584,.T.);
#9371=ADVANCED_FACE('',(#871),#8938,.T.);
#9372=ADVANCED_FACE('',(#872),#585,.T.);
#9373=ADVANCED_FACE('',(#873),#586,.T.);
#9374=ADVANCED_FACE('',(#874),#8939,.T.);
#9375=ADVANCED_FACE('',(#875),#587,.T.);
#9376=ADVANCED_FACE('',(#876),#588,.T.);
#9377=ADVANCED_FACE('',(#877),#8940,.T.);
#9378=ADVANCED_FACE('',(#878),#8941,.T.);
#9379=ADVANCED_FACE('',(#879),#8942,.T.);
#9380=ADVANCED_FACE('',(#880),#8943,.T.);
#9381=ADVANCED_FACE('',(#881),#8944,.T.);
#9382=ADVANCED_FACE('',(#882),#8945,.T.);
#9383=ADVANCED_FACE('',(#883),#8946,.T.);
#9384=ADVANCED_FACE('',(#884),#8947,.T.);
#9385=ADVANCED_FACE('',(#885),#8948,.T.);
#9386=ADVANCED_FACE('',(#886),#8949,.T.);
#9387=ADVANCED_FACE('',(#887),#8950,.T.);
#9388=ADVANCED_FACE('',(#888),#8951,.T.);
#9389=ADVANCED_FACE('',(#889),#8952,.T.);
#9390=ADVANCED_FACE('',(#890),#8953,.T.);
#9391=ADVANCED_FACE('',(#891),#8954,.T.);
#9392=ADVANCED_FACE('',(#892),#8955,.T.);
#9393=ADVANCED_FACE('',(#893),#8956,.T.);
#9394=ADVANCED_FACE('',(#894),#8957,.T.);
#9395=ADVANCED_FACE('',(#895),#8958,.T.);
#9396=ADVANCED_FACE('',(#896),#8959,.T.);
#9397=ADVANCED_FACE('',(#897),#8960,.T.);
#9398=ADVANCED_FACE('',(#898),#8961,.T.);
#9399=ADVANCED_FACE('',(#899),#8962,.T.);
#9400=ADVANCED_FACE('',(#900),#8963,.T.);
#9401=ADVANCED_FACE('',(#901),#8964,.T.);
#9402=ADVANCED_FACE('',(#902),#8965,.T.);
#9403=ADVANCED_FACE('',(#903),#8966,.T.);
#9404=ADVANCED_FACE('',(#904),#8967,.T.);
#9405=ADVANCED_FACE('',(#905),#8968,.T.);
#9406=ADVANCED_FACE('',(#906),#8969,.T.);
#9407=ADVANCED_FACE('',(#907),#8970,.T.);
#9408=ADVANCED_FACE('',(#908),#8971,.T.);
#9409=ADVANCED_FACE('',(#909),#8972,.T.);
#9410=ADVANCED_FACE('',(#910),#8973,.T.);
#9411=ADVANCED_FACE('',(#911),#8974,.T.);
#9412=ADVANCED_FACE('',(#912,#140),#8975,.T.);
#9413=ADVANCED_FACE('',(#913,#141,#142,#143,#144,#145,#146,#147,#148,#149,
#150,#151,#152,#153,#154,#155,#156,#157,#158,#159,#160,#161,#162,#163,#164),
#8976,.T.);
#9414=ADVANCED_FACE('',(#914),#8977,.T.);
#9415=ADVANCED_FACE('',(#915),#8978,.T.);
#9416=ADVANCED_FACE('',(#916),#8979,.T.);
#9417=ADVANCED_FACE('',(#917),#8980,.T.);
#9418=ADVANCED_FACE('',(#918),#8981,.T.);
#9419=ADVANCED_FACE('',(#919),#8982,.T.);
#9420=ADVANCED_FACE('',(#920),#8983,.T.);
#9421=ADVANCED_FACE('',(#921),#8984,.T.);
#9422=ADVANCED_FACE('',(#922),#8985,.T.);
#9423=ADVANCED_FACE('',(#923),#8986,.T.);
#9424=ADVANCED_FACE('',(#924),#8987,.T.);
#9425=ADVANCED_FACE('',(#925),#8988,.T.);
#9426=ADVANCED_FACE('',(#926),#8989,.T.);
#9427=ADVANCED_FACE('',(#927),#8990,.T.);
#9428=ADVANCED_FACE('',(#928),#8991,.T.);
#9429=ADVANCED_FACE('',(#929),#8992,.T.);
#9430=ADVANCED_FACE('',(#930),#8993,.T.);
#9431=ADVANCED_FACE('',(#931),#8994,.T.);
#9432=ADVANCED_FACE('',(#932),#589,.T.);
#9433=ADVANCED_FACE('',(#933),#590,.T.);
#9434=ADVANCED_FACE('',(#934),#8995,.T.);
#9435=ADVANCED_FACE('',(#935),#591,.T.);
#9436=ADVANCED_FACE('',(#936),#592,.T.);
#9437=ADVANCED_FACE('',(#937),#8996,.T.);
#9438=ADVANCED_FACE('',(#938),#593,.T.);
#9439=ADVANCED_FACE('',(#939),#594,.T.);
#9440=ADVANCED_FACE('',(#940),#8997,.T.);
#9441=ADVANCED_FACE('',(#941),#595,.T.);
#9442=ADVANCED_FACE('',(#942),#596,.T.);
#9443=ADVANCED_FACE('',(#943),#8998,.T.);
#9444=ADVANCED_FACE('',(#944),#8999,.T.);
#9445=ADVANCED_FACE('',(#945),#9000,.T.);
#9446=ADVANCED_FACE('',(#946),#9001,.T.);
#9447=ADVANCED_FACE('',(#947),#9002,.T.);
#9448=ADVANCED_FACE('',(#948),#9003,.T.);
#9449=ADVANCED_FACE('',(#949),#9004,.T.);
#9450=ADVANCED_FACE('',(#950),#9005,.T.);
#9451=ADVANCED_FACE('',(#951),#9006,.T.);
#9452=ADVANCED_FACE('',(#952),#9007,.T.);
#9453=ADVANCED_FACE('',(#953),#9008,.T.);
#9454=ADVANCED_FACE('',(#954),#9009,.T.);
#9455=ADVANCED_FACE('',(#955),#9010,.T.);
#9456=ADVANCED_FACE('',(#956),#9011,.T.);
#9457=ADVANCED_FACE('',(#957),#9012,.T.);
#9458=ADVANCED_FACE('',(#958),#9013,.T.);
#9459=ADVANCED_FACE('',(#959),#9014,.T.);
#9460=ADVANCED_FACE('',(#960),#9015,.T.);
#9461=ADVANCED_FACE('',(#961),#9016,.T.);
#9462=ADVANCED_FACE('',(#962),#9017,.T.);
#9463=ADVANCED_FACE('',(#963),#9018,.T.);
#9464=ADVANCED_FACE('',(#964),#9019,.T.);
#9465=ADVANCED_FACE('',(#965),#9020,.T.);
#9466=ADVANCED_FACE('',(#966),#9021,.T.);
#9467=ADVANCED_FACE('',(#967,#165),#9022,.T.);
#9468=ADVANCED_FACE('',(#968),#9023,.T.);
#9469=ADVANCED_FACE('',(#969),#597,.T.);
#9470=ADVANCED_FACE('',(#970),#598,.T.);
#9471=ADVANCED_FACE('',(#971),#9024,.T.);
#9472=ADVANCED_FACE('',(#972),#599,.T.);
#9473=ADVANCED_FACE('',(#973),#600,.T.);
#9474=ADVANCED_FACE('',(#974),#9025,.T.);
#9475=ADVANCED_FACE('',(#975),#9026,.T.);
#9476=ADVANCED_FACE('',(#976),#9027,.T.);
#9477=ADVANCED_FACE('',(#977),#9028,.T.);
#9478=ADVANCED_FACE('',(#978),#9029,.T.);
#9479=ADVANCED_FACE('',(#979),#9030,.T.);
#9480=ADVANCED_FACE('',(#980),#601,.T.);
#9481=ADVANCED_FACE('',(#981),#9031,.T.);
#9482=ADVANCED_FACE('',(#982),#602,.T.);
#9483=ADVANCED_FACE('',(#983),#603,.T.);
#9484=ADVANCED_FACE('',(#984),#9032,.T.);
#9485=ADVANCED_FACE('',(#985),#604,.T.);
#9486=ADVANCED_FACE('',(#986),#605,.T.);
#9487=ADVANCED_FACE('',(#987),#9033,.T.);
#9488=ADVANCED_FACE('',(#988),#9034,.T.);
#9489=ADVANCED_FACE('',(#989),#9035,.T.);
#9490=ADVANCED_FACE('',(#990),#9036,.T.);
#9491=ADVANCED_FACE('',(#991),#9037,.T.);
#9492=ADVANCED_FACE('',(#992),#9038,.T.);
#9493=ADVANCED_FACE('',(#993),#606,.T.);
#9494=ADVANCED_FACE('',(#994),#9039,.T.);
#9495=ADVANCED_FACE('',(#995),#9040,.T.);
#9496=ADVANCED_FACE('',(#996),#9041,.T.);
#9497=ADVANCED_FACE('',(#997),#9042,.T.);
#9498=ADVANCED_FACE('',(#998),#9043,.T.);
#9499=ADVANCED_FACE('',(#999),#9044,.T.);
#9500=ADVANCED_FACE('',(#1000),#9045,.T.);
#9501=ADVANCED_FACE('',(#1001),#9046,.T.);
#9502=ADVANCED_FACE('',(#1002),#607,.T.);
#9503=ADVANCED_FACE('',(#1003),#9047,.T.);
#9504=ADVANCED_FACE('',(#1004),#9048,.T.);
#9505=ADVANCED_FACE('',(#1005),#9049,.T.);
#9506=ADVANCED_FACE('',(#1006),#9050,.T.);
#9507=ADVANCED_FACE('',(#1007),#9051,.T.);
#9508=ADVANCED_FACE('',(#1008),#9052,.T.);
#9509=ADVANCED_FACE('',(#1009),#9053,.T.);
#9510=ADVANCED_FACE('',(#1010),#608,.T.);
#9511=ADVANCED_FACE('',(#1011),#609,.T.);
#9512=ADVANCED_FACE('',(#1012),#9054,.T.);
#9513=ADVANCED_FACE('',(#1013),#9055,.T.);
#9514=ADVANCED_FACE('',(#1014),#9056,.T.);
#9515=ADVANCED_FACE('',(#1015),#9057,.T.);
#9516=ADVANCED_FACE('',(#1016),#9058,.T.);
#9517=ADVANCED_FACE('',(#1017),#610,.T.);
#9518=ADVANCED_FACE('',(#1018),#611,.T.);
#9519=ADVANCED_FACE('',(#1019),#9059,.T.);
#9520=ADVANCED_FACE('',(#1020,#166),#9060,.T.);
#9521=ADVANCED_FACE('',(#1021),#9061,.T.);
#9522=ADVANCED_FACE('',(#1022),#9062,.T.);
#9523=ADVANCED_FACE('',(#1023),#612,.T.);
#9524=ADVANCED_FACE('',(#1024),#613,.T.);
#9525=ADVANCED_FACE('',(#1025),#9063,.T.);
#9526=ADVANCED_FACE('',(#1026),#9064,.T.);
#9527=ADVANCED_FACE('',(#1027),#9065,.T.);
#9528=ADVANCED_FACE('',(#1028),#614,.T.);
#9529=ADVANCED_FACE('',(#1029),#615,.T.);
#9530=ADVANCED_FACE('',(#1030),#616,.T.);
#9531=ADVANCED_FACE('',(#1031),#617,.T.);
#9532=ADVANCED_FACE('',(#1032),#9066,.T.);
#9533=ADVANCED_FACE('',(#1033),#9067,.T.);
#9534=ADVANCED_FACE('',(#1034),#9068,.T.);
#9535=ADVANCED_FACE('',(#1035),#618,.T.);
#9536=ADVANCED_FACE('',(#1036),#619,.T.);
#9537=ADVANCED_FACE('',(#1037),#9069,.T.);
#9538=ADVANCED_FACE('',(#1038,#167),#9070,.T.);
#9539=ADVANCED_FACE('',(#1039),#9071,.T.);
#9540=ADVANCED_FACE('',(#1040),#9072,.T.);
#9541=ADVANCED_FACE('',(#1041),#9073,.T.);
#9542=ADVANCED_FACE('',(#1042),#9074,.T.);
#9543=ADVANCED_FACE('',(#1043),#9075,.T.);
#9544=ADVANCED_FACE('',(#1044),#9076,.T.);
#9545=ADVANCED_FACE('',(#1045),#9077,.T.);
#9546=ADVANCED_FACE('',(#1046),#9078,.T.);
#9547=ADVANCED_FACE('',(#1047),#9079,.T.);
#9548=ADVANCED_FACE('',(#1048),#9080,.T.);
#9549=ADVANCED_FACE('',(#1049),#9081,.T.);
#9550=ADVANCED_FACE('',(#1050),#9082,.T.);
#9551=ADVANCED_FACE('',(#1051),#9083,.T.);
#9552=ADVANCED_FACE('',(#1052,#168),#9084,.T.);
#9553=ADVANCED_FACE('',(#1053),#9085,.T.);
#9554=ADVANCED_FACE('',(#1054),#9086,.T.);
#9555=ADVANCED_FACE('',(#1055),#43,.T.);
#9556=ADVANCED_FACE('',(#1056),#9087,.T.);
#9557=ADVANCED_FACE('',(#1057),#44,.T.);
#9558=ADVANCED_FACE('',(#1058),#9088,.T.);
#9559=ADVANCED_FACE('',(#1059),#45,.T.);
#9560=ADVANCED_FACE('',(#1060),#9089,.T.);
#9561=ADVANCED_FACE('',(#1061),#46,.T.);
#9562=ADVANCED_FACE('',(#1062),#9090,.T.);
#9563=ADVANCED_FACE('',(#1063),#9091,.F.);
#9564=ADVANCED_FACE('',(#1064),#9092,.T.);
#9565=ADVANCED_FACE('',(#1065),#15,.F.);
#9566=ADVANCED_FACE('',(#1066),#9093,.T.);
#9567=ADVANCED_FACE('',(#1067),#16,.F.);
#9568=ADVANCED_FACE('',(#1068),#9094,.T.);
#9569=ADVANCED_FACE('',(#1069),#17,.F.);
#9570=ADVANCED_FACE('',(#1070),#9095,.T.);
#9571=ADVANCED_FACE('',(#1071),#18,.F.);
#9572=ADVANCED_FACE('',(#1072),#9096,.T.);
#9573=ADVANCED_FACE('',(#1073),#19,.F.);
#9574=ADVANCED_FACE('',(#1074),#9097,.T.);
#9575=ADVANCED_FACE('',(#1075),#20,.F.);
#9576=ADVANCED_FACE('',(#1076),#9098,.T.);
#9577=ADVANCED_FACE('',(#1077),#21,.F.);
#9578=ADVANCED_FACE('',(#1078),#9099,.T.);
#9579=ADVANCED_FACE('',(#1079),#22,.F.);
#9580=ADVANCED_FACE('',(#1080),#23,.F.);
#9581=ADVANCED_FACE('',(#1081),#9100,.T.);
#9582=ADVANCED_FACE('',(#1082),#24,.F.);
#9583=ADVANCED_FACE('',(#1083),#9101,.T.);
#9584=ADVANCED_FACE('',(#1084),#25,.F.);
#9585=ADVANCED_FACE('',(#1085),#9102,.T.);
#9586=ADVANCED_FACE('',(#1086),#26,.F.);
#9587=ADVANCED_FACE('',(#1087),#9103,.T.);
#9588=ADVANCED_FACE('',(#1088),#27,.F.);
#9589=ADVANCED_FACE('',(#1089),#9104,.T.);
#9590=ADVANCED_FACE('',(#1090),#28,.F.);
#9591=ADVANCED_FACE('',(#1091),#9105,.T.);
#9592=ADVANCED_FACE('',(#1092),#29,.F.);
#9593=ADVANCED_FACE('',(#1093),#9106,.T.);
#9594=ADVANCED_FACE('',(#1094),#30,.F.);
#9595=ADVANCED_FACE('',(#1095),#9107,.T.);
#9596=ADVANCED_FACE('',(#1096),#31,.F.);
#9597=ADVANCED_FACE('',(#1097),#9108,.T.);
#9598=ADVANCED_FACE('',(#1098),#9109,.T.);
#9599=ADVANCED_FACE('',(#1099),#9110,.T.);
#9600=ADVANCED_FACE('',(#1100),#9111,.T.);
#9601=ADVANCED_FACE('',(#1101),#9112,.T.);
#9602=ADVANCED_FACE('',(#1102),#32,.F.);
#9603=ADVANCED_FACE('',(#1103),#9113,.T.);
#9604=ADVANCED_FACE('',(#1104),#33,.F.);
#9605=ADVANCED_FACE('',(#1105),#9114,.T.);
#9606=ADVANCED_FACE('',(#1106),#34,.F.);
#9607=ADVANCED_FACE('',(#1107),#9115,.T.);
#9608=ADVANCED_FACE('',(#1108),#35,.F.);
#9609=ADVANCED_FACE('',(#1109),#9116,.T.);
#9610=ADVANCED_FACE('',(#1110),#36,.F.);
#9611=ADVANCED_FACE('',(#1111),#9117,.T.);
#9612=ADVANCED_FACE('',(#1112),#37,.F.);
#9613=ADVANCED_FACE('',(#1113),#9118,.T.);
#9614=ADVANCED_FACE('',(#1114),#38,.F.);
#9615=ADVANCED_FACE('',(#1115),#9119,.T.);
#9616=ADVANCED_FACE('',(#1116),#39,.F.);
#9617=ADVANCED_FACE('',(#1117),#40,.F.);
#9618=ADVANCED_FACE('',(#1118),#41,.F.);
#9619=ADVANCED_FACE('',(#1119),#42,.F.);
#9620=CLOSED_SHELL('',(#9120,#9121,#9122,#9123,#9124,#9125,#9126,#9127,
#9128,#9129,#9130,#9131,#9132,#9133,#9134,#9135,#9136,#9137,#9138,#9139,
#9140,#9141,#9142,#9143,#9144,#9145,#9146,#9147,#9148,#9149,#9150,#9151,
#9152,#9153,#9154,#9155,#9156,#9157,#9158,#9159,#9160,#9161,#9162,#9163,
#9164,#9165,#9166,#9167,#9168,#9169,#9170,#9171,#9172,#9173,#9174,#9175,
#9176,#9177,#9178,#9179,#9180,#9181,#9182,#9183,#9184,#9185,#9186,#9187,
#9188,#9189,#9190,#9191,#9192,#9193,#9194,#9195,#9196,#9197,#9198,#9199,
#9200,#9201,#9202,#9203,#9204,#9205,#9206,#9207,#9208,#9209,#9210,#9211,
#9212,#9213,#9214,#9215,#9216,#9217,#9218,#9219,#9220,#9221,#9222,#9223,
#9224,#9225,#9226,#9227,#9228,#9229,#9230,#9231,#9232,#9233,#9234,#9235,
#9236,#9237,#9238,#9239,#9240,#9241,#9242,#9243,#9244,#9245,#9246,#9247,
#9248,#9249,#9250,#9251,#9252,#9253,#9254,#9255,#9256,#9257,#9258,#9259,
#9260,#9261,#9262,#9263,#9264,#9265,#9266,#9267,#9268,#9269,#9270,#9271,
#9272,#9273,#9274,#9275,#9276,#9277,#9278,#9279,#9280,#9281,#9282,#9283,
#9284,#9285,#9286,#9287,#9288,#9289,#9290,#9291,#9292,#9293,#9294,#9295,
#9296,#9297,#9298,#9299,#9300,#9301,#9302,#9303,#9304,#9305,#9306,#9307,
#9308,#9309,#9310,#9311,#9312,#9313,#9314,#9315,#9316,#9317,#9318,#9319,
#9320,#9321,#9322,#9323,#9324,#9325,#9326,#9327,#9328,#9329,#9330,#9331,
#9332,#9333,#9334,#9335,#9336,#9337,#9338,#9339,#9340,#9341,#9342,#9343,
#9344,#9345,#9346,#9347,#9348,#9349,#9350,#9351,#9352,#9353,#9354,#9355,
#9356,#9357,#9358,#9359,#9360,#9361,#9362,#9363,#9364,#9365,#9366,#9367,
#9368,#9369,#9370,#9371,#9372,#9373,#9374,#9375,#9376,#9377,#9378,#9379,
#9380,#9381,#9382,#9383,#9384,#9385,#9386,#9387,#9388,#9389,#9390,#9391,
#9392,#9393,#9394,#9395,#9396,#9397,#9398,#9399,#9400,#9401,#9402,#9403,
#9404,#9405,#9406,#9407,#9408,#9409,#9410,#9411,#9412,#9413,#9414,#9415,
#9416,#9417,#9418,#9419,#9420,#9421,#9422,#9423,#9424,#9425,#9426,#9427,
#9428,#9429,#9430,#9431,#9432,#9433,#9434,#9435,#9436,#9437,#9438,#9439,
#9440,#9441,#9442,#9443,#9444,#9445,#9446,#9447,#9448,#9449,#9450,#9451,
#9452,#9453,#9454,#9455,#9456,#9457,#9458,#9459,#9460,#9461,#9462,#9463,
#9464,#9465,#9466,#9467,#9468,#9469,#9470,#9471,#9472,#9473,#9474,#9475,
#9476,#9477,#9478,#9479,#9480,#9481,#9482,#9483,#9484,#9485,#9486,#9487,
#9488,#9489,#9490,#9491,#9492,#9493,#9494,#9495,#9496,#9497,#9498,#9499,
#9500,#9501,#9502,#9503,#9504,#9505,#9506,#9507,#9508,#9509,#9510,#9511,
#9512,#9513,#9514,#9515,#9516,#9517,#9518,#9519,#9520,#9521,#9522,#9523,
#9524,#9525,#9526,#9527,#9528,#9529,#9530,#9531,#9532,#9533,#9534,#9535,
#9536,#9537,#9538,#9539,#9540,#9541,#9542,#9543,#9544,#9545,#9546,#9547,
#9548,#9549,#9550,#9551,#9552,#9553,#9554,#9555,#9556,#9557,#9558,#9559,
#9560,#9561,#9562,#9563,#9564,#9565,#9566,#9567,#9568,#9569,#9570,#9571,
#9572,#9573,#9574,#9575,#9576,#9577,#9578,#9579,#9580,#9581,#9582,#9583,
#9584,#9585,#9586,#9587,#9588,#9589,#9590,#9591,#9592,#9593,#9594,#9595,
#9596,#9597,#9598,#9599,#9600,#9601,#9602,#9603,#9604,#9605,#9606,#9607,
#9608,#9609,#9610,#9611,#9612,#9613,#9614,#9615,#9616,#9617,#9618,#9619));
#9621=DERIVED_UNIT_ELEMENT(#9623,1.);
#9622=DERIVED_UNIT_ELEMENT(#17269,-3.);
#9623=(
MASS_UNIT()
NAMED_UNIT(*)
SI_UNIT(.KILO.,.GRAM.)
);
#9624=DERIVED_UNIT((#9621,#9622));
#9625=MEASURE_REPRESENTATION_ITEM('density measure',
POSITIVE_RATIO_MEASURE(7850.),#9624);
#9626=PROPERTY_DEFINITION_REPRESENTATION(#9631,#9628);
#9627=PROPERTY_DEFINITION_REPRESENTATION(#9632,#9629);
#9628=REPRESENTATION('material name',(#9630),#17266);
#9629=REPRESENTATION('density',(#9625),#17266);
#9630=DESCRIPTIVE_REPRESENTATION_ITEM('Steel','Steel');
#9631=PROPERTY_DEFINITION('material property','material name',#17276);
#9632=PROPERTY_DEFINITION('material property','density of part',#17276);
#9633=AXIS2_PLACEMENT_3D('',#11899,#10048,#10049);
#9634=AXIS2_PLACEMENT_3D('',#11900,#10050,#10051);
#9635=AXIS2_PLACEMENT_3D('',#11909,#10056,#10057);
#9636=AXIS2_PLACEMENT_3D('',#11915,#10061,#10062);
#9637=AXIS2_PLACEMENT_3D('',#11967,#10068,#10069);
#9638=AXIS2_PLACEMENT_3D('',#11973,#10073,#10074);
#9639=AXIS2_PLACEMENT_3D('',#11979,#10078,#10079);
#9640=AXIS2_PLACEMENT_3D('',#11985,#10083,#10084);
#9641=AXIS2_PLACEMENT_3D('',#11988,#10087,#10088);
#9642=AXIS2_PLACEMENT_3D('',#11989,#10089,#10090);
#9643=AXIS2_PLACEMENT_3D('',#12412,#10113,#10114);
#9644=AXIS2_PLACEMENT_3D('',#12760,#10132,#10133);
#9645=AXIS2_PLACEMENT_3D('',#12761,#10134,#10135);
#9646=AXIS2_PLACEMENT_3D('',#12770,#10140,#10141);
#9647=AXIS2_PLACEMENT_3D('',#12776,#10145,#10146);
#9648=AXIS2_PLACEMENT_3D('',#13035,#10161,#10162);
#9649=AXIS2_PLACEMENT_3D('',#13317,#10178,#10179);
#9650=AXIS2_PLACEMENT_3D('',#13323,#10183,#10184);
#9651=AXIS2_PLACEMENT_3D('',#13326,#10187,#10188);
#9652=AXIS2_PLACEMENT_3D('',#13327,#10189,#10190);
#9653=AXIS2_PLACEMENT_3D('',#13497,#10202,#10203);
#9654=AXIS2_PLACEMENT_3D('',#13503,#10207,#10208);
#9655=AXIS2_PLACEMENT_3D('',#13506,#10211,#10212);
#9656=AXIS2_PLACEMENT_3D('',#13515,#10217,#10218);
#9657=AXIS2_PLACEMENT_3D('',#13728,#10231,#10232);
#9658=AXIS2_PLACEMENT_3D('',#13731,#10235,#10236);
#9659=AXIS2_PLACEMENT_3D('',#13732,#10237,#10238);
#9660=AXIS2_PLACEMENT_3D('',#13735,#10239,#10240);
#9661=AXIS2_PLACEMENT_3D('',#13739,#10242,#10243);
#9662=AXIS2_PLACEMENT_3D('',#13743,#10245,#10246);
#9663=AXIS2_PLACEMENT_3D('',#13747,#10248,#10249);
#9664=AXIS2_PLACEMENT_3D('',#14009,#10302,#10303);
#9665=AXIS2_PLACEMENT_3D('',#14013,#10305,#10306);
#9666=AXIS2_PLACEMENT_3D('',#14017,#10308,#10309);
#9667=AXIS2_PLACEMENT_3D('',#14021,#10311,#10312);
#9668=AXIS2_PLACEMENT_3D('',#14025,#10314,#10315);
#9669=AXIS2_PLACEMENT_3D('',#14029,#10317,#10318);
#9670=AXIS2_PLACEMENT_3D('',#14033,#10320,#10321);
#9671=AXIS2_PLACEMENT_3D('',#14037,#10323,#10324);
#9672=AXIS2_PLACEMENT_3D('',#14040,#10326,#10327);
#9673=AXIS2_PLACEMENT_3D('',#14043,#10328,#10329);
#9674=AXIS2_PLACEMENT_3D('',#14047,#10331,#10332);
#9675=AXIS2_PLACEMENT_3D('',#14051,#10334,#10335);
#9676=AXIS2_PLACEMENT_3D('',#14055,#10337,#10338);
#9677=AXIS2_PLACEMENT_3D('',#14059,#10340,#10341);
#9678=AXIS2_PLACEMENT_3D('',#14063,#10343,#10344);
#9679=AXIS2_PLACEMENT_3D('',#14067,#10346,#10347);
#9680=AXIS2_PLACEMENT_3D('',#14071,#10349,#10350);
#9681=AXIS2_PLACEMENT_3D('',#14083,#10356,#10357);
#9682=AXIS2_PLACEMENT_3D('',#14087,#10359,#10360);
#9683=AXIS2_PLACEMENT_3D('',#14091,#10362,#10363);
#9684=AXIS2_PLACEMENT_3D('',#14095,#10365,#10366);
#9685=AXIS2_PLACEMENT_3D('',#14099,#10368,#10369);
#9686=AXIS2_PLACEMENT_3D('',#14103,#10371,#10372);
#9687=AXIS2_PLACEMENT_3D('',#14107,#10374,#10375);
#9688=AXIS2_PLACEMENT_3D('',#14111,#10377,#10378);
#9689=AXIS2_PLACEMENT_3D('',#14114,#10380,#10381);
#9690=AXIS2_PLACEMENT_3D('',#14116,#10382,#10383);
#9691=AXIS2_PLACEMENT_3D('',#14118,#10384,#10385);
#9692=AXIS2_PLACEMENT_3D('',#14159,#10406,#10407);
#9693=AXIS2_PLACEMENT_3D('',#14168,#10412,#10413);
#9694=AXIS2_PLACEMENT_3D('',#14220,#10419,#10420);
#9695=AXIS2_PLACEMENT_3D('',#14223,#10423,#10424);
#9696=AXIS2_PLACEMENT_3D('',#14229,#10428,#10429);
#9697=AXIS2_PLACEMENT_3D('',#14233,#10432,#10433);
#9698=AXIS2_PLACEMENT_3D('',#14237,#10436,#10437);
#9699=AXIS2_PLACEMENT_3D('',#14241,#10440,#10441);
#9700=AXIS2_PLACEMENT_3D('',#14245,#10444,#10445);
#9701=AXIS2_PLACEMENT_3D('',#14249,#10448,#10449);
#9702=AXIS2_PLACEMENT_3D('',#14253,#10452,#10453);
#9703=AXIS2_PLACEMENT_3D('',#14255,#10455,#10456);
#9704=AXIS2_PLACEMENT_3D('',#14256,#10457,#10458);
#9705=AXIS2_PLACEMENT_3D('',#14257,#10459,#10460);
#9706=AXIS2_PLACEMENT_3D('',#14263,#10464,#10465);
#9707=AXIS2_PLACEMENT_3D('',#14267,#10468,#10469);
#9708=AXIS2_PLACEMENT_3D('',#14271,#10472,#10473);
#9709=AXIS2_PLACEMENT_3D('',#14275,#10476,#10477);
#9710=AXIS2_PLACEMENT_3D('',#14279,#10480,#10481);
#9711=AXIS2_PLACEMENT_3D('',#14283,#10484,#10485);
#9712=AXIS2_PLACEMENT_3D('',#14287,#10488,#10489);
#9713=AXIS2_PLACEMENT_3D('',#14291,#10492,#10493);
#9714=AXIS2_PLACEMENT_3D('',#14295,#10496,#10497);
#9715=AXIS2_PLACEMENT_3D('',#14299,#10500,#10501);
#9716=AXIS2_PLACEMENT_3D('',#14303,#10504,#10505);
#9717=AXIS2_PLACEMENT_3D('',#14305,#10507,#10508);
#9718=AXIS2_PLACEMENT_3D('',#14306,#10509,#10510);
#9719=AXIS2_PLACEMENT_3D('',#14315,#10515,#10516);
#9720=AXIS2_PLACEMENT_3D('',#14367,#10522,#10523);
#9721=AXIS2_PLACEMENT_3D('',#14370,#10526,#10527);
#9722=AXIS2_PLACEMENT_3D('',#14376,#10531,#10532);
#9723=AXIS2_PLACEMENT_3D('',#14380,#10535,#10536);
#9724=AXIS2_PLACEMENT_3D('',#14384,#10539,#10540);
#9725=AXIS2_PLACEMENT_3D('',#14388,#10543,#10544);
#9726=AXIS2_PLACEMENT_3D('',#14392,#10547,#10548);
#9727=AXIS2_PLACEMENT_3D('',#14396,#10551,#10552);
#9728=AXIS2_PLACEMENT_3D('',#14400,#10555,#10556);
#9729=AXIS2_PLACEMENT_3D('',#14402,#10558,#10559);
#9730=AXIS2_PLACEMENT_3D('',#14403,#10560,#10561);
#9731=AXIS2_PLACEMENT_3D('',#14404,#10562,#10563);
#9732=AXIS2_PLACEMENT_3D('',#14528,#10573,#10574);
#9733=AXIS2_PLACEMENT_3D('',#14534,#10578,#10579);
#9734=AXIS2_PLACEMENT_3D('',#14537,#10582,#10583);
#9735=AXIS2_PLACEMENT_3D('',#14543,#10587,#10588);
#9736=AXIS2_PLACEMENT_3D('',#14649,#10597,#10598);
#9737=AXIS2_PLACEMENT_3D('',#14653,#10601,#10602);
#9738=AXIS2_PLACEMENT_3D('',#14657,#10605,#10606);
#9739=AXIS2_PLACEMENT_3D('',#14659,#10608,#10609);
#9740=AXIS2_PLACEMENT_3D('',#14660,#10610,#10611);
#9741=AXIS2_PLACEMENT_3D('',#14661,#10612,#10613);
#9742=AXIS2_PLACEMENT_3D('',#14837,#10627,#10628);
#9743=AXIS2_PLACEMENT_3D('',#15009,#10640,#10641);
#9744=AXIS2_PLACEMENT_3D('',#15010,#10642,#10643);
#9745=AXIS2_PLACEMENT_3D('',#15016,#10647,#10648);
#9746=AXIS2_PLACEMENT_3D('',#15020,#10651,#10652);
#9747=AXIS2_PLACEMENT_3D('',#15024,#10655,#10656);
#9748=AXIS2_PLACEMENT_3D('',#15028,#10659,#10660);
#9749=AXIS2_PLACEMENT_3D('',#15032,#10663,#10664);
#9750=AXIS2_PLACEMENT_3D('',#15036,#10667,#10668);
#9751=AXIS2_PLACEMENT_3D('',#15040,#10671,#10672);
#9752=AXIS2_PLACEMENT_3D('',#15044,#10675,#10676);
#9753=AXIS2_PLACEMENT_3D('',#15048,#10679,#10680);
#9754=AXIS2_PLACEMENT_3D('',#15052,#10683,#10684);
#9755=AXIS2_PLACEMENT_3D('',#15056,#10687,#10688);
#9756=AXIS2_PLACEMENT_3D('',#15058,#10690,#10691);
#9757=AXIS2_PLACEMENT_3D('',#15059,#10692,#10693);
#9758=AXIS2_PLACEMENT_3D('',#15065,#10697,#10698);
#9759=AXIS2_PLACEMENT_3D('',#15069,#10701,#10702);
#9760=AXIS2_PLACEMENT_3D('',#15073,#10705,#10706);
#9761=AXIS2_PLACEMENT_3D('',#15077,#10709,#10710);
#9762=AXIS2_PLACEMENT_3D('',#15081,#10713,#10714);
#9763=AXIS2_PLACEMENT_3D('',#15085,#10717,#10718);
#9764=AXIS2_PLACEMENT_3D('',#15089,#10721,#10722);
#9765=AXIS2_PLACEMENT_3D('',#15093,#10725,#10726);
#9766=AXIS2_PLACEMENT_3D('',#15097,#10729,#10730);
#9767=AXIS2_PLACEMENT_3D('',#15101,#10733,#10734);
#9768=AXIS2_PLACEMENT_3D('',#15105,#10737,#10738);
#9769=AXIS2_PLACEMENT_3D('',#15107,#10740,#10741);
#9770=AXIS2_PLACEMENT_3D('',#15108,#10742,#10743);
#9771=AXIS2_PLACEMENT_3D('',#15117,#10748,#10749);
#9772=AXIS2_PLACEMENT_3D('',#15169,#10755,#10756);
#9773=AXIS2_PLACEMENT_3D('',#15172,#10759,#10760);
#9774=AXIS2_PLACEMENT_3D('',#15178,#10764,#10765);
#9775=AXIS2_PLACEMENT_3D('',#15182,#10768,#10769);
#9776=AXIS2_PLACEMENT_3D('',#15186,#10772,#10773);
#9777=AXIS2_PLACEMENT_3D('',#15190,#10776,#10777);
#9778=AXIS2_PLACEMENT_3D('',#15194,#10780,#10781);
#9779=AXIS2_PLACEMENT_3D('',#15198,#10784,#10785);
#9780=AXIS2_PLACEMENT_3D('',#15202,#10788,#10789);
#9781=AXIS2_PLACEMENT_3D('',#15204,#10791,#10792);
#9782=AXIS2_PLACEMENT_3D('',#15205,#10793,#10794);
#9783=AXIS2_PLACEMENT_3D('',#15206,#10795,#10796);
#9784=AXIS2_PLACEMENT_3D('',#15212,#10800,#10801);
#9785=AXIS2_PLACEMENT_3D('',#15216,#10804,#10805);
#9786=AXIS2_PLACEMENT_3D('',#15220,#10808,#10809);
#9787=AXIS2_PLACEMENT_3D('',#15222,#10811,#10812);
#9788=AXIS2_PLACEMENT_3D('',#15223,#10813,#10814);
#9789=AXIS2_PLACEMENT_3D('',#15232,#10819,#10820);
#9790=AXIS2_PLACEMENT_3D('',#15238,#10824,#10825);
#9791=AXIS2_PLACEMENT_3D('',#15244,#10829,#10830);
#9792=AXIS2_PLACEMENT_3D('',#15250,#10834,#10835);
#9793=AXIS2_PLACEMENT_3D('',#15256,#10839,#10840);
#9794=AXIS2_PLACEMENT_3D('',#15262,#10844,#10845);
#9795=AXIS2_PLACEMENT_3D('',#15268,#10849,#10850);
#9796=AXIS2_PLACEMENT_3D('',#15274,#10854,#10855);
#9797=AXIS2_PLACEMENT_3D('',#15280,#10859,#10860);
#9798=AXIS2_PLACEMENT_3D('',#15286,#10864,#10865);
#9799=AXIS2_PLACEMENT_3D('',#15292,#10869,#10870);
#9800=AXIS2_PLACEMENT_3D('',#15295,#10873,#10874);
#9801=AXIS2_PLACEMENT_3D('',#15345,#10878,#10879);
#9802=AXIS2_PLACEMENT_3D('',#15397,#10885,#10886);
#9803=AXIS2_PLACEMENT_3D('',#15449,#10892,#10893);
#9804=AXIS2_PLACEMENT_3D('',#15501,#10899,#10900);
#9805=AXIS2_PLACEMENT_3D('',#15507,#10904,#10905);
#9806=AXIS2_PLACEMENT_3D('',#15513,#10909,#10910);
#9807=AXIS2_PLACEMENT_3D('',#15519,#10914,#10915);
#9808=AXIS2_PLACEMENT_3D('',#15525,#10919,#10920);
#9809=AXIS2_PLACEMENT_3D('',#15531,#10924,#10925);
#9810=AXIS2_PLACEMENT_3D('',#15537,#10929,#10930);
#9811=AXIS2_PLACEMENT_3D('',#15543,#10934,#10935);
#9812=AXIS2_PLACEMENT_3D('',#15549,#10939,#10940);
#9813=AXIS2_PLACEMENT_3D('',#15552,#10943,#10944);
#9814=AXIS2_PLACEMENT_3D('',#15553,#10945,#10946);
#9815=AXIS2_PLACEMENT_3D('',#15562,#10951,#10952);
#9816=AXIS2_PLACEMENT_3D('',#15568,#10956,#10957);
#9817=AXIS2_PLACEMENT_3D('',#15574,#10961,#10962);
#9818=AXIS2_PLACEMENT_3D('',#15580,#10966,#10967);
#9819=AXIS2_PLACEMENT_3D('',#15586,#10971,#10972);
#9820=AXIS2_PLACEMENT_3D('',#15592,#10976,#10977);
#9821=AXIS2_PLACEMENT_3D('',#15598,#10981,#10982);
#9822=AXIS2_PLACEMENT_3D('',#15604,#10986,#10987);
#9823=AXIS2_PLACEMENT_3D('',#15610,#10991,#10992);
#9824=AXIS2_PLACEMENT_3D('',#15616,#10996,#10997);
#9825=AXIS2_PLACEMENT_3D('',#15622,#11001,#11002);
#9826=AXIS2_PLACEMENT_3D('',#15625,#11005,#11006);
#9827=AXIS2_PLACEMENT_3D('',#15626,#11007,#11008);
#9828=AXIS2_PLACEMENT_3D('',#15635,#11013,#11014);
#9829=AXIS2_PLACEMENT_3D('',#15641,#11018,#11019);
#9830=AXIS2_PLACEMENT_3D('',#15644,#11022,#11023);
#9831=AXIS2_PLACEMENT_3D('',#15653,#11028,#11029);
#9832=AXIS2_PLACEMENT_3D('',#15659,#11033,#11034);
#9833=AXIS2_PLACEMENT_3D('',#15665,#11038,#11039);
#9834=AXIS2_PLACEMENT_3D('',#15671,#11043,#11044);
#9835=AXIS2_PLACEMENT_3D('',#15677,#11048,#11049);
#9836=AXIS2_PLACEMENT_3D('',#15683,#11053,#11054);
#9837=AXIS2_PLACEMENT_3D('',#15689,#11058,#11059);
#9838=AXIS2_PLACEMENT_3D('',#15695,#11063,#11064);
#9839=AXIS2_PLACEMENT_3D('',#15698,#11067,#11068);
#9840=AXIS2_PLACEMENT_3D('',#15699,#11069,#11070);
#9841=AXIS2_PLACEMENT_3D('',#15704,#11072,#11073);
#9842=AXIS2_PLACEMENT_3D('',#15708,#11075,#11076);
#9843=AXIS2_PLACEMENT_3D('',#15712,#11078,#11079);
#9844=AXIS2_PLACEMENT_3D('',#15715,#11081,#11082);
#9845=AXIS2_PLACEMENT_3D('',#15881,#11120,#11121);
#9846=AXIS2_PLACEMENT_3D('',#15883,#11122,#11123);
#9847=AXIS2_PLACEMENT_3D('',#15885,#11124,#11125);
#9848=AXIS2_PLACEMENT_3D('',#15888,#11126,#11127);
#9849=AXIS2_PLACEMENT_3D('',#15892,#11129,#11130);
#9850=AXIS2_PLACEMENT_3D('',#15896,#11132,#11133);
#9851=AXIS2_PLACEMENT_3D('',#15900,#11135,#11136);
#9852=AXIS2_PLACEMENT_3D('',#15904,#11138,#11139);
#9853=AXIS2_PLACEMENT_3D('',#15908,#11141,#11142);
#9854=AXIS2_PLACEMENT_3D('',#15912,#11144,#11145);
#9855=AXIS2_PLACEMENT_3D('',#15916,#11147,#11148);
#9856=AXIS2_PLACEMENT_3D('',#15928,#11154,#11155);
#9857=AXIS2_PLACEMENT_3D('',#15932,#11157,#11158);
#9858=AXIS2_PLACEMENT_3D('',#15936,#11160,#11161);
#9859=AXIS2_PLACEMENT_3D('',#15940,#11163,#11164);
#9860=AXIS2_PLACEMENT_3D('',#15944,#11166,#11167);
#9861=AXIS2_PLACEMENT_3D('',#15948,#11169,#11170);
#9862=AXIS2_PLACEMENT_3D('',#15952,#11172,#11173);
#9863=AXIS2_PLACEMENT_3D('',#15956,#11175,#11176);
#9864=AXIS2_PLACEMENT_3D('',#15959,#11178,#11179);
#9865=AXIS2_PLACEMENT_3D('',#15962,#11180,#11181);
#9866=AXIS2_PLACEMENT_3D('',#15966,#11183,#11184);
#9867=AXIS2_PLACEMENT_3D('',#15970,#11186,#11187);
#9868=AXIS2_PLACEMENT_3D('',#15974,#11189,#11190);
#9869=AXIS2_PLACEMENT_3D('',#15978,#11192,#11193);
#9870=AXIS2_PLACEMENT_3D('',#15982,#11195,#11196);
#9871=AXIS2_PLACEMENT_3D('',#15986,#11198,#11199);
#9872=AXIS2_PLACEMENT_3D('',#15990,#11201,#11202);
#9873=AXIS2_PLACEMENT_3D('',#16154,#11249,#11250);
#9874=AXIS2_PLACEMENT_3D('',#16160,#11254,#11255);
#9875=AXIS2_PLACEMENT_3D('',#16164,#11258,#11259);
#9876=AXIS2_PLACEMENT_3D('',#16168,#11262,#11263);
#9877=AXIS2_PLACEMENT_3D('',#16170,#11265,#11266);
#9878=AXIS2_PLACEMENT_3D('',#16171,#11267,#11268);
#9879=AXIS2_PLACEMENT_3D('',#16177,#11272,#11273);
#9880=AXIS2_PLACEMENT_3D('',#16181,#11276,#11277);
#9881=AXIS2_PLACEMENT_3D('',#16185,#11280,#11281);
#9882=AXIS2_PLACEMENT_3D('',#16189,#11284,#11285);
#9883=AXIS2_PLACEMENT_3D('',#16193,#11288,#11289);
#9884=AXIS2_PLACEMENT_3D('',#16197,#11292,#11293);
#9885=AXIS2_PLACEMENT_3D('',#16201,#11296,#11297);
#9886=AXIS2_PLACEMENT_3D('',#16205,#11300,#11301);
#9887=AXIS2_PLACEMENT_3D('',#16209,#11304,#11305);
#9888=AXIS2_PLACEMENT_3D('',#16213,#11308,#11309);
#9889=AXIS2_PLACEMENT_3D('',#16217,#11312,#11313);
#9890=AXIS2_PLACEMENT_3D('',#16219,#11315,#11316);
#9891=AXIS2_PLACEMENT_3D('',#16256,#11320,#11321);
#9892=AXIS2_PLACEMENT_3D('',#16294,#11326,#11327);
#9893=AXIS2_PLACEMENT_3D('',#16332,#11332,#11333);
#9894=AXIS2_PLACEMENT_3D('',#16370,#11338,#11339);
#9895=AXIS2_PLACEMENT_3D('',#16374,#11342,#11343);
#9896=AXIS2_PLACEMENT_3D('',#16378,#11346,#11347);
#9897=AXIS2_PLACEMENT_3D('',#16382,#11350,#11351);
#9898=AXIS2_PLACEMENT_3D('',#16386,#11354,#11355);
#9899=AXIS2_PLACEMENT_3D('',#16390,#11358,#11359);
#9900=AXIS2_PLACEMENT_3D('',#16394,#11362,#11363);
#9901=AXIS2_PLACEMENT_3D('',#16398,#11366,#11367);
#9902=AXIS2_PLACEMENT_3D('',#16402,#11370,#11371);
#9903=AXIS2_PLACEMENT_3D('',#16406,#11374,#11375);
#9904=AXIS2_PLACEMENT_3D('',#16410,#11378,#11379);
#9905=AXIS2_PLACEMENT_3D('',#16412,#11381,#11382);
#9906=AXIS2_PLACEMENT_3D('',#16413,#11383,#11384);
#9907=AXIS2_PLACEMENT_3D('',#16422,#11389,#11390);
#9908=AXIS2_PLACEMENT_3D('',#16428,#11394,#11395);
#9909=AXIS2_PLACEMENT_3D('',#16431,#11398,#11399);
#9910=AXIS2_PLACEMENT_3D('',#16437,#11403,#11404);
#9911=AXIS2_PLACEMENT_3D('',#16441,#11407,#11408);
#9912=AXIS2_PLACEMENT_3D('',#16445,#11411,#11412);
#9913=AXIS2_PLACEMENT_3D('',#16449,#11415,#11416);
#9914=AXIS2_PLACEMENT_3D('',#16453,#11419,#11420);
#9915=AXIS2_PLACEMENT_3D('',#16457,#11423,#11424);
#9916=AXIS2_PLACEMENT_3D('',#16461,#11427,#11428);
#9917=AXIS2_PLACEMENT_3D('',#16465,#11431,#11432);
#9918=AXIS2_PLACEMENT_3D('',#16467,#11434,#11435);
#9919=AXIS2_PLACEMENT_3D('',#16468,#11436,#11437);
#9920=AXIS2_PLACEMENT_3D('',#16505,#11441,#11442);
#9921=AXIS2_PLACEMENT_3D('',#16543,#11447,#11448);
#9922=AXIS2_PLACEMENT_3D('',#16547,#11451,#11452);
#9923=AXIS2_PLACEMENT_3D('',#16551,#11455,#11456);
#9924=AXIS2_PLACEMENT_3D('',#16555,#11459,#11460);
#9925=AXIS2_PLACEMENT_3D('',#16559,#11463,#11464);
#9926=AXIS2_PLACEMENT_3D('',#16563,#11467,#11468);
#9927=AXIS2_PLACEMENT_3D('',#16584,#11472,#11473);
#9928=AXIS2_PLACEMENT_3D('',#16622,#11478,#11479);
#9929=AXIS2_PLACEMENT_3D('',#16660,#11484,#11485);
#9930=AXIS2_PLACEMENT_3D('',#16664,#11488,#11489);
#9931=AXIS2_PLACEMENT_3D('',#16668,#11492,#11493);
#9932=AXIS2_PLACEMENT_3D('',#16672,#11496,#11497);
#9933=AXIS2_PLACEMENT_3D('',#16676,#11500,#11501);
#9934=AXIS2_PLACEMENT_3D('',#16680,#11504,#11505);
#9935=AXIS2_PLACEMENT_3D('',#16701,#11509,#11510);
#9936=AXIS2_PLACEMENT_3D('',#16703,#11512,#11513);
#9937=AXIS2_PLACEMENT_3D('',#16704,#11514,#11515);
#9938=AXIS2_PLACEMENT_3D('',#16710,#11519,#11520);
#9939=AXIS2_PLACEMENT_3D('',#16714,#11523,#11524);
#9940=AXIS2_PLACEMENT_3D('',#16718,#11527,#11528);
#9941=AXIS2_PLACEMENT_3D('',#16722,#11531,#11532);
#9942=AXIS2_PLACEMENT_3D('',#16726,#11535,#11536);
#9943=AXIS2_PLACEMENT_3D('',#16751,#11539,#11540);
#9944=AXIS2_PLACEMENT_3D('',#16755,#11543,#11544);
#9945=AXIS2_PLACEMENT_3D('',#16757,#11546,#11547);
#9946=AXIS2_PLACEMENT_3D('',#16758,#11548,#11549);
#9947=AXIS2_PLACEMENT_3D('',#16767,#11554,#11555);
#9948=AXIS2_PLACEMENT_3D('',#16773,#11559,#11560);
#9949=AXIS2_PLACEMENT_3D('',#16779,#11564,#11565);
#9950=AXIS2_PLACEMENT_3D('',#16818,#11571,#11572);
#9951=AXIS2_PLACEMENT_3D('',#16822,#11575,#11576);
#9952=AXIS2_PLACEMENT_3D('',#16826,#11579,#11580);
#9953=AXIS2_PLACEMENT_3D('',#16830,#11583,#11584);
#9954=AXIS2_PLACEMENT_3D('',#16834,#11587,#11588);
#9955=AXIS2_PLACEMENT_3D('',#16872,#11593,#11594);
#9956=AXIS2_PLACEMENT_3D('',#16874,#11596,#11597);
#9957=AXIS2_PLACEMENT_3D('',#16875,#11598,#11599);
#9958=AXIS2_PLACEMENT_3D('',#16876,#11600,#11601);
#9959=AXIS2_PLACEMENT_3D('',#16931,#11608,#11609);
#9960=AXIS2_PLACEMENT_3D('',#16937,#11613,#11614);
#9961=AXIS2_PLACEMENT_3D('',#16943,#11618,#11619);
#9962=AXIS2_PLACEMENT_3D('',#17028,#11627,#11628);
#9963=AXIS2_PLACEMENT_3D('',#17032,#11631,#11632);
#9964=AXIS2_PLACEMENT_3D('',#17036,#11635,#11636);
#9965=AXIS2_PLACEMENT_3D('',#17074,#11641,#11642);
#9966=AXIS2_PLACEMENT_3D('',#17076,#11644,#11645);
#9967=AXIS2_PLACEMENT_3D('',#17077,#11646,#11647);
#9968=AXIS2_PLACEMENT_3D('',#17078,#11648,#11649);
#9969=AXIS2_PLACEMENT_3D('',#17087,#11654,#11655);
#9970=AXIS2_PLACEMENT_3D('',#17093,#11659,#11660);
#9971=AXIS2_PLACEMENT_3D('',#17096,#11663,#11664);
#9972=AXIS2_PLACEMENT_3D('',#17102,#11668,#11669);
#9973=AXIS2_PLACEMENT_3D('',#17106,#11672,#11673);
#9974=AXIS2_PLACEMENT_3D('',#17110,#11676,#11677);
#9975=AXIS2_PLACEMENT_3D('',#17114,#11680,#11681);
#9976=AXIS2_PLACEMENT_3D('',#17118,#11684,#11685);
#9977=AXIS2_PLACEMENT_3D('',#17122,#11688,#11689);
#9978=AXIS2_PLACEMENT_3D('',#17126,#11692,#11693);
#9979=AXIS2_PLACEMENT_3D('',#17130,#11696,#11697);
#9980=AXIS2_PLACEMENT_3D('',#17132,#11699,#11700);
#9981=AXIS2_PLACEMENT_3D('',#17133,#11701,#11702);
#9982=AXIS2_PLACEMENT_3D('',#17134,#11703,#11704);
#9983=AXIS2_PLACEMENT_3D('',#17137,#11707,#11708);
#9984=AXIS2_PLACEMENT_3D('',#17139,#11710,#11711);
#9985=AXIS2_PLACEMENT_3D('',#17141,#11713,#11714);
#9986=AXIS2_PLACEMENT_3D('',#17143,#11716,#11717);
#9987=AXIS2_PLACEMENT_3D('',#17145,#11719,#11720);
#9988=AXIS2_PLACEMENT_3D('',#17147,#11722,#11723);
#9989=AXIS2_PLACEMENT_3D('',#17149,#11725,#11726);
#9990=AXIS2_PLACEMENT_3D('',#17150,#11727,#11728);
#9991=AXIS2_PLACEMENT_3D('',#17151,#11729,#11730);
#9992=AXIS2_PLACEMENT_3D('',#17152,#11731,#11732);
#9993=AXIS2_PLACEMENT_3D('',#17155,#11735,#11736);
#9994=AXIS2_PLACEMENT_3D('',#17157,#11738,#11739);
#9995=AXIS2_PLACEMENT_3D('',#17159,#11741,#11742);
#9996=AXIS2_PLACEMENT_3D('',#17161,#11744,#11745);
#9997=AXIS2_PLACEMENT_3D('',#17163,#11747,#11748);
#9998=AXIS2_PLACEMENT_3D('',#17165,#11750,#11751);
#9999=AXIS2_PLACEMENT_3D('',#17167,#11753,#11754);
#10000=AXIS2_PLACEMENT_3D('',#17168,#11755,#11756);
#10001=AXIS2_PLACEMENT_3D('',#17171,#11759,#11760);
#10002=AXIS2_PLACEMENT_3D('',#17173,#11762,#11763);
#10003=AXIS2_PLACEMENT_3D('',#17175,#11765,#11766);
#10004=AXIS2_PLACEMENT_3D('',#17177,#11768,#11769);
#10005=AXIS2_PLACEMENT_3D('',#17179,#11771,#11772);
#10006=AXIS2_PLACEMENT_3D('',#17181,#11774,#11775);
#10007=AXIS2_PLACEMENT_3D('',#17183,#11777,#11778);
#10008=AXIS2_PLACEMENT_3D('',#17184,#11779,#11780);
#10009=AXIS2_PLACEMENT_3D('',#17186,#11782,#11783);
#10010=AXIS2_PLACEMENT_3D('',#17189,#11786,#11787);
#10011=AXIS2_PLACEMENT_3D('',#17191,#11789,#11790);
#10012=AXIS2_PLACEMENT_3D('',#17193,#11792,#11793);
#10013=AXIS2_PLACEMENT_3D('',#17195,#11795,#11796);
#10014=AXIS2_PLACEMENT_3D('',#17197,#11798,#11799);
#10015=AXIS2_PLACEMENT_3D('',#17199,#11801,#11802);
#10016=AXIS2_PLACEMENT_3D('',#17201,#11804,#11805);
#10017=AXIS2_PLACEMENT_3D('',#17202,#11806,#11807);
#10018=AXIS2_PLACEMENT_3D('',#17205,#11810,#11811);
#10019=AXIS2_PLACEMENT_3D('',#17207,#11813,#11814);
#10020=AXIS2_PLACEMENT_3D('',#17209,#11816,#11817);
#10021=AXIS2_PLACEMENT_3D('',#17211,#11819,#11820);
#10022=AXIS2_PLACEMENT_3D('',#17213,#11822,#11823);
#10023=AXIS2_PLACEMENT_3D('',#17215,#11825,#11826);
#10024=AXIS2_PLACEMENT_3D('',#17217,#11828,#11829);
#10025=AXIS2_PLACEMENT_3D('',#17218,#11830,#11831);
#10026=AXIS2_PLACEMENT_3D('',#17221,#11834,#11835);
#10027=AXIS2_PLACEMENT_3D('',#17223,#11837,#11838);
#10028=AXIS2_PLACEMENT_3D('',#17225,#11840,#11841);
#10029=AXIS2_PLACEMENT_3D('',#17226,#11842,#11843);
#10030=AXIS2_PLACEMENT_3D('',#17229,#11846,#11847);
#10031=AXIS2_PLACEMENT_3D('',#17231,#11849,#11850);
#10032=AXIS2_PLACEMENT_3D('',#17233,#11852,#11853);
#10033=AXIS2_PLACEMENT_3D('',#17235,#11855,#11856);
#10034=AXIS2_PLACEMENT_3D('',#17237,#11858,#11859);
#10035=AXIS2_PLACEMENT_3D('',#17239,#11861,#11862);
#10036=AXIS2_PLACEMENT_3D('',#17241,#11864,#11865);
#10037=AXIS2_PLACEMENT_3D('',#17242,#11866,#11867);
#10038=AXIS2_PLACEMENT_3D('',#17245,#11870,#11871);
#10039=AXIS2_PLACEMENT_3D('',#17247,#11873,#11874);
#10040=AXIS2_PLACEMENT_3D('',#17249,#11876,#11877);
#10041=AXIS2_PLACEMENT_3D('',#17251,#11879,#11880);
#10042=AXIS2_PLACEMENT_3D('',#17253,#11882,#11883);
#10043=AXIS2_PLACEMENT_3D('',#17255,#11885,#11886);
#10044=AXIS2_PLACEMENT_3D('',#17257,#11888,#11889);
#10045=AXIS2_PLACEMENT_3D('',#17258,#11890,#11891);
#10046=AXIS2_PLACEMENT_3D('',#17260,#11893,#11894);
#10047=AXIS2_PLACEMENT_3D('',#17262,#11896,#11897);
#10048=DIRECTION('axis',(0.,0.,1.));
#10049=DIRECTION('refdir',(1.,0.,0.));
#10050=DIRECTION('center_axis',(0.932457563938477,-0.36127951983737,0.));
#10051=DIRECTION('ref_axis',(-0.36127951983737,-0.932457563938477,0.));
#10052=DIRECTION('',(0.36127951983737,0.932457563938477,0.));
#10053=DIRECTION('',(0.,0.,-1.));
#10054=DIRECTION('',(-0.36127951983737,-0.932457563938477,0.));
#10055=DIRECTION('',(0.,0.,-1.));
#10056=DIRECTION('center_axis',(0.,1.,0.));
#10057=DIRECTION('ref_axis',(1.,0.,0.));
#10058=DIRECTION('',(-1.,0.,0.));
#10059=DIRECTION('',(1.,0.,0.));
#10060=DIRECTION('',(0.,0.,-1.));
#10061=DIRECTION('center_axis',(-0.941561800266257,0.336840283041332,0.));
#10062=DIRECTION('ref_axis',(0.336840283041332,0.941561800266257,0.));
#10063=DIRECTION('',(-0.336840283041332,-0.941561800266257,0.));
#10064=DIRECTION('',(0.336840283041332,0.941561800266257,0.));
#10065=DIRECTION('',(0.,0.,-1.));
#10066=DIRECTION('',(0.,0.,-1.));
#10067=DIRECTION('',(0.,0.,-1.));
#10068=DIRECTION('center_axis',(0.937302057838011,0.348518080409941,0.));
#10069=DIRECTION('ref_axis',(0.348518080409941,-0.937302057838011,0.));
#10070=DIRECTION('',(-0.348518080409941,0.937302057838011,0.));
#10071=DIRECTION('',(0.348518080409941,-0.937302057838011,0.));
#10072=DIRECTION('',(0.,0.,-1.));
#10073=DIRECTION('center_axis',(0.,1.,0.));
#10074=DIRECTION('ref_axis',(1.,0.,0.));
#10075=DIRECTION('',(-1.,0.,0.));
#10076=DIRECTION('',(1.,0.,0.));
#10077=DIRECTION('',(0.,0.,-1.));
#10078=DIRECTION('center_axis',(-0.931167758687837,-0.364591010833058,0.));
#10079=DIRECTION('ref_axis',(-0.364591010833058,0.931167758687837,0.));
#10080=DIRECTION('',(0.364591010833058,-0.931167758687837,0.));
#10081=DIRECTION('',(-0.364591010833058,0.931167758687837,0.));
#10082=DIRECTION('',(0.,0.,-1.));
#10083=DIRECTION('center_axis',(0.,-1.,0.));
#10084=DIRECTION('ref_axis',(-1.,0.,0.));
#10085=DIRECTION('',(1.,0.,0.));
#10086=DIRECTION('',(-1.,0.,0.));
#10087=DIRECTION('center_axis',(0.,0.,-1.));
#10088=DIRECTION('ref_axis',(1.,0.,0.));
#10089=DIRECTION('center_axis',(0.0870991111290154,0.996199651094365,0.));
#10090=DIRECTION('ref_axis',(0.996199651094365,-0.0870991111290154,0.));
#10091=DIRECTION('',(-0.996199651094365,0.0870991111290154,0.));
#10092=DIRECTION('',(0.,0.,-1.));
#10093=DIRECTION('',(0.996199651094365,-0.0870991111290154,0.));
#10094=DIRECTION('',(0.,0.,-1.));
#10095=DIRECTION('',(0.,0.,-1.));
#10096=DIRECTION('',(0.,0.,-1.));
#10097=DIRECTION('',(0.,0.,-1.));
#10098=DIRECTION('',(0.,0.,-1.));
#10099=DIRECTION('',(0.,0.,-1.));
#10100=DIRECTION('',(0.,0.,-1.));
#10101=DIRECTION('',(0.,0.,-1.));
#10102=DIRECTION('',(0.,0.,-1.));
#10103=DIRECTION('',(0.,0.,-1.));
#10104=DIRECTION('',(0.,0.,-1.));
#10105=DIRECTION('',(0.,0.,-1.));
#10106=DIRECTION('',(0.,0.,-1.));
#10107=DIRECTION('',(0.,0.,-1.));
#10108=DIRECTION('',(0.,0.,-1.));
#10109=DIRECTION('',(0.,0.,-1.));
#10110=DIRECTION('',(0.,0.,-1.));
#10111=DIRECTION('',(0.,0.,-1.));
#10112=DIRECTION('',(0.,0.,-1.));
#10113=DIRECTION('center_axis',(-0.0750560960636019,-0.997179313084508,
0.));
#10114=DIRECTION('ref_axis',(-0.997179313084508,0.0750560960636019,0.));
#10115=DIRECTION('',(0.997179313084508,-0.0750560960636019,0.));
#10116=DIRECTION('',(-0.997179313084508,0.0750560960636019,0.));
#10117=DIRECTION('',(0.,0.,-1.));
#10118=DIRECTION('',(0.,0.,-1.));
#10119=DIRECTION('',(0.,0.,-1.));
#10120=DIRECTION('',(0.,0.,-1.));
#10121=DIRECTION('',(0.,0.,-1.));
#10122=DIRECTION('',(0.,0.,-1.));
#10123=DIRECTION('',(0.,0.,-1.));
#10124=DIRECTION('',(0.,0.,-1.));
#10125=DIRECTION('',(0.,0.,-1.));
#10126=DIRECTION('',(0.,0.,-1.));
#10127=DIRECTION('',(0.,0.,-1.));
#10128=DIRECTION('',(0.,0.,-1.));
#10129=DIRECTION('',(0.,0.,-1.));
#10130=DIRECTION('',(0.,0.,-1.));
#10131=DIRECTION('',(0.,0.,-1.));
#10132=DIRECTION('center_axis',(0.,0.,-1.));
#10133=DIRECTION('ref_axis',(1.,0.,0.));
#10134=DIRECTION('center_axis',(1.,0.,0.));
#10135=DIRECTION('ref_axis',(0.,-1.,0.));
#10136=DIRECTION('',(0.,1.,0.));
#10137=DIRECTION('',(0.,0.,-1.));
#10138=DIRECTION('',(0.,-1.,0.));
#10139=DIRECTION('',(0.,0.,-1.));
#10140=DIRECTION('center_axis',(0.00161018075963217,0.99999870365812,0.));
#10141=DIRECTION('ref_axis',(0.99999870365812,-0.00161018075963217,0.));
#10142=DIRECTION('',(-0.99999870365812,0.00161018075963217,0.));
#10143=DIRECTION('',(0.99999870365812,-0.00161018075963217,0.));
#10144=DIRECTION('',(0.,0.,-1.));
#10145=DIRECTION('center_axis',(-1.,0.,0.));
#10146=DIRECTION('ref_axis',(0.,1.,0.));
#10147=DIRECTION('',(0.,-1.,0.));
#10148=DIRECTION('',(0.,1.,0.));
#10149=DIRECTION('',(0.,0.,-1.));
#10150=DIRECTION('',(0.,0.,-1.));
#10151=DIRECTION('',(0.,0.,-1.));
#10152=DIRECTION('',(0.,0.,-1.));
#10153=DIRECTION('',(0.,0.,-1.));
#10154=DIRECTION('',(0.,0.,-1.));
#10155=DIRECTION('',(0.,0.,-1.));
#10156=DIRECTION('',(0.,0.,-1.));
#10157=DIRECTION('',(0.,0.,-1.));
#10158=DIRECTION('',(0.,0.,-1.));
#10159=DIRECTION('',(0.,0.,-1.));
#10160=DIRECTION('',(0.,0.,-1.));
#10161=DIRECTION('center_axis',(-0.264515500137486,-0.964381433970509,0.));
#10162=DIRECTION('ref_axis',(-0.964381433970509,0.264515500137485,0.));
#10163=DIRECTION('',(0.964381433970509,-0.264515500137485,0.));
#10164=DIRECTION('',(-0.964381433970509,0.264515500137485,0.));
#10165=DIRECTION('',(0.,0.,-1.));
#10166=DIRECTION('',(0.,0.,-1.));
#10167=DIRECTION('',(0.,0.,-1.));
#10168=DIRECTION('',(0.,0.,-1.));
#10169=DIRECTION('',(0.,0.,-1.));
#10170=DIRECTION('',(0.,0.,-1.));
#10171=DIRECTION('',(0.,0.,-1.));
#10172=DIRECTION('',(0.,0.,-1.));
#10173=DIRECTION('',(0.,0.,-1.));
#10174=DIRECTION('',(0.,0.,-1.));
#10175=DIRECTION('',(0.,0.,-1.));
#10176=DIRECTION('',(0.,0.,-1.));
#10177=DIRECTION('',(0.,0.,-1.));
#10178=DIRECTION('center_axis',(1.,0.,0.));
#10179=DIRECTION('ref_axis',(0.,-1.,0.));
#10180=DIRECTION('',(0.,1.,0.));
#10181=DIRECTION('',(0.,-1.,0.));
#10182=DIRECTION('',(0.,0.,-1.));
#10183=DIRECTION('center_axis',(0.,-1.,0.));
#10184=DIRECTION('ref_axis',(-1.,0.,0.));
#10185=DIRECTION('',(1.,0.,0.));
#10186=DIRECTION('',(-1.,0.,0.));
#10187=DIRECTION('center_axis',(0.,0.,-1.));
#10188=DIRECTION('ref_axis',(1.,0.,0.));
#10189=DIRECTION('center_axis',(0.,1.,0.));
#10190=DIRECTION('ref_axis',(1.,0.,0.));
#10191=DIRECTION('',(-1.,0.,0.));
#10192=DIRECTION('',(0.,0.,-1.));
#10193=DIRECTION('',(1.,0.,0.));
#10194=DIRECTION('',(0.,0.,-1.));
#10195=DIRECTION('',(0.,0.,-1.));
#10196=DIRECTION('',(0.,0.,-1.));
#10197=DIRECTION('',(0.,0.,-1.));
#10198=DIRECTION('',(0.,0.,-1.));
#10199=DIRECTION('',(0.,0.,-1.));
#10200=DIRECTION('',(0.,0.,-1.));
#10201=DIRECTION('',(0.,0.,-1.));
#10202=DIRECTION('center_axis',(0.,-1.,0.));
#10203=DIRECTION('ref_axis',(-1.,0.,0.));
#10204=DIRECTION('',(1.,0.,0.));
#10205=DIRECTION('',(-1.,0.,0.));
#10206=DIRECTION('',(0.,0.,-1.));
#10207=DIRECTION('center_axis',(-1.,0.,0.));
#10208=DIRECTION('ref_axis',(0.,1.,0.));
#10209=DIRECTION('',(0.,-1.,0.));
#10210=DIRECTION('',(0.,1.,0.));
#10211=DIRECTION('center_axis',(1.,0.,0.));
#10212=DIRECTION('ref_axis',(0.,-1.,0.));
#10213=DIRECTION('',(0.,1.,0.));
#10214=DIRECTION('',(0.,0.,-1.));
#10215=DIRECTION('',(0.,-1.,0.));
#10216=DIRECTION('',(0.,0.,-1.));
#10217=DIRECTION('center_axis',(0.,1.,0.));
#10218=DIRECTION('ref_axis',(1.,0.,0.));
#10219=DIRECTION('',(-1.,0.,0.));
#10220=DIRECTION('',(1.,0.,0.));
#10221=DIRECTION('',(0.,0.,-1.));
#10222=DIRECTION('',(0.,0.,-1.));
#10223=DIRECTION('',(0.,0.,-1.));
#10224=DIRECTION('',(0.,0.,-1.));
#10225=DIRECTION('',(0.,0.,-1.));
#10226=DIRECTION('',(0.,0.,-1.));
#10227=DIRECTION('',(0.,0.,-1.));
#10228=DIRECTION('',(0.,0.,-1.));
#10229=DIRECTION('',(0.,0.,-1.));
#10230=DIRECTION('',(0.,0.,-1.));
#10231=DIRECTION('center_axis',(0.,-1.,0.));
#10232=DIRECTION('ref_axis',(-1.,0.,0.));
#10233=DIRECTION('',(1.,0.,0.));
#10234=DIRECTION('',(-1.,0.,0.));
#10235=DIRECTION('center_axis',(0.,0.,-1.));
#10236=DIRECTION('ref_axis',(1.,0.,0.));
#10237=DIRECTION('center_axis',(0.,0.,1.));
#10238=DIRECTION('ref_axis',(1.,0.,0.));
#10239=DIRECTION('center_axis',(0.,0.,1.));
#10240=DIRECTION('ref_axis',(-0.707106781186547,0.707106781186548,0.));
#10241=DIRECTION('',(1.,0.,0.));
#10242=DIRECTION('center_axis',(0.,0.,1.));
#10243=DIRECTION('ref_axis',(0.707106781186547,0.707106781186547,0.));
#10244=DIRECTION('',(0.,-1.,0.));
#10245=DIRECTION('center_axis',(0.,0.,1.));
#10246=DIRECTION('ref_axis',(0.707106781186547,-0.707106781186547,0.));
#10247=DIRECTION('',(-1.,0.,0.));
#10248=DIRECTION('center_axis',(0.,0.,1.));
#10249=DIRECTION('ref_axis',(-0.707106781186547,-0.707106781186547,0.));
#10250=DIRECTION('',(0.,1.,0.));
#10251=DIRECTION('',(-0.358509631707291,0.933526027474919,0.));
#10252=DIRECTION('',(-1.,0.,0.));
#10253=DIRECTION('',(-0.378780426643866,-0.925486568455475,0.));
#10254=DIRECTION('',(1.,0.,0.));
#10255=DIRECTION('',(0.359401529578064,0.933183015563907,0.));
#10256=DIRECTION('',(1.,0.,0.));
#10257=DIRECTION('',(0.340892661400347,-0.940102224975235,0.));
#10258=DIRECTION('',(1.,0.,0.));
#10259=DIRECTION('',(0.,1.,0.));
#10260=DIRECTION('',(-1.,0.,0.));
#10261=DIRECTION('',(0.,-1.,0.));
#10262=DIRECTION('',(-0.707592560776804,0.706620667638108,0.));
#10263=DIRECTION('',(-1.,0.,0.));
#10264=DIRECTION('',(0.71928028009279,-0.694720000194062,0.));
#10265=DIRECTION('',(-0.59288339457752,-0.805288321307491,0.));
#10266=DIRECTION('',(1.,0.,0.));
#10267=DIRECTION('',(0.575384209755795,0.817883250325925,0.));
#10268=DIRECTION('',(0.716000313354193,-0.698099957940621,0.));
#10269=DIRECTION('',(0.,-1.,0.));
#10270=DIRECTION('',(1.,0.,0.));
#10271=DIRECTION('',(0.,1.,0.));
#10272=DIRECTION('',(-1.,0.,0.));
#10273=DIRECTION('',(1.,0.,0.));
#10274=DIRECTION('',(0.,-1.,0.));
#10275=DIRECTION('',(1.,0.,0.));
#10276=DIRECTION('',(-0.969551732313957,-0.24488658266023,0.));
#10277=DIRECTION('',(0.973350454445183,-0.229322682766787,0.));
#10278=DIRECTION('',(0.,1.,0.));
#10279=DIRECTION('',(-1.,0.,0.));
#10280=DIRECTION('',(0.,-1.,0.));
#10281=DIRECTION('',(-1.,0.,0.));
#10282=DIRECTION('',(0.,1.,0.));
#10283=DIRECTION('',(-1.,0.,0.));
#10284=DIRECTION('',(0.,-1.,0.));
#10285=DIRECTION('',(1.,0.,0.));
#10286=DIRECTION('',(0.,1.,0.));
#10287=DIRECTION('',(1.,0.,0.));
#10288=DIRECTION('',(0.,-1.,0.));
#10289=DIRECTION('',(1.,0.,0.));
#10290=DIRECTION('',(0.,1.,0.));
#10291=DIRECTION('',(-1.,0.,0.));
#10292=DIRECTION('',(0.,-1.,0.));
#10293=DIRECTION('',(1.,0.,0.));
#10294=DIRECTION('',(0.,-1.,0.));
#10295=DIRECTION('',(-1.,0.,0.));
#10296=DIRECTION('',(0.,-1.,0.));
#10297=DIRECTION('',(1.,0.,0.));
#10298=DIRECTION('',(0.,-1.,0.));
#10299=DIRECTION('',(-1.,0.,0.));
#10300=DIRECTION('',(0.,-1.,0.));
#10301=DIRECTION('',(1.,0.,0.));
#10302=DIRECTION('center_axis',(0.,0.,-1.));
#10303=DIRECTION('ref_axis',(0.,1.,0.));
#10304=DIRECTION('',(0.,1.,0.));
#10305=DIRECTION('center_axis',(0.,0.,-1.));
#10306=DIRECTION('ref_axis',(-1.,0.,0.));
#10307=DIRECTION('',(-1.,0.,0.));
#10308=DIRECTION('center_axis',(0.,0.,-1.));
#10309=DIRECTION('ref_axis',(0.,-1.,0.));
#10310=DIRECTION('',(0.,-1.,0.));
#10311=DIRECTION('center_axis',(0.,0.,-1.));
#10312=DIRECTION('ref_axis',(1.,0.,0.));
#10313=DIRECTION('',(1.,0.,0.));
#10314=DIRECTION('center_axis',(0.,0.,-1.));
#10315=DIRECTION('ref_axis',(0.,1.,0.));
#10316=DIRECTION('',(0.,1.,0.));
#10317=DIRECTION('center_axis',(0.,0.,-1.));
#10318=DIRECTION('ref_axis',(-1.,0.,0.));
#10319=DIRECTION('',(-1.,0.,0.));
#10320=DIRECTION('center_axis',(0.,0.,-1.));
#10321=DIRECTION('ref_axis',(0.,-1.,0.));
#10322=DIRECTION('',(0.,-1.,0.));
#10323=DIRECTION('center_axis',(0.,0.,-1.));
#10324=DIRECTION('ref_axis',(1.,0.,0.));
#10325=DIRECTION('',(1.,0.,0.));
#10326=DIRECTION('center_axis',(0.,0.,-1.));
#10327=DIRECTION('ref_axis',(1.,0.,0.));
#10328=DIRECTION('center_axis',(0.,0.,-1.));
#10329=DIRECTION('ref_axis',(0.,1.,0.));
#10330=DIRECTION('',(0.,1.,0.));
#10331=DIRECTION('center_axis',(0.,0.,-1.));
#10332=DIRECTION('ref_axis',(-1.,0.,0.));
#10333=DIRECTION('',(-1.,0.,0.));
#10334=DIRECTION('center_axis',(0.,0.,-1.));
#10335=DIRECTION('ref_axis',(0.,-1.,0.));
#10336=DIRECTION('',(0.,-1.,0.));
#10337=DIRECTION('center_axis',(0.,0.,-1.));
#10338=DIRECTION('ref_axis',(1.,0.,0.));
#10339=DIRECTION('',(1.,0.,0.));
#10340=DIRECTION('center_axis',(0.,0.,-1.));
#10341=DIRECTION('ref_axis',(0.,1.,0.));
#10342=DIRECTION('',(0.,1.,0.));
#10343=DIRECTION('center_axis',(0.,0.,-1.));
#10344=DIRECTION('ref_axis',(-1.,0.,0.));
#10345=DIRECTION('',(-1.,0.,0.));
#10346=DIRECTION('center_axis',(0.,0.,-1.));
#10347=DIRECTION('ref_axis',(0.,-1.,0.));
#10348=DIRECTION('',(0.,-1.,0.));
#10349=DIRECTION('center_axis',(0.,0.,-1.));
#10350=DIRECTION('ref_axis',(1.,0.,0.));
#10351=DIRECTION('',(1.,0.,0.));
#10352=DIRECTION('',(1.,0.,0.));
#10353=DIRECTION('',(0.,1.,0.));
#10354=DIRECTION('',(-1.,0.,0.));
#10355=DIRECTION('',(0.,-1.,0.));
#10356=DIRECTION('center_axis',(0.,0.,-1.));
#10357=DIRECTION('ref_axis',(0.,1.,0.));
#10358=DIRECTION('',(0.,1.,0.));
#10359=DIRECTION('center_axis',(0.,0.,-1.));
#10360=DIRECTION('ref_axis',(-1.,0.,0.));
#10361=DIRECTION('',(-1.,0.,0.));
#10362=DIRECTION('center_axis',(0.,0.,-1.));
#10363=DIRECTION('ref_axis',(0.,-1.,0.));
#10364=DIRECTION('',(0.,-1.,0.));
#10365=DIRECTION('center_axis',(0.,0.,-1.));
#10366=DIRECTION('ref_axis',(1.,0.,0.));
#10367=DIRECTION('',(1.,0.,0.));
#10368=DIRECTION('center_axis',(0.,0.,-1.));
#10369=DIRECTION('ref_axis',(0.,1.,0.));
#10370=DIRECTION('',(0.,1.,0.));
#10371=DIRECTION('center_axis',(0.,0.,-1.));
#10372=DIRECTION('ref_axis',(-1.,0.,0.));
#10373=DIRECTION('',(-1.,0.,0.));
#10374=DIRECTION('center_axis',(0.,0.,-1.));
#10375=DIRECTION('ref_axis',(0.,-1.,0.));
#10376=DIRECTION('',(0.,-1.,0.));
#10377=DIRECTION('center_axis',(0.,0.,-1.));
#10378=DIRECTION('ref_axis',(1.,0.,0.));
#10379=DIRECTION('',(1.,0.,0.));
#10380=DIRECTION('center_axis',(0.,0.,-1.));
#10381=DIRECTION('ref_axis',(1.,0.,0.));
#10382=DIRECTION('center_axis',(0.,0.,-1.));
#10383=DIRECTION('ref_axis',(1.,0.,0.));
#10384=DIRECTION('center_axis',(0.,0.,-1.));
#10385=DIRECTION('ref_axis',(1.,0.,0.));
#10386=DIRECTION('',(0.,1.,0.));
#10387=DIRECTION('',(-1.,0.,0.));
#10388=DIRECTION('',(0.,-1.,0.));
#10389=DIRECTION('',(1.,0.,0.));
#10390=DIRECTION('',(-0.358509712525292,0.933525996437717,0.));
#10391=DIRECTION('',(-1.,0.,0.));
#10392=DIRECTION('',(-0.378780584139728,-0.925486503996016,0.));
#10393=DIRECTION('',(1.,0.,0.));
#10394=DIRECTION('',(0.359401529578064,0.933183015563907,0.));
#10395=DIRECTION('',(1.,0.,0.));
#10396=DIRECTION('',(0.340893206448656,-0.940102027333818,0.));
#10397=DIRECTION('',(1.,0.,0.));
#10398=DIRECTION('',(-0.358509712525292,0.933525996437717,0.));
#10399=DIRECTION('',(-1.,0.,0.));
#10400=DIRECTION('',(-0.378780584139728,-0.925486503996016,0.));
#10401=DIRECTION('',(1.,0.,0.));
#10402=DIRECTION('',(0.359401529578064,0.933183015563907,0.));
#10403=DIRECTION('',(1.,0.,0.));
#10404=DIRECTION('',(0.340893206448656,-0.940102027333818,0.));
#10405=DIRECTION('',(1.,0.,0.));
#10406=DIRECTION('center_axis',(0.,1.,0.));
#10407=DIRECTION('ref_axis',(1.,0.,0.));
#10408=DIRECTION('',(-1.,0.,0.));
#10409=DIRECTION('',(0.,0.,-1.));
#10410=DIRECTION('',(1.,0.,0.));
#10411=DIRECTION('',(0.,0.,-1.));
#10412=DIRECTION('center_axis',(0.935759709150708,-0.352638294474922,0.));
#10413=DIRECTION('ref_axis',(-0.352638294474922,-0.935759709150708,0.));
#10414=DIRECTION('',(0.352638294474922,0.935759709150708,0.));
#10415=DIRECTION('',(-0.352638294474922,-0.935759709150708,0.));
#10416=DIRECTION('',(0.,0.,-1.));
#10417=DIRECTION('',(0.,0.,-1.));
#10418=DIRECTION('',(0.,0.,-1.));
#10419=DIRECTION('center_axis',(-0.936508127914169,-0.350645870288956,0.));
#10420=DIRECTION('ref_axis',(-0.350645870288956,0.936508127914169,0.));
#10421=DIRECTION('',(0.350645870288956,-0.936508127914169,0.));
#10422=DIRECTION('',(-0.350645870288956,0.936508127914169,0.));
#10423=DIRECTION('center_axis',(0.933526027474919,0.358509631707291,0.));
#10424=DIRECTION('ref_axis',(0.358509631707291,-0.933526027474919,0.));
#10425=DIRECTION('',(0.,0.,-1.));
#10426=DIRECTION('',(0.358509631707291,-0.933526027474919,0.));
#10427=DIRECTION('',(0.,0.,-1.));
#10428=DIRECTION('center_axis',(0.,1.,0.));
#10429=DIRECTION('ref_axis',(1.,0.,0.));
#10430=DIRECTION('',(1.,0.,0.));
#10431=DIRECTION('',(0.,0.,-1.));
#10432=DIRECTION('center_axis',(-0.925486568455475,0.378780426643866,0.));
#10433=DIRECTION('ref_axis',(0.378780426643866,0.925486568455475,0.));
#10434=DIRECTION('',(0.378780426643866,0.925486568455475,0.));
#10435=DIRECTION('',(0.,0.,-1.));
#10436=DIRECTION('center_axis',(0.,-1.,0.));
#10437=DIRECTION('ref_axis',(-1.,0.,0.));
#10438=DIRECTION('',(-1.,0.,0.));
#10439=DIRECTION('',(0.,0.,-1.));
#10440=DIRECTION('center_axis',(0.933183015563908,-0.359401529578064,0.));
#10441=DIRECTION('ref_axis',(-0.359401529578064,-0.933183015563907,0.));
#10442=DIRECTION('',(-0.359401529578064,-0.933183015563907,0.));
#10443=DIRECTION('',(0.,0.,-1.));
#10444=DIRECTION('center_axis',(0.,-1.,0.));
#10445=DIRECTION('ref_axis',(-1.,0.,0.));
#10446=DIRECTION('',(-1.,0.,0.));
#10447=DIRECTION('',(0.,0.,-1.));
#10448=DIRECTION('center_axis',(-0.940102224975235,-0.340892661400347,0.));
#10449=DIRECTION('ref_axis',(-0.340892661400347,0.940102224975235,0.));
#10450=DIRECTION('',(-0.340892661400347,0.940102224975235,0.));
#10451=DIRECTION('',(0.,0.,-1.));
#10452=DIRECTION('center_axis',(0.,-1.,0.));
#10453=DIRECTION('ref_axis',(-1.,0.,0.));
#10454=DIRECTION('',(-1.,0.,0.));
#10455=DIRECTION('center_axis',(0.,0.,-1.));
#10456=DIRECTION('ref_axis',(1.,0.,0.));
#10457=DIRECTION('center_axis',(0.,0.,1.));
#10458=DIRECTION('ref_axis',(1.,0.,0.));
#10459=DIRECTION('center_axis',(1.,0.,0.));
#10460=DIRECTION('ref_axis',(0.,-1.,0.));
#10461=DIRECTION('',(0.,0.,-1.));
#10462=DIRECTION('',(0.,-1.,0.));
#10463=DIRECTION('',(0.,0.,-1.));
#10464=DIRECTION('center_axis',(0.,1.,0.));
#10465=DIRECTION('ref_axis',(1.,0.,0.));
#10466=DIRECTION('',(1.,0.,0.));
#10467=DIRECTION('',(0.,0.,-1.));
#10468=DIRECTION('center_axis',(-1.,0.,0.));
#10469=DIRECTION('ref_axis',(0.,1.,0.));
#10470=DIRECTION('',(0.,1.,0.));
#10471=DIRECTION('',(0.,0.,-1.));
#10472=DIRECTION('center_axis',(0.706620667638108,0.707592560776804,0.));
#10473=DIRECTION('ref_axis',(0.707592560776804,-0.706620667638108,0.));
#10474=DIRECTION('',(0.707592560776804,-0.706620667638108,0.));
#10475=DIRECTION('',(0.,0.,-1.));
#10476=DIRECTION('center_axis',(0.,1.,0.));
#10477=DIRECTION('ref_axis',(1.,0.,0.));
#10478=DIRECTION('',(1.,0.,0.));
#10479=DIRECTION('',(0.,0.,-1.));
#10480=DIRECTION('center_axis',(-0.694720000194062,-0.71928028009279,0.));
#10481=DIRECTION('ref_axis',(-0.71928028009279,0.694720000194062,0.));
#10482=DIRECTION('',(-0.71928028009279,0.694720000194062,0.));
#10483=DIRECTION('',(0.,0.,-1.));
#10484=DIRECTION('center_axis',(-0.805288321307491,0.59288339457752,0.));
#10485=DIRECTION('ref_axis',(0.59288339457752,0.805288321307491,0.));
#10486=DIRECTION('',(0.59288339457752,0.805288321307491,0.));
#10487=DIRECTION('',(0.,0.,-1.));
#10488=DIRECTION('center_axis',(0.,-1.,0.));
#10489=DIRECTION('ref_axis',(-1.,0.,0.));
#10490=DIRECTION('',(-1.,0.,0.));
#10491=DIRECTION('',(0.,0.,-1.));
#10492=DIRECTION('center_axis',(0.817883250325925,-0.575384209755795,0.));
#10493=DIRECTION('ref_axis',(-0.575384209755795,-0.817883250325925,0.));
#10494=DIRECTION('',(-0.575384209755795,-0.817883250325925,0.));
#10495=DIRECTION('',(0.,0.,-1.));
#10496=DIRECTION('center_axis',(-0.698099957940621,-0.716000313354193,0.));
#10497=DIRECTION('ref_axis',(-0.716000313354193,0.698099957940621,0.));
#10498=DIRECTION('',(-0.716000313354193,0.698099957940621,0.));
#10499=DIRECTION('',(0.,0.,-1.));
#10500=DIRECTION('center_axis',(-1.,0.,0.));
#10501=DIRECTION('ref_axis',(0.,1.,0.));
#10502=DIRECTION('',(0.,1.,0.));
#10503=DIRECTION('',(0.,0.,-1.));
#10504=DIRECTION('center_axis',(0.,-1.,0.));
#10505=DIRECTION('ref_axis',(-1.,0.,0.));
#10506=DIRECTION('',(-1.,0.,0.));
#10507=DIRECTION('center_axis',(0.,0.,-1.));
#10508=DIRECTION('ref_axis',(-1.,0.,0.));
#10509=DIRECTION('center_axis',(0.,1.,0.));
#10510=DIRECTION('ref_axis',(1.,0.,0.));
#10511=DIRECTION('',(-1.,0.,0.));
#10512=DIRECTION('',(0.,0.,-1.));
#10513=DIRECTION('',(1.,0.,0.));
#10514=DIRECTION('',(0.,0.,-1.));
#10515=DIRECTION('center_axis',(0.935759930676716,-0.352637706633745,0.));
#10516=DIRECTION('ref_axis',(-0.352637706633745,-0.935759930676716,0.));
#10517=DIRECTION('',(0.352637706633745,0.935759930676716,0.));
#10518=DIRECTION('',(-0.352637706633745,-0.935759930676716,0.));
#10519=DIRECTION('',(0.,0.,-1.));
#10520=DIRECTION('',(0.,0.,-1.));
#10521=DIRECTION('',(0.,0.,-1.));
#10522=DIRECTION('center_axis',(-0.936507919601071,-0.350646426652936,0.));
#10523=DIRECTION('ref_axis',(-0.350646426652936,0.936507919601071,0.));
#10524=DIRECTION('',(0.350646426652936,-0.936507919601071,0.));
#10525=DIRECTION('',(-0.350646426652936,0.936507919601071,0.));
#10526=DIRECTION('center_axis',(0.933525996437717,0.358509712525292,0.));
#10527=DIRECTION('ref_axis',(0.358509712525292,-0.933525996437717,0.));
#10528=DIRECTION('',(0.,0.,-1.));
#10529=DIRECTION('',(0.358509712525292,-0.933525996437717,0.));
#10530=DIRECTION('',(0.,0.,-1.));
#10531=DIRECTION('center_axis',(0.,1.,0.));
#10532=DIRECTION('ref_axis',(1.,0.,0.));
#10533=DIRECTION('',(1.,0.,0.));
#10534=DIRECTION('',(0.,0.,-1.));
#10535=DIRECTION('center_axis',(-0.925486503996016,0.378780584139728,0.));
#10536=DIRECTION('ref_axis',(0.378780584139728,0.925486503996016,0.));
#10537=DIRECTION('',(0.378780584139728,0.925486503996016,0.));
#10538=DIRECTION('',(0.,0.,-1.));
#10539=DIRECTION('center_axis',(0.,-1.,0.));
#10540=DIRECTION('ref_axis',(-1.,0.,0.));
#10541=DIRECTION('',(-1.,0.,0.));
#10542=DIRECTION('',(0.,0.,-1.));
#10543=DIRECTION('center_axis',(0.933183015563908,-0.359401529578064,0.));
#10544=DIRECTION('ref_axis',(-0.359401529578064,-0.933183015563907,0.));
#10545=DIRECTION('',(-0.359401529578064,-0.933183015563907,0.));
#10546=DIRECTION('',(0.,0.,-1.));
#10547=DIRECTION('center_axis',(0.,-1.,0.));
#10548=DIRECTION('ref_axis',(-1.,0.,0.));
#10549=DIRECTION('',(-1.,0.,0.));
#10550=DIRECTION('',(0.,0.,-1.));
#10551=DIRECTION('center_axis',(-0.940102027333818,-0.340893206448656,0.));
#10552=DIRECTION('ref_axis',(-0.340893206448656,0.940102027333818,0.));
#10553=DIRECTION('',(-0.340893206448656,0.940102027333818,0.));
#10554=DIRECTION('',(0.,0.,-1.));
#10555=DIRECTION('center_axis',(0.,-1.,0.));
#10556=DIRECTION('ref_axis',(-1.,0.,0.));
#10557=DIRECTION('',(-1.,0.,0.));
#10558=DIRECTION('center_axis',(0.,0.,-1.));
#10559=DIRECTION('ref_axis',(1.,0.,0.));
#10560=DIRECTION('center_axis',(0.,0.,1.));
#10561=DIRECTION('ref_axis',(1.,0.,0.));
#10562=DIRECTION('center_axis',(0.,1.,0.));
#10563=DIRECTION('ref_axis',(1.,0.,0.));
#10564=DIRECTION('',(-1.,0.,0.));
#10565=DIRECTION('',(0.,0.,-1.));
#10566=DIRECTION('',(1.,0.,0.));
#10567=DIRECTION('',(0.,0.,-1.));
#10568=DIRECTION('',(0.,0.,-1.));
#10569=DIRECTION('',(0.,0.,-1.));
#10570=DIRECTION('',(0.,0.,-1.));
#10571=DIRECTION('',(0.,0.,-1.));
#10572=DIRECTION('',(0.,0.,-1.));
#10573=DIRECTION('center_axis',(0.,-1.,0.));
#10574=DIRECTION('ref_axis',(-1.,0.,0.));
#10575=DIRECTION('',(1.,0.,0.));
#10576=DIRECTION('',(-1.,0.,0.));
#10577=DIRECTION('',(0.,0.,-1.));
#10578=DIRECTION('center_axis',(-1.,0.,0.));
#10579=DIRECTION('ref_axis',(0.,1.,0.));
#10580=DIRECTION('',(0.,-1.,0.));
#10581=DIRECTION('',(0.,1.,0.));
#10582=DIRECTION('center_axis',(1.,0.,0.));
#10583=DIRECTION('ref_axis',(0.,-1.,0.));
#10584=DIRECTION('',(0.,0.,-1.));
#10585=DIRECTION('',(0.,-1.,0.));
#10586=DIRECTION('',(0.,0.,-1.));
#10587=DIRECTION('center_axis',(0.,1.,0.));
#10588=DIRECTION('ref_axis',(1.,0.,0.));
#10589=DIRECTION('',(1.,0.,0.));
#10590=DIRECTION('',(0.,0.,-1.));
#10591=DIRECTION('',(0.,0.,-1.));
#10592=DIRECTION('',(0.,0.,-1.));
#10593=DIRECTION('',(0.,0.,-1.));
#10594=DIRECTION('',(0.,0.,-1.));
#10595=DIRECTION('',(0.,0.,-1.));
#10596=DIRECTION('',(0.,0.,-1.));
#10597=DIRECTION('center_axis',(0.,-1.,0.));
#10598=DIRECTION('ref_axis',(-1.,0.,0.));
#10599=DIRECTION('',(-1.,0.,0.));
#10600=DIRECTION('',(0.,0.,-1.));
#10601=DIRECTION('center_axis',(-1.,0.,0.));
#10602=DIRECTION('ref_axis',(0.,1.,0.));
#10603=DIRECTION('',(0.,1.,0.));
#10604=DIRECTION('',(0.,0.,-1.));
#10605=DIRECTION('center_axis',(0.,-1.,0.));
#10606=DIRECTION('ref_axis',(-1.,0.,0.));
#10607=DIRECTION('',(-1.,0.,0.));
#10608=DIRECTION('center_axis',(0.,0.,-1.));
#10609=DIRECTION('ref_axis',(1.,0.,0.));
#10610=DIRECTION('center_axis',(0.,0.,1.));
#10611=DIRECTION('ref_axis',(1.,0.,0.));
#10612=DIRECTION('center_axis',(-0.24488658266023,0.969551732313957,0.));
#10613=DIRECTION('ref_axis',(0.969551732313957,0.24488658266023,0.));
#10614=DIRECTION('',(0.,0.,-1.));
#10615=DIRECTION('',(0.969551732313957,0.24488658266023,0.));
#10616=DIRECTION('',(0.,0.,-1.));
#10617=DIRECTION('',(0.,0.,-1.));
#10618=DIRECTION('',(0.,0.,-1.));
#10619=DIRECTION('',(0.,0.,-1.));
#10620=DIRECTION('',(0.,0.,-1.));
#10621=DIRECTION('',(0.,0.,-1.));
#10622=DIRECTION('',(0.,0.,-1.));
#10623=DIRECTION('',(0.,0.,-1.));
#10624=DIRECTION('',(0.,0.,-1.));
#10625=DIRECTION('',(0.,0.,-1.));
#10626=DIRECTION('',(0.,0.,-1.));
#10627=DIRECTION('center_axis',(-0.229322682766787,-0.973350454445183,0.));
#10628=DIRECTION('ref_axis',(-0.973350454445183,0.229322682766787,0.));
#10629=DIRECTION('',(-0.973350454445183,0.229322682766787,0.));
#10630=DIRECTION('',(0.,0.,-1.));
#10631=DIRECTION('',(0.,0.,-1.));
#10632=DIRECTION('',(0.,0.,-1.));
#10633=DIRECTION('',(0.,0.,-1.));
#10634=DIRECTION('',(0.,0.,-1.));
#10635=DIRECTION('',(0.,0.,-1.));
#10636=DIRECTION('',(0.,0.,-1.));
#10637=DIRECTION('',(0.,0.,-1.));
#10638=DIRECTION('',(0.,0.,-1.));
#10639=DIRECTION('',(0.,0.,-1.));
#10640=DIRECTION('center_axis',(0.,0.,-1.));
#10641=DIRECTION('ref_axis',(1.,0.,0.));
#10642=DIRECTION('center_axis',(1.,0.,0.));
#10643=DIRECTION('ref_axis',(0.,-1.,0.));
#10644=DIRECTION('',(0.,0.,-1.));
#10645=DIRECTION('',(0.,-1.,0.));
#10646=DIRECTION('',(0.,0.,-1.));
#10647=DIRECTION('center_axis',(0.,1.,0.));
#10648=DIRECTION('ref_axis',(1.,0.,0.));
#10649=DIRECTION('',(1.,0.,0.));
#10650=DIRECTION('',(0.,0.,-1.));
#10651=DIRECTION('center_axis',(-1.,0.,0.));
#10652=DIRECTION('ref_axis',(0.,1.,0.));
#10653=DIRECTION('',(0.,1.,0.));
#10654=DIRECTION('',(0.,0.,-1.));
#10655=DIRECTION('center_axis',(0.,1.,0.));
#10656=DIRECTION('ref_axis',(1.,0.,0.));
#10657=DIRECTION('',(1.,0.,0.));
#10658=DIRECTION('',(0.,0.,-1.));
#10659=DIRECTION('center_axis',(1.,0.,0.));
#10660=DIRECTION('ref_axis',(0.,-1.,0.));
#10661=DIRECTION('',(0.,-1.,0.));
#10662=DIRECTION('',(0.,0.,-1.));
#10663=DIRECTION('center_axis',(0.,1.,0.));
#10664=DIRECTION('ref_axis',(1.,0.,0.));
#10665=DIRECTION('',(1.,0.,0.));
#10666=DIRECTION('',(0.,0.,-1.));
#10667=DIRECTION('center_axis',(-1.,0.,0.));
#10668=DIRECTION('ref_axis',(0.,1.,0.));
#10669=DIRECTION('',(0.,1.,0.));
#10670=DIRECTION('',(0.,0.,-1.));
#10671=DIRECTION('center_axis',(0.,-1.,0.));
#10672=DIRECTION('ref_axis',(-1.,0.,0.));
#10673=DIRECTION('',(-1.,0.,0.));
#10674=DIRECTION('',(0.,0.,-1.));
#10675=DIRECTION('center_axis',(1.,0.,0.));
#10676=DIRECTION('ref_axis',(0.,-1.,0.));
#10677=DIRECTION('',(0.,-1.,0.));
#10678=DIRECTION('',(0.,0.,-1.));
#10679=DIRECTION('center_axis',(0.,-1.,0.));
#10680=DIRECTION('ref_axis',(-1.,0.,0.));
#10681=DIRECTION('',(-1.,0.,0.));
#10682=DIRECTION('',(0.,0.,-1.));
#10683=DIRECTION('center_axis',(-1.,0.,0.));
#10684=DIRECTION('ref_axis',(0.,1.,0.));
#10685=DIRECTION('',(0.,1.,0.));
#10686=DIRECTION('',(0.,0.,-1.));
#10687=DIRECTION('center_axis',(0.,-1.,0.));
#10688=DIRECTION('ref_axis',(-1.,0.,0.));
#10689=DIRECTION('',(-1.,0.,0.));
#10690=DIRECTION('center_axis',(0.,0.,-1.));
#10691=DIRECTION('ref_axis',(-1.,0.,0.));
#10692=DIRECTION('center_axis',(1.,0.,0.));
#10693=DIRECTION('ref_axis',(0.,-1.,0.));
#10694=DIRECTION('',(0.,0.,-1.));
#10695=DIRECTION('',(0.,-1.,0.));
#10696=DIRECTION('',(0.,0.,-1.));
#10697=DIRECTION('center_axis',(0.,1.,0.));
#10698=DIRECTION('ref_axis',(1.,0.,0.));
#10699=DIRECTION('',(1.,0.,0.));
#10700=DIRECTION('',(0.,0.,-1.));
#10701=DIRECTION('center_axis',(-1.,0.,0.));
#10702=DIRECTION('ref_axis',(0.,1.,0.));
#10703=DIRECTION('',(0.,1.,0.));
#10704=DIRECTION('',(0.,0.,-1.));
#10705=DIRECTION('center_axis',(0.,-1.,0.));
#10706=DIRECTION('ref_axis',(-1.,0.,0.));
#10707=DIRECTION('',(-1.,0.,0.));
#10708=DIRECTION('',(0.,0.,-1.));
#10709=DIRECTION('center_axis',(-1.,0.,0.));
#10710=DIRECTION('ref_axis',(0.,1.,0.));
#10711=DIRECTION('',(0.,1.,0.));
#10712=DIRECTION('',(0.,0.,-1.));
#10713=DIRECTION('center_axis',(0.,1.,0.));
#10714=DIRECTION('ref_axis',(1.,0.,0.));
#10715=DIRECTION('',(1.,0.,0.));
#10716=DIRECTION('',(0.,0.,-1.));
#10717=DIRECTION('center_axis',(-1.,0.,0.));
#10718=DIRECTION('ref_axis',(0.,1.,0.));
#10719=DIRECTION('',(0.,1.,0.));
#10720=DIRECTION('',(0.,0.,-1.));
#10721=DIRECTION('center_axis',(0.,-1.,0.));
#10722=DIRECTION('ref_axis',(-1.,0.,0.));
#10723=DIRECTION('',(-1.,0.,0.));
#10724=DIRECTION('',(0.,0.,-1.));
#10725=DIRECTION('center_axis',(-1.,0.,0.));
#10726=DIRECTION('ref_axis',(0.,1.,0.));
#10727=DIRECTION('',(0.,1.,0.));
#10728=DIRECTION('',(0.,0.,-1.));
#10729=DIRECTION('center_axis',(0.,1.,0.));
#10730=DIRECTION('ref_axis',(1.,0.,0.));
#10731=DIRECTION('',(1.,0.,0.));
#10732=DIRECTION('',(0.,0.,-1.));
#10733=DIRECTION('center_axis',(-1.,0.,0.));
#10734=DIRECTION('ref_axis',(0.,1.,0.));
#10735=DIRECTION('',(0.,1.,0.));
#10736=DIRECTION('',(0.,0.,-1.));
#10737=DIRECTION('center_axis',(0.,-1.,0.));
#10738=DIRECTION('ref_axis',(-1.,0.,0.));
#10739=DIRECTION('',(-1.,0.,0.));
#10740=DIRECTION('center_axis',(0.,0.,-1.));
#10741=DIRECTION('ref_axis',(-1.,0.,0.));
#10742=DIRECTION('center_axis',(0.,1.,0.));
#10743=DIRECTION('ref_axis',(1.,0.,0.));
#10744=DIRECTION('',(-1.,0.,0.));
#10745=DIRECTION('',(0.,0.,-1.));
#10746=DIRECTION('',(1.,0.,0.));
#10747=DIRECTION('',(0.,0.,-1.));
#10748=DIRECTION('center_axis',(0.935759930676716,-0.352637706633745,0.));
#10749=DIRECTION('ref_axis',(-0.352637706633745,-0.935759930676716,0.));
#10750=DIRECTION('',(0.352637706633745,0.935759930676716,0.));
#10751=DIRECTION('',(-0.352637706633745,-0.935759930676716,0.));
#10752=DIRECTION('',(0.,0.,-1.));
#10753=DIRECTION('',(0.,0.,-1.));
#10754=DIRECTION('',(0.,0.,-1.));
#10755=DIRECTION('center_axis',(-0.936507958599275,-0.350646322496357,0.));
#10756=DIRECTION('ref_axis',(-0.350646322496357,0.936507958599275,0.));
#10757=DIRECTION('',(0.350646322496357,-0.936507958599275,0.));
#10758=DIRECTION('',(-0.350646322496357,0.936507958599275,0.));
#10759=DIRECTION('center_axis',(0.933525996437717,0.358509712525292,0.));
#10760=DIRECTION('ref_axis',(0.358509712525292,-0.933525996437717,0.));
#10761=DIRECTION('',(0.,0.,-1.));
#10762=DIRECTION('',(0.358509712525292,-0.933525996437717,0.));
#10763=DIRECTION('',(0.,0.,-1.));
#10764=DIRECTION('center_axis',(0.,1.,0.));
#10765=DIRECTION('ref_axis',(1.,0.,0.));
#10766=DIRECTION('',(1.,0.,0.));
#10767=DIRECTION('',(0.,0.,-1.));
#10768=DIRECTION('center_axis',(-0.925486503996016,0.378780584139728,0.));
#10769=DIRECTION('ref_axis',(0.378780584139728,0.925486503996016,0.));
#10770=DIRECTION('',(0.378780584139728,0.925486503996016,0.));
#10771=DIRECTION('',(0.,0.,-1.));
#10772=DIRECTION('center_axis',(0.,-1.,0.));
#10773=DIRECTION('ref_axis',(-1.,0.,0.));
#10774=DIRECTION('',(-1.,0.,0.));
#10775=DIRECTION('',(0.,0.,-1.));
#10776=DIRECTION('center_axis',(0.933183015563908,-0.359401529578064,0.));
#10777=DIRECTION('ref_axis',(-0.359401529578064,-0.933183015563907,0.));
#10778=DIRECTION('',(-0.359401529578064,-0.933183015563907,0.));
#10779=DIRECTION('',(0.,0.,-1.));
#10780=DIRECTION('center_axis',(0.,-1.,0.));
#10781=DIRECTION('ref_axis',(-1.,0.,0.));
#10782=DIRECTION('',(-1.,0.,0.));
#10783=DIRECTION('',(0.,0.,-1.));
#10784=DIRECTION('center_axis',(-0.940102027333818,-0.340893206448656,0.));
#10785=DIRECTION('ref_axis',(-0.340893206448656,0.940102027333818,0.));
#10786=DIRECTION('',(-0.340893206448656,0.940102027333818,0.));
#10787=DIRECTION('',(0.,0.,-1.));
#10788=DIRECTION('center_axis',(0.,-1.,0.));
#10789=DIRECTION('ref_axis',(-1.,0.,0.));
#10790=DIRECTION('',(-1.,0.,0.));
#10791=DIRECTION('center_axis',(0.,0.,-1.));
#10792=DIRECTION('ref_axis',(1.,0.,0.));
#10793=DIRECTION('center_axis',(0.,0.,1.));
#10794=DIRECTION('ref_axis',(1.,0.,0.));
#10795=DIRECTION('center_axis',(1.,0.,0.));
#10796=DIRECTION('ref_axis',(0.,-1.,0.));
#10797=DIRECTION('',(0.,0.,-1.));
#10798=DIRECTION('',(0.,-1.,0.));
#10799=DIRECTION('',(0.,0.,-1.));
#10800=DIRECTION('center_axis',(0.,1.,0.));
#10801=DIRECTION('ref_axis',(1.,0.,0.));
#10802=DIRECTION('',(1.,0.,0.));
#10803=DIRECTION('',(0.,0.,-1.));
#10804=DIRECTION('center_axis',(-1.,0.,0.));
#10805=DIRECTION('ref_axis',(0.,1.,0.));
#10806=DIRECTION('',(0.,1.,0.));
#10807=DIRECTION('',(0.,0.,-1.));
#10808=DIRECTION('center_axis',(0.,-1.,0.));
#10809=DIRECTION('ref_axis',(-1.,0.,0.));
#10810=DIRECTION('',(-1.,0.,0.));
#10811=DIRECTION('center_axis',(0.,0.,-1.));
#10812=DIRECTION('ref_axis',(-1.,0.,0.));
#10813=DIRECTION('center_axis',(0.,-1.,0.));
#10814=DIRECTION('ref_axis',(1.,0.,0.));
#10815=DIRECTION('',(-1.,0.,0.));
#10816=DIRECTION('',(0.,0.,1.));
#10817=DIRECTION('',(1.,0.,0.));
#10818=DIRECTION('',(0.,0.,1.));
#10819=DIRECTION('center_axis',(-1.,0.,0.));
#10820=DIRECTION('ref_axis',(0.,-1.,0.));
#10821=DIRECTION('',(0.,1.,0.));
#10822=DIRECTION('',(0.,-1.,0.));
#10823=DIRECTION('',(0.,0.,1.));
#10824=DIRECTION('center_axis',(0.,-1.,0.));
#10825=DIRECTION('ref_axis',(1.,0.,0.));
#10826=DIRECTION('',(-1.,0.,0.));
#10827=DIRECTION('',(1.,0.,0.));
#10828=DIRECTION('',(0.,0.,1.));
#10829=DIRECTION('center_axis',(1.,0.,0.));
#10830=DIRECTION('ref_axis',(0.,1.,0.));
#10831=DIRECTION('',(0.,-1.,0.));
#10832=DIRECTION('',(0.,1.,0.));
#10833=DIRECTION('',(0.,0.,1.));
#10834=DIRECTION('center_axis',(0.,-1.,0.));
#10835=DIRECTION('ref_axis',(1.,0.,0.));
#10836=DIRECTION('',(-1.,0.,0.));
#10837=DIRECTION('',(1.,0.,0.));
#10838=DIRECTION('',(0.,0.,1.));
#10839=DIRECTION('center_axis',(-1.,0.,0.));
#10840=DIRECTION('ref_axis',(0.,-1.,0.));
#10841=DIRECTION('',(0.,1.,0.));
#10842=DIRECTION('',(0.,-1.,0.));
#10843=DIRECTION('',(0.,0.,1.));
#10844=DIRECTION('center_axis',(0.,1.,0.));
#10845=DIRECTION('ref_axis',(-1.,0.,0.));
#10846=DIRECTION('',(1.,0.,0.));
#10847=DIRECTION('',(-1.,0.,0.));
#10848=DIRECTION('',(0.,0.,1.));
#10849=DIRECTION('center_axis',(1.,0.,0.));
#10850=DIRECTION('ref_axis',(0.,1.,0.));
#10851=DIRECTION('',(0.,-1.,0.));
#10852=DIRECTION('',(0.,1.,0.));
#10853=DIRECTION('',(0.,0.,1.));
#10854=DIRECTION('center_axis',(0.,1.,0.));
#10855=DIRECTION('ref_axis',(-1.,0.,0.));
#10856=DIRECTION('',(1.,0.,0.));
#10857=DIRECTION('',(-1.,0.,0.));
#10858=DIRECTION('',(0.,0.,1.));
#10859=DIRECTION('center_axis',(-1.,0.,0.));
#10860=DIRECTION('ref_axis',(0.,-1.,0.));
#10861=DIRECTION('',(0.,1.,0.));
#10862=DIRECTION('',(0.,-1.,0.));
#10863=DIRECTION('',(0.,0.,1.));
#10864=DIRECTION('center_axis',(0.,1.,0.));
#10865=DIRECTION('ref_axis',(-1.,0.,0.));
#10866=DIRECTION('',(1.,0.,0.));
#10867=DIRECTION('',(-1.,0.,0.));
#10868=DIRECTION('',(0.,0.,1.));
#10869=DIRECTION('center_axis',(1.,0.,0.));
#10870=DIRECTION('ref_axis',(0.,1.,0.));
#10871=DIRECTION('',(0.,-1.,0.));
#10872=DIRECTION('',(0.,1.,0.));
#10873=DIRECTION('center_axis',(0.,0.,1.));
#10874=DIRECTION('ref_axis',(1.,0.,0.));
#10875=DIRECTION('',(0.,0.,1.));
#10876=DIRECTION('',(0.,0.,1.));
#10877=DIRECTION('',(0.,0.,1.));
#10878=DIRECTION('center_axis',(0.,-1.,0.));
#10879=DIRECTION('ref_axis',(1.,0.,0.));
#10880=DIRECTION('',(-1.,0.,0.));
#10881=DIRECTION('',(1.,0.,0.));
#10882=DIRECTION('',(0.,0.,1.));
#10883=DIRECTION('',(0.,0.,1.));
#10884=DIRECTION('',(0.,0.,1.));
#10885=DIRECTION('center_axis',(-1.,0.,0.));
#10886=DIRECTION('ref_axis',(0.,-1.,0.));
#10887=DIRECTION('',(0.,1.,0.));
#10888=DIRECTION('',(0.,-1.,0.));
#10889=DIRECTION('',(0.,0.,1.));
#10890=DIRECTION('',(0.,0.,1.));
#10891=DIRECTION('',(0.,0.,1.));
#10892=DIRECTION('center_axis',(0.,1.,0.));
#10893=DIRECTION('ref_axis',(-1.,0.,0.));
#10894=DIRECTION('',(1.,0.,0.));
#10895=DIRECTION('',(-1.,0.,0.));
#10896=DIRECTION('',(0.,0.,1.));
#10897=DIRECTION('',(0.,0.,1.));
#10898=DIRECTION('',(0.,0.,1.));
#10899=DIRECTION('center_axis',(1.,0.,0.));
#10900=DIRECTION('ref_axis',(0.,1.,0.));
#10901=DIRECTION('',(0.,-1.,0.));
#10902=DIRECTION('',(0.,1.,0.));
#10903=DIRECTION('',(0.,0.,1.));
#10904=DIRECTION('center_axis',(0.,-1.,0.));
#10905=DIRECTION('ref_axis',(1.,0.,0.));
#10906=DIRECTION('',(-1.,0.,0.));
#10907=DIRECTION('',(1.,0.,0.));
#10908=DIRECTION('',(0.,0.,1.));
#10909=DIRECTION('center_axis',(-1.,0.,0.));
#10910=DIRECTION('ref_axis',(0.,-1.,0.));
#10911=DIRECTION('',(0.,1.,0.));
#10912=DIRECTION('',(0.,-1.,0.));
#10913=DIRECTION('',(0.,0.,1.));
#10914=DIRECTION('center_axis',(0.,-1.,0.));
#10915=DIRECTION('ref_axis',(1.,0.,0.));
#10916=DIRECTION('',(-1.,0.,0.));
#10917=DIRECTION('',(1.,0.,0.));
#10918=DIRECTION('',(0.,0.,1.));
#10919=DIRECTION('center_axis',(1.,0.,0.));
#10920=DIRECTION('ref_axis',(0.,1.,0.));
#10921=DIRECTION('',(0.,-1.,0.));
#10922=DIRECTION('',(0.,1.,0.));
#10923=DIRECTION('',(0.,0.,1.));
#10924=DIRECTION('center_axis',(0.,1.,0.));
#10925=DIRECTION('ref_axis',(-1.,0.,0.));
#10926=DIRECTION('',(1.,0.,0.));
#10927=DIRECTION('',(-1.,0.,0.));
#10928=DIRECTION('',(0.,0.,1.));
#10929=DIRECTION('center_axis',(-1.,0.,0.));
#10930=DIRECTION('ref_axis',(0.,-1.,0.));
#10931=DIRECTION('',(0.,1.,0.));
#10932=DIRECTION('',(0.,-1.,0.));
#10933=DIRECTION('',(0.,0.,1.));
#10934=DIRECTION('center_axis',(0.,1.,0.));
#10935=DIRECTION('ref_axis',(-1.,0.,0.));
#10936=DIRECTION('',(1.,0.,0.));
#10937=DIRECTION('',(-1.,0.,0.));
#10938=DIRECTION('',(0.,0.,1.));
#10939=DIRECTION('center_axis',(1.,0.,0.));
#10940=DIRECTION('ref_axis',(0.,1.,0.));
#10941=DIRECTION('',(0.,-1.,0.));
#10942=DIRECTION('',(0.,1.,0.));
#10943=DIRECTION('center_axis',(0.,0.,1.));
#10944=DIRECTION('ref_axis',(-1.,0.,0.));
#10945=DIRECTION('center_axis',(0.,-1.,0.));
#10946=DIRECTION('ref_axis',(1.,0.,0.));
#10947=DIRECTION('',(-1.,0.,0.));
#10948=DIRECTION('',(0.,0.,1.));
#10949=DIRECTION('',(1.,0.,0.));
#10950=DIRECTION('',(0.,0.,1.));
#10951=DIRECTION('center_axis',(-0.901504337233722,-0.432770065911203,0.));
#10952=DIRECTION('ref_axis',(0.432770065911203,-0.901504337233722,0.));
#10953=DIRECTION('',(-0.432770065911203,0.901504337233722,0.));
#10954=DIRECTION('',(0.432770065911203,-0.901504337233722,0.));
#10955=DIRECTION('',(0.,0.,1.));
#10956=DIRECTION('center_axis',(1.,0.,0.));
#10957=DIRECTION('ref_axis',(0.,1.,0.));
#10958=DIRECTION('',(0.,-1.,0.));
#10959=DIRECTION('',(0.,1.,0.));
#10960=DIRECTION('',(0.,0.,1.));
#10961=DIRECTION('center_axis',(0.,-1.,0.));
#10962=DIRECTION('ref_axis',(1.,0.,0.));
#10963=DIRECTION('',(-1.,0.,0.));
#10964=DIRECTION('',(1.,0.,0.));
#10965=DIRECTION('',(0.,0.,1.));
#10966=DIRECTION('center_axis',(-1.,0.,0.));
#10967=DIRECTION('ref_axis',(0.,-1.,0.));
#10968=DIRECTION('',(0.,1.,0.));
#10969=DIRECTION('',(0.,-1.,0.));
#10970=DIRECTION('',(0.,0.,1.));
#10971=DIRECTION('center_axis',(0.,1.,0.));
#10972=DIRECTION('ref_axis',(-1.,0.,0.));
#10973=DIRECTION('',(1.,0.,0.));
#10974=DIRECTION('',(-1.,0.,0.));
#10975=DIRECTION('',(0.,0.,1.));
#10976=DIRECTION('center_axis',(1.,0.,0.));
#10977=DIRECTION('ref_axis',(0.,1.,0.));
#10978=DIRECTION('',(0.,-1.,0.));
#10979=DIRECTION('',(0.,1.,0.));
#10980=DIRECTION('',(0.,0.,1.));
#10981=DIRECTION('center_axis',(-0.906215999053467,0.422815045923778,0.));
#10982=DIRECTION('ref_axis',(-0.422815045923778,-0.906215999053467,0.));
#10983=DIRECTION('',(0.422815045923778,0.906215999053467,0.));
#10984=DIRECTION('',(-0.422815045923778,-0.906215999053467,0.));
#10985=DIRECTION('',(0.,0.,1.));
#10986=DIRECTION('center_axis',(0.,1.,0.));
#10987=DIRECTION('ref_axis',(-1.,0.,0.));
#10988=DIRECTION('',(1.,0.,0.));
#10989=DIRECTION('',(-1.,0.,0.));
#10990=DIRECTION('',(0.,0.,1.));
#10991=DIRECTION('center_axis',(1.,0.,0.));
#10992=DIRECTION('ref_axis',(0.,1.,0.));
#10993=DIRECTION('',(0.,-1.,0.));
#10994=DIRECTION('',(0.,1.,0.));
#10995=DIRECTION('',(0.,0.,1.));
#10996=DIRECTION('center_axis',(0.903218737749998,-0.429180511879676,0.));
#10997=DIRECTION('ref_axis',(0.429180511879676,0.903218737749998,0.));
#10998=DIRECTION('',(-0.429180511879676,-0.903218737749998,0.));
#10999=DIRECTION('',(0.429180511879676,0.903218737749998,0.));
#11000=DIRECTION('',(0.,0.,1.));
#11001=DIRECTION('center_axis',(0.90164452753693,0.432477913843825,0.));
#11002=DIRECTION('ref_axis',(-0.432477913843825,0.90164452753693,0.));
#11003=DIRECTION('',(0.432477913843825,-0.90164452753693,0.));
#11004=DIRECTION('',(-0.432477913843825,0.90164452753693,0.));
#11005=DIRECTION('center_axis',(0.,0.,1.));
#11006=DIRECTION('ref_axis',(1.,0.,0.));
#11007=DIRECTION('center_axis',(-0.987199802673643,-0.159488399581665,0.));
#11008=DIRECTION('ref_axis',(0.159488399581665,-0.987199802673643,0.));
#11009=DIRECTION('',(-0.159488399581665,0.987199802673643,0.));
#11010=DIRECTION('',(0.,0.,1.));
#11011=DIRECTION('',(0.159488399581665,-0.987199802673643,0.));
#11012=DIRECTION('',(0.,0.,1.));
#11013=DIRECTION('center_axis',(0.987015857576029,-0.160622840509862,0.));
#11014=DIRECTION('ref_axis',(0.160622840509862,0.987015857576029,0.));
#11015=DIRECTION('',(-0.160622840509862,-0.987015857576029,0.));
#11016=DIRECTION('',(0.160622840509862,0.987015857576029,0.));
#11017=DIRECTION('',(0.,0.,1.));
#11018=DIRECTION('center_axis',(0.,1.,0.));
#11019=DIRECTION('ref_axis',(-1.,0.,0.));
#11020=DIRECTION('',(1.,0.,0.));
#11021=DIRECTION('',(-1.,0.,0.));
#11022=DIRECTION('center_axis',(0.,-1.,0.));
#11023=DIRECTION('ref_axis',(1.,0.,0.));
#11024=DIRECTION('',(-1.,0.,0.));
#11025=DIRECTION('',(0.,0.,1.));
#11026=DIRECTION('',(1.,0.,0.));
#11027=DIRECTION('',(0.,0.,1.));
#11028=DIRECTION('center_axis',(-0.987740006632708,-0.1561079091437,0.));
#11029=DIRECTION('ref_axis',(0.1561079091437,-0.987740006632708,0.));
#11030=DIRECTION('',(-0.1561079091437,0.987740006632708,0.));
#11031=DIRECTION('',(0.1561079091437,-0.987740006632708,0.));
#11032=DIRECTION('',(0.,0.,1.));
#11033=DIRECTION('center_axis',(0.,-1.,0.));
#11034=DIRECTION('ref_axis',(1.,0.,0.));
#11035=DIRECTION('',(-1.,0.,0.));
#11036=DIRECTION('',(1.,0.,0.));
#11037=DIRECTION('',(0.,0.,1.));
#11038=DIRECTION('center_axis',(0.987740006632708,-0.1561079091437,0.));
#11039=DIRECTION('ref_axis',(0.1561079091437,0.987740006632708,0.));
#11040=DIRECTION('',(-0.1561079091437,-0.987740006632708,0.));
#11041=DIRECTION('',(0.1561079091437,0.987740006632708,0.));
#11042=DIRECTION('',(0.,0.,1.));
#11043=DIRECTION('center_axis',(0.,-1.,0.));
#11044=DIRECTION('ref_axis',(1.,0.,0.));
#11045=DIRECTION('',(-1.,0.,0.));
#11046=DIRECTION('',(1.,0.,0.));
#11047=DIRECTION('',(0.,0.,1.));
#11048=DIRECTION('center_axis',(-1.,0.,0.));
#11049=DIRECTION('ref_axis',(0.,-1.,0.));
#11050=DIRECTION('',(0.,1.,0.));
#11051=DIRECTION('',(0.,-1.,0.));
#11052=DIRECTION('',(0.,0.,1.));
#11053=DIRECTION('center_axis',(-0.984478066622792,0.175507653219592,0.));
#11054=DIRECTION('ref_axis',(-0.175507653219592,-0.984478066622792,0.));
#11055=DIRECTION('',(0.175507653219592,0.984478066622792,0.));
#11056=DIRECTION('',(-0.175507653219592,-0.984478066622792,0.));
#11057=DIRECTION('',(0.,0.,1.));
#11058=DIRECTION('center_axis',(0.,1.,0.));
#11059=DIRECTION('ref_axis',(-1.,0.,0.));
#11060=DIRECTION('',(1.,0.,0.));
#11061=DIRECTION('',(-1.,0.,0.));
#11062=DIRECTION('',(0.,0.,1.));
#11063=DIRECTION('center_axis',(0.984770901161045,0.173857045374822,0.));
#11064=DIRECTION('ref_axis',(-0.173857045374822,0.984770901161045,0.));
#11065=DIRECTION('',(0.173857045374822,-0.984770901161045,0.));
#11066=DIRECTION('',(-0.173857045374822,0.984770901161045,0.));
#11067=DIRECTION('center_axis',(0.,0.,1.));
#11068=DIRECTION('ref_axis',(1.,0.,0.));
#11069=DIRECTION('center_axis',(0.,0.,1.));
#11070=DIRECTION('ref_axis',(1.,0.,0.));
#11071=DIRECTION('',(-1.,0.,0.));
#11072=DIRECTION('center_axis',(0.,0.,-1.));
#11073=DIRECTION('ref_axis',(0.707106781186548,-0.707106781186548,0.));
#11074=DIRECTION('',(0.,-1.,0.));
#11075=DIRECTION('center_axis',(0.,0.,-1.));
#11076=DIRECTION('ref_axis',(0.707106781186548,0.707106781186548,0.));
#11077=DIRECTION('',(1.,0.,0.));
#11078=DIRECTION('center_axis',(0.,0.,-1.));
#11079=DIRECTION('ref_axis',(-0.707106781186547,0.707106781186548,0.));
#11080=DIRECTION('',(0.,1.,0.));
#11081=DIRECTION('center_axis',(0.,0.,-1.));
#11082=DIRECTION('ref_axis',(-0.707106781186548,-0.707106781186548,0.));
#11083=DIRECTION('',(-1.,0.,0.));
#11084=DIRECTION('',(-0.156108556571842,0.987739904309356,0.));
#11085=DIRECTION('',(-1.,0.,0.));
#11086=DIRECTION('',(-0.156108556571842,-0.987739904309356,0.));
#11087=DIRECTION('',(-1.,0.,0.));
#11088=DIRECTION('',(0.,1.,0.));
#11089=DIRECTION('',(0.175507653219594,0.984478066622792,0.));
#11090=DIRECTION('',(1.,0.,0.));
#11091=DIRECTION('',(0.173857045374821,-0.984770901161045,0.));
#11092=DIRECTION('',(-1.,0.,0.));
#11093=DIRECTION('',(0.,1.,0.));
#11094=DIRECTION('',(1.,0.,0.));
#11095=DIRECTION('',(0.,-1.,0.));
#11096=DIRECTION('',(1.,0.,0.));
#11097=DIRECTION('',(0.,1.,0.));
#11098=DIRECTION('',(-0.63756773521955,0.770394303592008,0.));
#11099=DIRECTION('',(0.,1.,0.));
#11100=DIRECTION('',(1.,0.,0.));
#11101=DIRECTION('',(0.,-1.,0.));
#11102=DIRECTION('',(-1.,0.,0.));
#11103=DIRECTION('',(0.,1.,0.));
#11104=DIRECTION('',(-1.,0.,0.));
#11105=DIRECTION('',(0.,-1.,0.));
#11106=DIRECTION('',(0.639314703333763,-0.768945193171309,0.));
#11107=DIRECTION('',(0.,-1.,0.));
#11108=DIRECTION('',(-0.170201341554527,-0.985409307512893,0.));
#11109=DIRECTION('',(-1.,0.,0.));
#11110=DIRECTION('',(-0.170201341554525,0.985409307512893,0.));
#11111=DIRECTION('',(1.,0.,0.));
#11112=DIRECTION('',(0.153844692868342,-0.988095041216302,0.));
#11113=DIRECTION('',(0.058721887816039,-0.998274381065306,0.));
#11114=DIRECTION('',(0.153844692868342,0.988095041216302,0.));
#11115=DIRECTION('',(1.,0.,0.));
#11116=DIRECTION('',(-1.,0.,0.));
#11117=DIRECTION('',(0.,1.,0.));
#11118=DIRECTION('',(1.,0.,0.));
#11119=DIRECTION('',(0.,-1.,0.));
#11120=DIRECTION('center_axis',(0.,0.,-1.));
#11121=DIRECTION('ref_axis',(1.,0.,0.));
#11122=DIRECTION('center_axis',(0.,0.,-1.));
#11123=DIRECTION('ref_axis',(1.,0.,0.));
#11124=DIRECTION('center_axis',(0.,0.,-1.));
#11125=DIRECTION('ref_axis',(1.,0.,0.));
#11126=DIRECTION('center_axis',(0.,0.,-1.));
#11127=DIRECTION('ref_axis',(0.,1.,0.));
#11128=DIRECTION('',(1.,0.,0.));
#11129=DIRECTION('center_axis',(0.,0.,-1.));
#11130=DIRECTION('ref_axis',(1.,0.,0.));
#11131=DIRECTION('',(0.,-1.,0.));
#11132=DIRECTION('center_axis',(0.,0.,-1.));
#11133=DIRECTION('ref_axis',(0.,-1.,0.));
#11134=DIRECTION('',(-1.,0.,0.));
#11135=DIRECTION('center_axis',(0.,0.,-1.));
#11136=DIRECTION('ref_axis',(-1.,0.,0.));
#11137=DIRECTION('',(0.,1.,0.));
#11138=DIRECTION('center_axis',(0.,0.,-1.));
#11139=DIRECTION('ref_axis',(0.,1.,0.));
#11140=DIRECTION('',(1.,0.,0.));
#11141=DIRECTION('center_axis',(0.,0.,-1.));
#11142=DIRECTION('ref_axis',(1.,0.,0.));
#11143=DIRECTION('',(0.,-1.,0.));
#11144=DIRECTION('center_axis',(0.,0.,-1.));
#11145=DIRECTION('ref_axis',(0.,-1.,0.));
#11146=DIRECTION('',(-1.,0.,0.));
#11147=DIRECTION('center_axis',(0.,0.,-1.));
#11148=DIRECTION('ref_axis',(-1.,0.,0.));
#11149=DIRECTION('',(0.,1.,0.));
#11150=DIRECTION('',(-1.,0.,0.));
#11151=DIRECTION('',(0.,1.,0.));
#11152=DIRECTION('',(1.,0.,0.));
#11153=DIRECTION('',(0.,-1.,0.));
#11154=DIRECTION('center_axis',(0.,0.,-1.));
#11155=DIRECTION('ref_axis',(0.,1.,0.));
#11156=DIRECTION('',(1.,0.,0.));
#11157=DIRECTION('center_axis',(0.,0.,-1.));
#11158=DIRECTION('ref_axis',(1.,0.,0.));
#11159=DIRECTION('',(0.,-1.,0.));
#11160=DIRECTION('center_axis',(0.,0.,-1.));
#11161=DIRECTION('ref_axis',(0.,-1.,0.));
#11162=DIRECTION('',(-1.,0.,0.));
#11163=DIRECTION('center_axis',(0.,0.,-1.));
#11164=DIRECTION('ref_axis',(-1.,0.,0.));
#11165=DIRECTION('',(0.,1.,0.));
#11166=DIRECTION('center_axis',(0.,0.,-1.));
#11167=DIRECTION('ref_axis',(0.,1.,0.));
#11168=DIRECTION('',(1.,0.,0.));
#11169=DIRECTION('center_axis',(0.,0.,-1.));
#11170=DIRECTION('ref_axis',(1.,0.,0.));
#11171=DIRECTION('',(0.,-1.,0.));
#11172=DIRECTION('center_axis',(0.,0.,-1.));
#11173=DIRECTION('ref_axis',(0.,-1.,0.));
#11174=DIRECTION('',(-1.,0.,0.));
#11175=DIRECTION('center_axis',(0.,0.,-1.));
#11176=DIRECTION('ref_axis',(-1.,0.,0.));
#11177=DIRECTION('',(0.,1.,0.));
#11178=DIRECTION('center_axis',(0.,0.,-1.));
#11179=DIRECTION('ref_axis',(1.,0.,0.));
#11180=DIRECTION('center_axis',(0.,0.,-1.));
#11181=DIRECTION('ref_axis',(0.,1.,0.));
#11182=DIRECTION('',(1.,0.,0.));
#11183=DIRECTION('center_axis',(0.,0.,-1.));
#11184=DIRECTION('ref_axis',(1.,0.,0.));
#11185=DIRECTION('',(0.,-1.,0.));
#11186=DIRECTION('center_axis',(0.,0.,-1.));
#11187=DIRECTION('ref_axis',(0.,-1.,0.));
#11188=DIRECTION('',(-1.,0.,0.));
#11189=DIRECTION('center_axis',(0.,0.,-1.));
#11190=DIRECTION('ref_axis',(-1.,0.,0.));
#11191=DIRECTION('',(0.,1.,0.));
#11192=DIRECTION('center_axis',(0.,0.,-1.));
#11193=DIRECTION('ref_axis',(0.,1.,0.));
#11194=DIRECTION('',(1.,0.,0.));
#11195=DIRECTION('center_axis',(0.,0.,-1.));
#11196=DIRECTION('ref_axis',(1.,0.,0.));
#11197=DIRECTION('',(0.,-1.,0.));
#11198=DIRECTION('center_axis',(0.,0.,-1.));
#11199=DIRECTION('ref_axis',(0.,-1.,0.));
#11200=DIRECTION('',(-1.,0.,0.));
#11201=DIRECTION('center_axis',(0.,0.,-1.));
#11202=DIRECTION('ref_axis',(-1.,0.,0.));
#11203=DIRECTION('',(0.,1.,0.));
#11204=DIRECTION('',(-1.,0.,0.));
#11205=DIRECTION('',(-0.1561079091437,0.987740006632708,0.));
#11206=DIRECTION('',(-1.,0.,0.));
#11207=DIRECTION('',(-0.156108556571842,-0.987739904309356,0.));
#11208=DIRECTION('',(-1.,0.,0.));
#11209=DIRECTION('',(0.,1.,0.));
#11210=DIRECTION('',(0.175507510676269,0.984478092034668,0.));
#11211=DIRECTION('',(1.,0.,0.));
#11212=DIRECTION('',(0.173856903067992,-0.98477092628469,0.));
#11213=DIRECTION('',(-1.,0.,0.));
#11214=DIRECTION('',(0.,-1.,0.));
#11215=DIRECTION('',(-1.,0.,0.));
#11216=DIRECTION('',(0.,1.,0.));
#11217=DIRECTION('',(1.,0.,0.));
#11218=DIRECTION('',(0.,-1.,0.));
#11219=DIRECTION('',(-1.,0.,0.));
#11220=DIRECTION('',(0.,1.,0.));
#11221=DIRECTION('',(1.,0.,0.));
#11222=DIRECTION('',(0.,-1.,0.));
#11223=DIRECTION('',(-1.,0.,0.));
#11224=DIRECTION('',(0.,1.,0.));
#11225=DIRECTION('',(-1.,0.,0.));
#11226=DIRECTION('',(0.,-1.,0.));
#11227=DIRECTION('',(1.,0.,0.));
#11228=DIRECTION('',(0.,1.,0.));
#11229=DIRECTION('',(-1.,0.,0.));
#11230=DIRECTION('',(0.,1.,0.));
#11231=DIRECTION('',(1.,0.,0.));
#11232=DIRECTION('',(0.,-1.,0.));
#11233=DIRECTION('',(-1.,8.47246877930885E-16,0.));
#11234=DIRECTION('',(1.11306060597227E-15,1.,0.));
#11235=DIRECTION('',(1.,0.,0.));
#11236=DIRECTION('',(0.,-1.,0.));
#11237=DIRECTION('',(-1.,0.,0.));
#11238=DIRECTION('',(0.,-1.,0.));
#11239=DIRECTION('',(1.,0.,0.));
#11240=DIRECTION('',(0.,-1.,0.));
#11241=DIRECTION('',(-1.,0.,0.));
#11242=DIRECTION('',(0.,-1.,0.));
#11243=DIRECTION('',(1.,0.,0.));
#11244=DIRECTION('',(0.,-1.,0.));
#11245=DIRECTION('',(-1.,0.,0.));
#11246=DIRECTION('',(1.11306060597227E-15,1.,0.));
#11247=DIRECTION('',(1.,0.,0.));
#11248=DIRECTION('',(-1.11306060597227E-15,-1.,0.));
#11249=DIRECTION('center_axis',(0.,-1.,0.));
#11250=DIRECTION('ref_axis',(1.,0.,0.));
#11251=DIRECTION('',(0.,0.,1.));
#11252=DIRECTION('',(1.,0.,0.));
#11253=DIRECTION('',(0.,0.,1.));
#11254=DIRECTION('center_axis',(-1.,1.11306060597227E-15,0.));
#11255=DIRECTION('ref_axis',(-1.11306060597227E-15,-1.,0.));
#11256=DIRECTION('',(-1.11306060597227E-15,-1.,0.));
#11257=DIRECTION('',(0.,0.,1.));
#11258=DIRECTION('center_axis',(0.,1.,0.));
#11259=DIRECTION('ref_axis',(-1.,0.,0.));
#11260=DIRECTION('',(-1.,0.,0.));
#11261=DIRECTION('',(0.,0.,1.));
#11262=DIRECTION('center_axis',(1.,-1.11306060597227E-15,0.));
#11263=DIRECTION('ref_axis',(1.11306060597227E-15,1.,0.));
#11264=DIRECTION('',(1.11306060597227E-15,1.,0.));
#11265=DIRECTION('center_axis',(0.,0.,1.));
#11266=DIRECTION('ref_axis',(1.,0.,0.));
#11267=DIRECTION('center_axis',(-8.47246877930885E-16,-1.,0.));
#11268=DIRECTION('ref_axis',(1.,-8.47246877930885E-16,0.));
#11269=DIRECTION('',(0.,0.,1.));
#11270=DIRECTION('',(1.,-8.47246877930885E-16,0.));
#11271=DIRECTION('',(0.,0.,1.));
#11272=DIRECTION('center_axis',(-1.,1.11306060597227E-15,0.));
#11273=DIRECTION('ref_axis',(-1.11306060597227E-15,-1.,0.));
#11274=DIRECTION('',(-1.11306060597227E-15,-1.,0.));
#11275=DIRECTION('',(0.,0.,1.));
#11276=DIRECTION('center_axis',(0.,1.,0.));
#11277=DIRECTION('ref_axis',(-1.,0.,0.));
#11278=DIRECTION('',(-1.,0.,0.));
#11279=DIRECTION('',(0.,0.,1.));
#11280=DIRECTION('center_axis',(1.,0.,0.));
#11281=DIRECTION('ref_axis',(0.,1.,0.));
#11282=DIRECTION('',(0.,1.,0.));
#11283=DIRECTION('',(0.,0.,1.));
#11284=DIRECTION('center_axis',(0.,-1.,0.));
#11285=DIRECTION('ref_axis',(1.,0.,0.));
#11286=DIRECTION('',(1.,0.,0.));
#11287=DIRECTION('',(0.,0.,1.));
#11288=DIRECTION('center_axis',(1.,0.,0.));
#11289=DIRECTION('ref_axis',(0.,1.,0.));
#11290=DIRECTION('',(0.,1.,0.));
#11291=DIRECTION('',(0.,0.,1.));
#11292=DIRECTION('center_axis',(0.,1.,0.));
#11293=DIRECTION('ref_axis',(-1.,0.,0.));
#11294=DIRECTION('',(-1.,0.,0.));
#11295=DIRECTION('',(0.,0.,1.));
#11296=DIRECTION('center_axis',(1.,0.,0.));
#11297=DIRECTION('ref_axis',(0.,1.,0.));
#11298=DIRECTION('',(0.,1.,0.));
#11299=DIRECTION('',(0.,0.,1.));
#11300=DIRECTION('center_axis',(0.,-1.,0.));
#11301=DIRECTION('ref_axis',(1.,0.,0.));
#11302=DIRECTION('',(1.,0.,0.));
#11303=DIRECTION('',(0.,0.,1.));
#11304=DIRECTION('center_axis',(1.,0.,0.));
#11305=DIRECTION('ref_axis',(0.,1.,0.));
#11306=DIRECTION('',(0.,1.,0.));
#11307=DIRECTION('',(0.,0.,1.));
#11308=DIRECTION('center_axis',(0.,1.,0.));
#11309=DIRECTION('ref_axis',(-1.,0.,0.));
#11310=DIRECTION('',(-1.,0.,0.));
#11311=DIRECTION('',(0.,0.,1.));
#11312=DIRECTION('center_axis',(1.,0.,0.));
#11313=DIRECTION('ref_axis',(0.,1.,0.));
#11314=DIRECTION('',(0.,1.,0.));
#11315=DIRECTION('center_axis',(0.,0.,1.));
#11316=DIRECTION('ref_axis',(1.,0.,0.));
#11317=DIRECTION('',(0.,0.,1.));
#11318=DIRECTION('',(0.,0.,1.));
#11319=DIRECTION('',(0.,0.,1.));
#11320=DIRECTION('center_axis',(0.,-1.,0.));
#11321=DIRECTION('ref_axis',(1.,0.,0.));
#11322=DIRECTION('',(1.,0.,0.));
#11323=DIRECTION('',(0.,0.,1.));
#11324=DIRECTION('',(0.,0.,1.));
#11325=DIRECTION('',(0.,0.,1.));
#11326=DIRECTION('center_axis',(-1.,0.,0.));
#11327=DIRECTION('ref_axis',(0.,-1.,0.));
#11328=DIRECTION('',(0.,-1.,0.));
#11329=DIRECTION('',(0.,0.,1.));
#11330=DIRECTION('',(0.,0.,1.));
#11331=DIRECTION('',(0.,0.,1.));
#11332=DIRECTION('center_axis',(0.,1.,0.));
#11333=DIRECTION('ref_axis',(-1.,0.,0.));
#11334=DIRECTION('',(-1.,0.,0.));
#11335=DIRECTION('',(0.,0.,1.));
#11336=DIRECTION('',(0.,0.,1.));
#11337=DIRECTION('',(0.,0.,1.));
#11338=DIRECTION('center_axis',(1.,0.,0.));
#11339=DIRECTION('ref_axis',(0.,1.,0.));
#11340=DIRECTION('',(0.,1.,0.));
#11341=DIRECTION('',(0.,0.,1.));
#11342=DIRECTION('center_axis',(0.,-1.,0.));
#11343=DIRECTION('ref_axis',(1.,0.,0.));
#11344=DIRECTION('',(1.,0.,0.));
#11345=DIRECTION('',(0.,0.,1.));
#11346=DIRECTION('center_axis',(-1.,0.,0.));
#11347=DIRECTION('ref_axis',(0.,-1.,0.));
#11348=DIRECTION('',(0.,-1.,0.));
#11349=DIRECTION('',(0.,0.,1.));
#11350=DIRECTION('center_axis',(0.,-1.,0.));
#11351=DIRECTION('ref_axis',(1.,0.,0.));
#11352=DIRECTION('',(1.,0.,0.));
#11353=DIRECTION('',(0.,0.,1.));
#11354=DIRECTION('center_axis',(1.,0.,0.));
#11355=DIRECTION('ref_axis',(0.,1.,0.));
#11356=DIRECTION('',(0.,1.,0.));
#11357=DIRECTION('',(0.,0.,1.));
#11358=DIRECTION('center_axis',(0.,1.,0.));
#11359=DIRECTION('ref_axis',(-1.,0.,0.));
#11360=DIRECTION('',(-1.,0.,0.));
#11361=DIRECTION('',(0.,0.,1.));
#11362=DIRECTION('center_axis',(-1.,0.,0.));
#11363=DIRECTION('ref_axis',(0.,-1.,0.));
#11364=DIRECTION('',(0.,-1.,0.));
#11365=DIRECTION('',(0.,0.,1.));
#11366=DIRECTION('center_axis',(0.,-1.,0.));
#11367=DIRECTION('ref_axis',(1.,0.,0.));
#11368=DIRECTION('',(1.,0.,0.));
#11369=DIRECTION('',(0.,0.,1.));
#11370=DIRECTION('center_axis',(-1.,0.,0.));
#11371=DIRECTION('ref_axis',(0.,-1.,0.));
#11372=DIRECTION('',(0.,-1.,0.));
#11373=DIRECTION('',(0.,0.,1.));
#11374=DIRECTION('center_axis',(0.,1.,0.));
#11375=DIRECTION('ref_axis',(-1.,0.,0.));
#11376=DIRECTION('',(-1.,0.,0.));
#11377=DIRECTION('',(0.,0.,1.));
#11378=DIRECTION('center_axis',(1.,0.,0.));
#11379=DIRECTION('ref_axis',(0.,1.,0.));
#11380=DIRECTION('',(0.,1.,0.));
#11381=DIRECTION('center_axis',(0.,0.,1.));
#11382=DIRECTION('ref_axis',(-1.,0.,0.));
#11383=DIRECTION('center_axis',(-0.987199759820099,-0.1594886648359,0.));
#11384=DIRECTION('ref_axis',(0.1594886648359,-0.987199759820099,0.));
#11385=DIRECTION('',(-0.1594886648359,0.987199759820099,0.));
#11386=DIRECTION('',(0.,0.,1.));
#11387=DIRECTION('',(0.1594886648359,-0.987199759820099,0.));
#11388=DIRECTION('',(0.,0.,1.));
#11389=DIRECTION('center_axis',(0.987015857576029,-0.160622840509862,0.));
#11390=DIRECTION('ref_axis',(0.160622840509862,0.987015857576029,0.));
#11391=DIRECTION('',(-0.160622840509862,-0.987015857576029,0.));
#11392=DIRECTION('',(0.160622840509862,0.987015857576029,0.));
#11393=DIRECTION('',(0.,0.,1.));
#11394=DIRECTION('center_axis',(0.,1.,0.));
#11395=DIRECTION('ref_axis',(-1.,0.,0.));
#11396=DIRECTION('',(1.,0.,0.));
#11397=DIRECTION('',(-1.,0.,0.));
#11398=DIRECTION('center_axis',(0.,-1.,0.));
#11399=DIRECTION('ref_axis',(1.,0.,0.));
#11400=DIRECTION('',(0.,0.,1.));
#11401=DIRECTION('',(1.,0.,0.));
#11402=DIRECTION('',(0.,0.,1.));
#11403=DIRECTION('center_axis',(-0.987739904309356,-0.156108556571842,0.));
#11404=DIRECTION('ref_axis',(0.156108556571842,-0.987739904309356,0.));
#11405=DIRECTION('',(0.156108556571842,-0.987739904309356,0.));
#11406=DIRECTION('',(0.,0.,1.));
#11407=DIRECTION('center_axis',(0.,-1.,0.));
#11408=DIRECTION('ref_axis',(1.,0.,0.));
#11409=DIRECTION('',(1.,0.,0.));
#11410=DIRECTION('',(0.,0.,1.));
#11411=DIRECTION('center_axis',(0.987739904309356,-0.156108556571842,0.));
#11412=DIRECTION('ref_axis',(0.156108556571842,0.987739904309356,0.));
#11413=DIRECTION('',(0.156108556571842,0.987739904309356,0.));
#11414=DIRECTION('',(0.,0.,1.));
#11415=DIRECTION('center_axis',(0.,-1.,0.));
#11416=DIRECTION('ref_axis',(1.,0.,0.));
#11417=DIRECTION('',(1.,0.,0.));
#11418=DIRECTION('',(0.,0.,1.));
#11419=DIRECTION('center_axis',(-1.,0.,0.));
#11420=DIRECTION('ref_axis',(0.,-1.,0.));
#11421=DIRECTION('',(0.,-1.,0.));
#11422=DIRECTION('',(0.,0.,1.));
#11423=DIRECTION('center_axis',(-0.984478066622792,0.175507653219594,0.));
#11424=DIRECTION('ref_axis',(-0.175507653219594,-0.984478066622792,0.));
#11425=DIRECTION('',(-0.175507653219594,-0.984478066622792,0.));
#11426=DIRECTION('',(0.,0.,1.));
#11427=DIRECTION('center_axis',(0.,1.,0.));
#11428=DIRECTION('ref_axis',(-1.,0.,0.));
#11429=DIRECTION('',(-1.,0.,0.));
#11430=DIRECTION('',(0.,0.,1.));
#11431=DIRECTION('center_axis',(0.984770901161045,0.173857045374821,0.));
#11432=DIRECTION('ref_axis',(-0.173857045374821,0.984770901161045,0.));
#11433=DIRECTION('',(-0.173857045374821,0.984770901161045,0.));
#11434=DIRECTION('center_axis',(0.,0.,1.));
#11435=DIRECTION('ref_axis',(1.,0.,0.));
#11436=DIRECTION('center_axis',(0.,0.,1.));
#11437=DIRECTION('ref_axis',(1.,0.,0.));
#11438=DIRECTION('',(0.,0.,1.));
#11439=DIRECTION('',(0.,0.,1.));
#11440=DIRECTION('',(0.,0.,1.));
#11441=DIRECTION('center_axis',(0.,-1.,0.));
#11442=DIRECTION('ref_axis',(1.,0.,0.));
#11443=DIRECTION('',(1.,0.,0.));
#11444=DIRECTION('',(0.,0.,1.));
#11445=DIRECTION('',(0.,0.,1.));
#11446=DIRECTION('',(0.,0.,1.));
#11447=DIRECTION('center_axis',(-1.,0.,0.));
#11448=DIRECTION('ref_axis',(0.,-1.,0.));
#11449=DIRECTION('',(0.,-1.,0.));
#11450=DIRECTION('',(0.,0.,1.));
#11451=DIRECTION('center_axis',(0.,1.,0.));
#11452=DIRECTION('ref_axis',(-1.,0.,0.));
#11453=DIRECTION('',(-1.,0.,0.));
#11454=DIRECTION('',(0.,0.,1.));
#11455=DIRECTION('center_axis',(1.,0.,0.));
#11456=DIRECTION('ref_axis',(0.,1.,0.));
#11457=DIRECTION('',(0.,1.,0.));
#11458=DIRECTION('',(0.,0.,1.));
#11459=DIRECTION('center_axis',(0.,1.,0.));
#11460=DIRECTION('ref_axis',(-1.,0.,0.));
#11461=DIRECTION('',(-1.,0.,0.));
#11462=DIRECTION('',(0.,0.,1.));
#11463=DIRECTION('center_axis',(-1.,0.,0.));
#11464=DIRECTION('ref_axis',(0.,-1.,0.));
#11465=DIRECTION('',(0.,-1.,0.));
#11466=DIRECTION('',(0.,0.,1.));
#11467=DIRECTION('center_axis',(-0.770394303592008,-0.63756773521955,0.));
#11468=DIRECTION('ref_axis',(0.63756773521955,-0.770394303592008,0.));
#11469=DIRECTION('',(0.63756773521955,-0.770394303592008,0.));
#11470=DIRECTION('',(0.,0.,1.));
#11471=DIRECTION('',(0.,0.,1.));
#11472=DIRECTION('center_axis',(-1.,0.,0.));
#11473=DIRECTION('ref_axis',(0.,-1.,0.));
#11474=DIRECTION('',(0.,-1.,0.));
#11475=DIRECTION('',(0.,0.,1.));
#11476=DIRECTION('',(0.,0.,1.));
#11477=DIRECTION('',(0.,0.,1.));
#11478=DIRECTION('center_axis',(0.,1.,0.));
#11479=DIRECTION('ref_axis',(-1.,0.,0.));
#11480=DIRECTION('',(-1.,0.,0.));
#11481=DIRECTION('',(0.,0.,1.));
#11482=DIRECTION('',(0.,0.,1.));
#11483=DIRECTION('',(0.,0.,1.));
#11484=DIRECTION('center_axis',(1.,0.,0.));
#11485=DIRECTION('ref_axis',(0.,1.,0.));
#11486=DIRECTION('',(0.,1.,0.));
#11487=DIRECTION('',(0.,0.,1.));
#11488=DIRECTION('center_axis',(0.,-1.,0.));
#11489=DIRECTION('ref_axis',(1.,0.,0.));
#11490=DIRECTION('',(1.,0.,0.));
#11491=DIRECTION('',(0.,0.,1.));
#11492=DIRECTION('center_axis',(-1.,0.,0.));
#11493=DIRECTION('ref_axis',(0.,-1.,0.));
#11494=DIRECTION('',(0.,-1.,0.));
#11495=DIRECTION('',(0.,0.,1.));
#11496=DIRECTION('center_axis',(0.,-1.,0.));
#11497=DIRECTION('ref_axis',(1.,0.,0.));
#11498=DIRECTION('',(1.,0.,0.));
#11499=DIRECTION('',(0.,0.,1.));
#11500=DIRECTION('center_axis',(1.,0.,0.));
#11501=DIRECTION('ref_axis',(0.,1.,0.));
#11502=DIRECTION('',(0.,1.,0.));
#11503=DIRECTION('',(0.,0.,1.));
#11504=DIRECTION('center_axis',(0.768945193171309,0.639314703333763,0.));
#11505=DIRECTION('ref_axis',(-0.639314703333763,0.768945193171309,0.));
#11506=DIRECTION('',(-0.639314703333763,0.768945193171309,0.));
#11507=DIRECTION('',(0.,0.,1.));
#11508=DIRECTION('',(0.,0.,1.));
#11509=DIRECTION('center_axis',(1.,0.,0.));
#11510=DIRECTION('ref_axis',(0.,1.,0.));
#11511=DIRECTION('',(0.,1.,0.));
#11512=DIRECTION('center_axis',(0.,0.,1.));
#11513=DIRECTION('ref_axis',(-1.,0.,0.));
#11514=DIRECTION('center_axis',(0.985409307512893,-0.170201341554527,0.));
#11515=DIRECTION('ref_axis',(0.170201341554527,0.985409307512893,0.));
#11516=DIRECTION('',(0.,0.,1.));
#11517=DIRECTION('',(0.170201341554527,0.985409307512893,0.));
#11518=DIRECTION('',(0.,0.,1.));
#11519=DIRECTION('center_axis',(0.,-1.,0.));
#11520=DIRECTION('ref_axis',(1.,0.,0.));
#11521=DIRECTION('',(1.,0.,0.));
#11522=DIRECTION('',(0.,0.,1.));
#11523=DIRECTION('center_axis',(-0.985409307512893,-0.170201341554525,0.));
#11524=DIRECTION('ref_axis',(0.170201341554525,-0.985409307512893,0.));
#11525=DIRECTION('',(0.170201341554525,-0.985409307512893,0.));
#11526=DIRECTION('',(0.,0.,1.));
#11527=DIRECTION('center_axis',(0.,1.,0.));
#11528=DIRECTION('ref_axis',(-1.,0.,0.));
#11529=DIRECTION('',(-1.,0.,0.));
#11530=DIRECTION('',(0.,0.,1.));
#11531=DIRECTION('center_axis',(0.988095041216302,0.153844692868342,0.));
#11532=DIRECTION('ref_axis',(-0.153844692868342,0.988095041216302,0.));
#11533=DIRECTION('',(-0.153844692868342,0.988095041216302,0.));
#11534=DIRECTION('',(0.,0.,1.));
#11535=DIRECTION('center_axis',(0.998274381065306,0.058721887816039,0.));
#11536=DIRECTION('ref_axis',(-0.058721887816039,0.998274381065306,0.));
#11537=DIRECTION('',(0.,0.,1.));
#11538=DIRECTION('',(0.,0.,1.));
#11539=DIRECTION('center_axis',(-0.988095041216302,0.153844692868342,0.));
#11540=DIRECTION('ref_axis',(-0.153844692868342,-0.988095041216302,0.));
#11541=DIRECTION('',(-0.153844692868342,-0.988095041216302,0.));
#11542=DIRECTION('',(0.,0.,1.));
#11543=DIRECTION('center_axis',(0.,1.,0.));
#11544=DIRECTION('ref_axis',(-1.,0.,0.));
#11545=DIRECTION('',(-1.,0.,0.));
#11546=DIRECTION('center_axis',(0.,0.,1.));
#11547=DIRECTION('ref_axis',(-1.,0.,0.));
#11548=DIRECTION('center_axis',(-1.,0.,0.));
#11549=DIRECTION('ref_axis',(0.,-1.,0.));
#11550=DIRECTION('',(0.,1.,0.));
#11551=DIRECTION('',(0.,0.,1.));
#11552=DIRECTION('',(0.,-1.,0.));
#11553=DIRECTION('',(0.,0.,1.));
#11554=DIRECTION('center_axis',(0.,-1.,0.));
#11555=DIRECTION('ref_axis',(1.,0.,0.));
#11556=DIRECTION('',(-1.,0.,0.));
#11557=DIRECTION('',(1.,0.,0.));
#11558=DIRECTION('',(0.,0.,1.));
#11559=DIRECTION('center_axis',(1.,0.,0.));
#11560=DIRECTION('ref_axis',(0.,1.,0.));
#11561=DIRECTION('',(0.,-1.,0.));
#11562=DIRECTION('',(0.,1.,0.));
#11563=DIRECTION('',(0.,0.,1.));
#11564=DIRECTION('center_axis',(0.,1.,0.));
#11565=DIRECTION('ref_axis',(-1.,0.,0.));
#11566=DIRECTION('',(1.,0.,0.));
#11567=DIRECTION('',(-1.,0.,0.));
#11568=DIRECTION('',(0.,0.,1.));
#11569=DIRECTION('',(0.,0.,1.));
#11570=DIRECTION('',(0.,0.,1.));
#11571=DIRECTION('center_axis',(0.,-1.,0.));
#11572=DIRECTION('ref_axis',(1.,0.,0.));
#11573=DIRECTION('',(1.,0.,0.));
#11574=DIRECTION('',(0.,0.,1.));
#11575=DIRECTION('center_axis',(1.,0.,0.));
#11576=DIRECTION('ref_axis',(0.,1.,0.));
#11577=DIRECTION('',(0.,1.,0.));
#11578=DIRECTION('',(0.,0.,1.));
#11579=DIRECTION('center_axis',(0.,-1.,0.));
#11580=DIRECTION('ref_axis',(1.,0.,0.));
#11581=DIRECTION('',(1.,0.,0.));
#11582=DIRECTION('',(0.,0.,1.));
#11583=DIRECTION('center_axis',(-1.,0.,0.));
#11584=DIRECTION('ref_axis',(0.,-1.,0.));
#11585=DIRECTION('',(0.,-1.,0.));
#11586=DIRECTION('',(0.,0.,1.));
#11587=DIRECTION('center_axis',(0.,1.,0.));
#11588=DIRECTION('ref_axis',(-1.,0.,0.));
#11589=DIRECTION('',(-1.,0.,0.));
#11590=DIRECTION('',(0.,0.,1.));
#11591=DIRECTION('',(0.,0.,1.));
#11592=DIRECTION('',(0.,0.,1.));
#11593=DIRECTION('center_axis',(1.,0.,0.));
#11594=DIRECTION('ref_axis',(0.,1.,0.));
#11595=DIRECTION('',(0.,1.,0.));
#11596=DIRECTION('center_axis',(0.,0.,1.));
#11597=DIRECTION('ref_axis',(-1.,0.,0.));
#11598=DIRECTION('center_axis',(0.,0.,1.));
#11599=DIRECTION('ref_axis',(1.,0.,0.));
#11600=DIRECTION('center_axis',(-1.,0.,0.));
#11601=DIRECTION('ref_axis',(0.,-1.,0.));
#11602=DIRECTION('',(0.,1.,0.));
#11603=DIRECTION('',(0.,0.,1.));
#11604=DIRECTION('',(0.,-1.,0.));
#11605=DIRECTION('',(0.,0.,1.));
#11606=DIRECTION('',(0.,0.,1.));
#11607=DIRECTION('',(0.,0.,1.));
#11608=DIRECTION('center_axis',(0.,-1.,0.));
#11609=DIRECTION('ref_axis',(1.,0.,0.));
#11610=DIRECTION('',(-1.,0.,0.));
#11611=DIRECTION('',(1.,0.,0.));
#11612=DIRECTION('',(0.,0.,1.));
#11613=DIRECTION('center_axis',(1.,0.,0.));
#11614=DIRECTION('ref_axis',(0.,1.,0.));
#11615=DIRECTION('',(0.,-1.,0.));
#11616=DIRECTION('',(0.,1.,0.));
#11617=DIRECTION('',(0.,0.,1.));
#11618=DIRECTION('center_axis',(0.,1.,0.));
#11619=DIRECTION('ref_axis',(-1.,0.,0.));
#11620=DIRECTION('',(1.,0.,0.));
#11621=DIRECTION('',(-1.,0.,0.));
#11622=DIRECTION('',(0.,0.,1.));
#11623=DIRECTION('',(0.,0.,1.));
#11624=DIRECTION('',(0.,0.,1.));
#11625=DIRECTION('',(0.,0.,1.));
#11626=DIRECTION('',(0.,0.,1.));
#11627=DIRECTION('center_axis',(0.,-1.,0.));
#11628=DIRECTION('ref_axis',(1.,0.,0.));
#11629=DIRECTION('',(1.,0.,0.));
#11630=DIRECTION('',(0.,0.,1.));
#11631=DIRECTION('center_axis',(-1.,0.,0.));
#11632=DIRECTION('ref_axis',(0.,-1.,0.));
#11633=DIRECTION('',(0.,-1.,0.));
#11634=DIRECTION('',(0.,0.,1.));
#11635=DIRECTION('center_axis',(0.,1.,0.));
#11636=DIRECTION('ref_axis',(-1.,0.,0.));
#11637=DIRECTION('',(-1.,0.,0.));
#11638=DIRECTION('',(0.,0.,1.));
#11639=DIRECTION('',(0.,0.,1.));
#11640=DIRECTION('',(0.,0.,1.));
#11641=DIRECTION('center_axis',(1.,0.,0.));
#11642=DIRECTION('ref_axis',(0.,1.,0.));
#11643=DIRECTION('',(0.,1.,0.));
#11644=DIRECTION('center_axis',(0.,0.,1.));
#11645=DIRECTION('ref_axis',(-1.,0.,0.));
#11646=DIRECTION('center_axis',(0.,0.,1.));
#11647=DIRECTION('ref_axis',(1.,0.,0.));
#11648=DIRECTION('center_axis',(-0.987199716966488,-0.159488930090101,0.));
#11649=DIRECTION('ref_axis',(0.159488930090101,-0.987199716966488,0.));
#11650=DIRECTION('',(-0.159488930090101,0.987199716966488,0.));
#11651=DIRECTION('',(0.,0.,1.));
#11652=DIRECTION('',(0.159488930090101,-0.987199716966488,0.));
#11653=DIRECTION('',(0.,0.,1.));
#11654=DIRECTION('center_axis',(0.987015857576029,-0.160622840509862,0.));
#11655=DIRECTION('ref_axis',(0.160622840509862,0.987015857576029,0.));
#11656=DIRECTION('',(-0.160622840509862,-0.987015857576029,0.));
#11657=DIRECTION('',(0.160622840509862,0.987015857576029,0.));
#11658=DIRECTION('',(0.,0.,1.));
#11659=DIRECTION('center_axis',(0.,1.,0.));
#11660=DIRECTION('ref_axis',(-1.,0.,0.));
#11661=DIRECTION('',(1.,0.,0.));
#11662=DIRECTION('',(-1.,0.,0.));
#11663=DIRECTION('center_axis',(0.,-1.,0.));
#11664=DIRECTION('ref_axis',(1.,0.,0.));
#11665=DIRECTION('',(0.,0.,1.));
#11666=DIRECTION('',(1.,0.,0.));
#11667=DIRECTION('',(0.,0.,1.));
#11668=DIRECTION('center_axis',(-0.987740006632708,-0.1561079091437,0.));
#11669=DIRECTION('ref_axis',(0.1561079091437,-0.987740006632708,0.));
#11670=DIRECTION('',(0.1561079091437,-0.987740006632708,0.));
#11671=DIRECTION('',(0.,0.,1.));
#11672=DIRECTION('center_axis',(0.,-1.,0.));
#11673=DIRECTION('ref_axis',(1.,0.,0.));
#11674=DIRECTION('',(1.,0.,0.));
#11675=DIRECTION('',(0.,0.,1.));
#11676=DIRECTION('center_axis',(0.987739904309356,-0.156108556571842,0.));
#11677=DIRECTION('ref_axis',(0.156108556571842,0.987739904309356,0.));
#11678=DIRECTION('',(0.156108556571842,0.987739904309356,0.));
#11679=DIRECTION('',(0.,0.,1.));
#11680=DIRECTION('center_axis',(0.,-1.,0.));
#11681=DIRECTION('ref_axis',(1.,0.,0.));
#11682=DIRECTION('',(1.,0.,0.));
#11683=DIRECTION('',(0.,0.,1.));
#11684=DIRECTION('center_axis',(-1.,0.,0.));
#11685=DIRECTION('ref_axis',(0.,-1.,0.));
#11686=DIRECTION('',(0.,-1.,0.));
#11687=DIRECTION('',(0.,0.,1.));
#11688=DIRECTION('center_axis',(-0.984478092034668,0.175507510676269,0.));
#11689=DIRECTION('ref_axis',(-0.175507510676269,-0.984478092034668,0.));
#11690=DIRECTION('',(-0.175507510676269,-0.984478092034668,0.));
#11691=DIRECTION('',(0.,0.,1.));
#11692=DIRECTION('center_axis',(0.,1.,0.));
#11693=DIRECTION('ref_axis',(-1.,0.,0.));
#11694=DIRECTION('',(-1.,0.,0.));
#11695=DIRECTION('',(0.,0.,1.));
#11696=DIRECTION('center_axis',(0.98477092628469,0.173856903067992,0.));
#11697=DIRECTION('ref_axis',(-0.173856903067992,0.98477092628469,0.));
#11698=DIRECTION('',(-0.173856903067992,0.98477092628469,0.));
#11699=DIRECTION('center_axis',(0.,0.,1.));
#11700=DIRECTION('ref_axis',(1.,0.,0.));
#11701=DIRECTION('center_axis',(0.,0.,1.));
#11702=DIRECTION('ref_axis',(1.,0.,0.));
#11703=DIRECTION('center_axis',(0.,-0.707106781186547,0.707106781186548));
#11704=DIRECTION('ref_axis',(1.,0.,0.));
#11705=DIRECTION('',(0.,0.707106781186548,0.707106781186547));
#11706=DIRECTION('',(0.,-0.707106781186548,-0.707106781186547));
#11707=DIRECTION('center_axis',(0.,0.,-1.));
#11708=DIRECTION('ref_axis',(0.707106781186548,-0.707106781186548,0.));
#11709=DIRECTION('',(-0.707106781186548,0.,0.707106781186547));
#11710=DIRECTION('center_axis',(0.707106781186547,0.,0.707106781186548));
#11711=DIRECTION('ref_axis',(0.707106781186548,0.,-0.707106781186547));
#11712=DIRECTION('',(-0.707106781186548,2.09345661157836E-15,0.707106781186547));
#11713=DIRECTION('center_axis',(0.,0.,-1.));
#11714=DIRECTION('ref_axis',(0.707106781186548,0.707106781186548,0.));
#11715=DIRECTION('',(0.,-0.707106781186546,0.707106781186549));
#11716=DIRECTION('center_axis',(0.,0.707106781186549,0.707106781186546));
#11717=DIRECTION('ref_axis',(1.,0.,0.));
#11718=DIRECTION('',(0.,-0.707106781186546,0.707106781186549));
#11719=DIRECTION('center_axis',(0.,0.,-1.));
#11720=DIRECTION('ref_axis',(-0.707106781186547,0.707106781186548,0.));
#11721=DIRECTION('',(0.707106781186547,0.,0.707106781186548));
#11722=DIRECTION('center_axis',(-0.707106781186548,0.,0.707106781186547));
#11723=DIRECTION('ref_axis',(0.707106781186547,0.,0.707106781186548));
#11724=DIRECTION('',(0.707106781186547,0.,0.707106781186548));
#11725=DIRECTION('center_axis',(0.,0.,-1.));
#11726=DIRECTION('ref_axis',(-0.707106781186548,-0.707106781186548,0.));
#11727=DIRECTION('center_axis',(0.,0.,1.));
#11728=DIRECTION('ref_axis',(1.,0.,0.));
#11729=DIRECTION('center_axis',(0.,0.,1.));
#11730=DIRECTION('ref_axis',(1.,0.,0.));
#11731=DIRECTION('center_axis',(1.,0.,0.));
#11732=DIRECTION('ref_axis',(0.,1.,0.));
#11733=DIRECTION('',(0.,0.,1.));
#11734=DIRECTION('',(0.,0.,1.));
#11735=DIRECTION('center_axis',(0.,0.,1.));
#11736=DIRECTION('ref_axis',(-1.,0.,0.));
#11737=DIRECTION('',(0.,0.,1.));
#11738=DIRECTION('center_axis',(0.,1.,0.));
#11739=DIRECTION('ref_axis',(-1.,0.,0.));
#11740=DIRECTION('',(0.,0.,1.));
#11741=DIRECTION('center_axis',(0.,0.,1.));
#11742=DIRECTION('ref_axis',(0.,-1.,0.));
#11743=DIRECTION('',(0.,0.,1.));
#11744=DIRECTION('center_axis',(-1.,0.,0.));
#11745=DIRECTION('ref_axis',(0.,-1.,0.));
#11746=DIRECTION('',(0.,0.,1.));
#11747=DIRECTION('center_axis',(0.,0.,1.));
#11748=DIRECTION('ref_axis',(1.,0.,0.));
#11749=DIRECTION('',(0.,0.,1.));
#11750=DIRECTION('center_axis',(0.,-1.,0.));
#11751=DIRECTION('ref_axis',(1.,0.,0.));
#11752=DIRECTION('',(0.,0.,1.));
#11753=DIRECTION('center_axis',(0.,0.,1.));
#11754=DIRECTION('ref_axis',(0.,1.,0.));
#11755=DIRECTION('center_axis',(1.,0.,0.));
#11756=DIRECTION('ref_axis',(0.,1.,0.));
#11757=DIRECTION('',(0.,0.,1.));
#11758=DIRECTION('',(0.,0.,1.));
#11759=DIRECTION('center_axis',(0.,0.,1.));
#11760=DIRECTION('ref_axis',(-1.,0.,0.));
#11761=DIRECTION('',(0.,0.,1.));
#11762=DIRECTION('center_axis',(0.,1.,0.));
#11763=DIRECTION('ref_axis',(-1.,0.,0.));
#11764=DIRECTION('',(0.,0.,1.));
#11765=DIRECTION('center_axis',(0.,0.,1.));
#11766=DIRECTION('ref_axis',(0.,-1.,0.));
#11767=DIRECTION('',(0.,0.,1.));
#11768=DIRECTION('center_axis',(-1.,0.,0.));
#11769=DIRECTION('ref_axis',(0.,-1.,0.));
#11770=DIRECTION('',(0.,0.,1.));
#11771=DIRECTION('center_axis',(0.,0.,1.));
#11772=DIRECTION('ref_axis',(1.,0.,0.));
#11773=DIRECTION('',(0.,0.,1.));
#11774=DIRECTION('center_axis',(0.,-1.,0.));
#11775=DIRECTION('ref_axis',(1.,0.,0.));
#11776=DIRECTION('',(0.,0.,1.));
#11777=DIRECTION('center_axis',(0.,0.,1.));
#11778=DIRECTION('ref_axis',(0.,1.,0.));
#11779=DIRECTION('center_axis',(0.,0.,1.));
#11780=DIRECTION('ref_axis',(1.,0.,0.));
#11781=DIRECTION('',(0.,0.,-1.));
#11782=DIRECTION('center_axis',(1.,0.,0.));
#11783=DIRECTION('ref_axis',(0.,1.,0.));
#11784=DIRECTION('',(0.,0.,1.));
#11785=DIRECTION('',(0.,0.,1.));
#11786=DIRECTION('center_axis',(0.,0.,1.));
#11787=DIRECTION('ref_axis',(-1.,0.,0.));
#11788=DIRECTION('',(0.,0.,1.));
#11789=DIRECTION('center_axis',(0.,1.,0.));
#11790=DIRECTION('ref_axis',(-1.,0.,0.));
#11791=DIRECTION('',(0.,0.,1.));
#11792=DIRECTION('center_axis',(0.,0.,1.));
#11793=DIRECTION('ref_axis',(0.,-1.,0.));
#11794=DIRECTION('',(0.,0.,1.));
#11795=DIRECTION('center_axis',(-1.,0.,0.));
#11796=DIRECTION('ref_axis',(0.,-1.,0.));
#11797=DIRECTION('',(0.,0.,1.));
#11798=DIRECTION('center_axis',(0.,0.,1.));
#11799=DIRECTION('ref_axis',(1.,0.,0.));
#11800=DIRECTION('',(0.,0.,1.));
#11801=DIRECTION('center_axis',(0.,-1.,0.));
#11802=DIRECTION('ref_axis',(1.,0.,0.));
#11803=DIRECTION('',(0.,0.,1.));
#11804=DIRECTION('center_axis',(0.,0.,1.));
#11805=DIRECTION('ref_axis',(0.,1.,0.));
#11806=DIRECTION('center_axis',(1.,0.,0.));
#11807=DIRECTION('ref_axis',(0.,1.,0.));
#11808=DIRECTION('',(0.,0.,1.));
#11809=DIRECTION('',(0.,0.,1.));
#11810=DIRECTION('center_axis',(0.,0.,1.));
#11811=DIRECTION('ref_axis',(-1.,0.,0.));
#11812=DIRECTION('',(0.,0.,1.));
#11813=DIRECTION('center_axis',(0.,1.,0.));
#11814=DIRECTION('ref_axis',(-1.,0.,0.));
#11815=DIRECTION('',(0.,0.,1.));
#11816=DIRECTION('center_axis',(0.,0.,1.));
#11817=DIRECTION('ref_axis',(0.,-1.,0.));
#11818=DIRECTION('',(0.,0.,1.));
#11819=DIRECTION('center_axis',(-1.,0.,0.));
#11820=DIRECTION('ref_axis',(0.,-1.,0.));
#11821=DIRECTION('',(0.,0.,1.));
#11822=DIRECTION('center_axis',(0.,0.,1.));
#11823=DIRECTION('ref_axis',(1.,0.,0.));
#11824=DIRECTION('',(0.,0.,1.));
#11825=DIRECTION('center_axis',(0.,-1.,0.));
#11826=DIRECTION('ref_axis',(1.,0.,0.));
#11827=DIRECTION('',(0.,0.,1.));
#11828=DIRECTION('center_axis',(0.,0.,1.));
#11829=DIRECTION('ref_axis',(0.,1.,0.));
#11830=DIRECTION('center_axis',(-0.939692620785908,0.,0.342020143325669));
#11831=DIRECTION('ref_axis',(0.,-1.,0.));
#11832=DIRECTION('',(0.323615577118185,-0.323615577118185,0.889126490715988));
#11833=DIRECTION('',(0.323615577118185,0.323615577118185,0.889126490715988));
#11834=DIRECTION('center_axis',(0.,-0.939692620785908,0.342020143325669));
#11835=DIRECTION('ref_axis',(1.,0.,0.));
#11836=DIRECTION('',(0.323615577118185,-0.323615577118185,-0.889126490715988));
#11837=DIRECTION('center_axis',(0.939692620785908,0.,0.342020143325669));
#11838=DIRECTION('ref_axis',(0.,1.,0.));
#11839=DIRECTION('',(-0.323615577118185,-0.323615577118185,0.889126490715988));
#11840=DIRECTION('center_axis',(0.,0.939692620785908,0.342020143325669));
#11841=DIRECTION('ref_axis',(-1.,0.,0.));
#11842=DIRECTION('center_axis',(1.,0.,0.));
#11843=DIRECTION('ref_axis',(0.,1.,0.));
#11844=DIRECTION('',(0.,0.,1.));
#11845=DIRECTION('',(0.,0.,1.));
#11846=DIRECTION('center_axis',(0.,0.,1.));
#11847=DIRECTION('ref_axis',(-1.,0.,0.));
#11848=DIRECTION('',(0.,0.,1.));
#11849=DIRECTION('center_axis',(0.,1.,0.));
#11850=DIRECTION('ref_axis',(-1.,0.,0.));
#11851=DIRECTION('',(0.,0.,1.));
#11852=DIRECTION('center_axis',(0.,0.,1.));
#11853=DIRECTION('ref_axis',(0.,-1.,0.));
#11854=DIRECTION('',(0.,0.,1.));
#11855=DIRECTION('center_axis',(-1.,0.,0.));
#11856=DIRECTION('ref_axis',(0.,-1.,0.));
#11857=DIRECTION('',(0.,0.,1.));
#11858=DIRECTION('center_axis',(0.,0.,1.));
#11859=DIRECTION('ref_axis',(1.,0.,0.));
#11860=DIRECTION('',(0.,0.,1.));
#11861=DIRECTION('center_axis',(0.,-1.,0.));
#11862=DIRECTION('ref_axis',(1.,0.,0.));
#11863=DIRECTION('',(0.,0.,1.));
#11864=DIRECTION('center_axis',(0.,0.,1.));
#11865=DIRECTION('ref_axis',(0.,1.,0.));
#11866=DIRECTION('center_axis',(1.,0.,0.));
#11867=DIRECTION('ref_axis',(0.,1.,0.));
#11868=DIRECTION('',(0.,0.,1.));
#11869=DIRECTION('',(0.,0.,1.));
#11870=DIRECTION('center_axis',(0.,0.,1.));
#11871=DIRECTION('ref_axis',(-1.,0.,0.));
#11872=DIRECTION('',(0.,0.,1.));
#11873=DIRECTION('center_axis',(0.,1.,0.));
#11874=DIRECTION('ref_axis',(-1.,0.,0.));
#11875=DIRECTION('',(0.,0.,1.));
#11876=DIRECTION('center_axis',(0.,0.,1.));
#11877=DIRECTION('ref_axis',(0.,-1.,0.));
#11878=DIRECTION('',(0.,0.,1.));
#11879=DIRECTION('center_axis',(-1.,0.,0.));
#11880=DIRECTION('ref_axis',(0.,-1.,0.));
#11881=DIRECTION('',(0.,0.,1.));
#11882=DIRECTION('center_axis',(0.,0.,1.));
#11883=DIRECTION('ref_axis',(1.,0.,0.));
#11884=DIRECTION('',(0.,0.,1.));
#11885=DIRECTION('center_axis',(0.,-1.,0.));
#11886=DIRECTION('ref_axis',(1.,0.,0.));
#11887=DIRECTION('',(0.,0.,1.));
#11888=DIRECTION('center_axis',(0.,0.,1.));
#11889=DIRECTION('ref_axis',(0.,1.,0.));
#11890=DIRECTION('center_axis',(0.,0.,1.));
#11891=DIRECTION('ref_axis',(1.,0.,0.));
#11892=DIRECTION('',(0.,0.,-1.));
#11893=DIRECTION('center_axis',(0.,0.,1.));
#11894=DIRECTION('ref_axis',(1.,0.,0.));
#11895=DIRECTION('',(0.,0.,-1.));
#11896=DIRECTION('center_axis',(0.,0.,1.));
#11897=DIRECTION('ref_axis',(1.,0.,0.));
#11898=DIRECTION('',(0.,0.,-1.));
#11899=CARTESIAN_POINT('',(0.,0.,0.));
#11900=CARTESIAN_POINT('Origin',(58.3407232537866,20.8410643041134,0.));
#11901=CARTESIAN_POINT('',(57.1783769503236,17.8410641849041,0.));
#11902=CARTESIAN_POINT('',(58.3407232537866,20.8410643041134,0.));
#11903=CARTESIAN_POINT('',(51.6096453784044,3.46824316776898,0.));
#11904=CARTESIAN_POINT('',(57.1783769503236,17.8410641849041,-0.2));
#11905=CARTESIAN_POINT('',(57.1783769503236,17.8410641849041,0.));
#11906=CARTESIAN_POINT('',(58.3407232537866,20.8410643041134,-0.2));
#11907=CARTESIAN_POINT('',(57.1783769503236,17.8410641849041,-0.2));
#11908=CARTESIAN_POINT('',(58.3407232537866,20.8410643041134,0.));
#11909=CARTESIAN_POINT('Origin',(57.9109824076295,20.8410643041134,0.));
#11910=CARTESIAN_POINT('',(57.9109824076295,20.8410643041134,0.));
#11911=CARTESIAN_POINT('',(43.4852412038147,20.8410643041134,0.));
#11912=CARTESIAN_POINT('',(57.9109824076295,20.8410643041134,-0.2));
#11913=CARTESIAN_POINT('',(58.3407232537866,20.8410643041134,-0.2));
#11914=CARTESIAN_POINT('',(57.9109824076295,20.8410643041134,0.));
#11915=CARTESIAN_POINT('Origin',(57.1313101425767,18.6616645753384,0.));
#11916=CARTESIAN_POINT('',(57.1313101425767,18.6616645753384,0.));
#11917=CARTESIAN_POINT('',(51.3464251012931,2.49131011350006,0.));
#11918=CARTESIAN_POINT('',(57.1313101425767,18.6616645753384,-0.2));
#11919=CARTESIAN_POINT('',(57.9109824076295,20.8410643041134,-0.2));
#11920=CARTESIAN_POINT('',(57.1313101425767,18.6616645753384,0.));
#11921=CARTESIAN_POINT('Ctrl Pts',(56.973738707602,18.1705321371555,0.));
#11922=CARTESIAN_POINT('Ctrl Pts',(56.973738707602,18.1705321371555,-0.2));
#11923=CARTESIAN_POINT('Ctrl Pts',(56.9967371678489,18.2498847091064,0.));
#11924=CARTESIAN_POINT('Ctrl Pts',(56.9967371678489,18.2498847091064,-0.2));
#11925=CARTESIAN_POINT('Ctrl Pts',(57.0446157170091,18.4150821169478,0.));
#11926=CARTESIAN_POINT('Ctrl Pts',(57.0446157170091,18.4150821169478,-0.2));
#11927=CARTESIAN_POINT('Ctrl Pts',(57.1016646589129,18.577344779756,0.));
#11928=CARTESIAN_POINT('Ctrl Pts',(57.1016646589129,18.577344779756,-0.2));
#11929=CARTESIAN_POINT('Ctrl Pts',(57.1313101425767,18.6616645753384,0.));
#11930=CARTESIAN_POINT('Ctrl Pts',(57.1313101425767,18.6616645753384,-0.2));
#11931=CARTESIAN_POINT('',(56.973738707602,18.1705321371555,0.));
#11932=CARTESIAN_POINT('Ctrl Pts',(57.1313101425767,18.6616645753384,0.));
#11933=CARTESIAN_POINT('Ctrl Pts',(57.1016646589129,18.577344779756,0.));
#11934=CARTESIAN_POINT('Ctrl Pts',(57.0446157170091,18.4150821169478,0.));
#11935=CARTESIAN_POINT('Ctrl Pts',(56.9967371678489,18.2498847091064,0.));
#11936=CARTESIAN_POINT('Ctrl Pts',(56.973738707602,18.1705321371555,0.));
#11937=CARTESIAN_POINT('',(56.973738707602,18.1705321371555,-0.2));
#11938=CARTESIAN_POINT('Ctrl Pts',(56.973738707602,18.1705321371555,-0.2));
#11939=CARTESIAN_POINT('Ctrl Pts',(56.9967371678489,18.2498847091064,-0.2));
#11940=CARTESIAN_POINT('Ctrl Pts',(57.0446157170091,18.4150821169478,-0.2));
#11941=CARTESIAN_POINT('Ctrl Pts',(57.1016646589129,18.577344779756,-0.2));
#11942=CARTESIAN_POINT('Ctrl Pts',(57.1313101425767,18.6616645753384,-0.2));
#11943=CARTESIAN_POINT('',(56.973738707602,18.1705321371555,0.));
#11944=CARTESIAN_POINT('Ctrl Pts',(56.8120742216706,18.6616645753384,0.));
#11945=CARTESIAN_POINT('Ctrl Pts',(56.8120742216706,18.6616645753384,-0.2));
#11946=CARTESIAN_POINT('Ctrl Pts',(56.8417518921486,18.5800914545068,0.));
#11947=CARTESIAN_POINT('Ctrl Pts',(56.8417518921486,18.5800914545068,-0.2));
#11948=CARTESIAN_POINT('Ctrl Pts',(56.9007062155748,18.4180474641621,0.));
#11949=CARTESIAN_POINT('Ctrl Pts',(56.9007062155748,18.4180474641621,-0.2));
#11950=CARTESIAN_POINT('Ctrl Pts',(56.9495051899545,18.2526622531976,0.));
#11951=CARTESIAN_POINT('Ctrl Pts',(56.9495051899545,18.2526622531976,-0.2));
#11952=CARTESIAN_POINT('Ctrl Pts',(56.973738707602,18.1705321371555,0.));
#11953=CARTESIAN_POINT('Ctrl Pts',(56.973738707602,18.1705321371555,-0.2));
#11954=CARTESIAN_POINT('',(56.8120742216706,18.6616645753384,0.));
#11955=CARTESIAN_POINT('Ctrl Pts',(56.973738707602,18.1705321371555,0.));
#11956=CARTESIAN_POINT('Ctrl Pts',(56.9495051899545,18.2526622531976,0.));
#11957=CARTESIAN_POINT('Ctrl Pts',(56.9007062155748,18.4180474641621,0.));
#11958=CARTESIAN_POINT('Ctrl Pts',(56.8417518921486,18.5800914545068,0.));
#11959=CARTESIAN_POINT('Ctrl Pts',(56.8120742216706,18.6616645753384,0.));
#11960=CARTESIAN_POINT('',(56.8120742216706,18.6616645753384,-0.2));
#11961=CARTESIAN_POINT('Ctrl Pts',(56.8120742216706,18.6616645753384,-0.2));
#11962=CARTESIAN_POINT('Ctrl Pts',(56.8417518921486,18.5800914545068,-0.2));
#11963=CARTESIAN_POINT('Ctrl Pts',(56.9007062155748,18.4180474641621,-0.2));
#11964=CARTESIAN_POINT('Ctrl Pts',(56.9495051899545,18.2526622531976,-0.2));
#11965=CARTESIAN_POINT('Ctrl Pts',(56.973738707602,18.1705321371555,-0.2));
#11966=CARTESIAN_POINT('',(56.8120742216706,18.6616645753384,0.));
#11967=CARTESIAN_POINT('Origin',(56.0017055645585,20.8410643041134,0.));
#11968=CARTESIAN_POINT('',(56.0017055645585,20.8410643041134,0.));
#11969=CARTESIAN_POINT('',(59.0394795668658,12.6712964106936,0.));
#11970=CARTESIAN_POINT('',(56.0017055645585,20.8410643041134,-0.2));
#11971=CARTESIAN_POINT('',(56.8120742216706,18.6616645753384,-0.2));
#11972=CARTESIAN_POINT('',(56.0017055645585,20.8410643041134,0.));
#11973=CARTESIAN_POINT('Origin',(55.5965209379792,20.8410643041134,0.));
#11974=CARTESIAN_POINT('',(55.5965209379792,20.8410643041134,0.));
#11975=CARTESIAN_POINT('',(42.3280104689896,20.8410643041134,0.));
#11976=CARTESIAN_POINT('',(55.5965209379792,20.8410643041134,-0.2));
#11977=CARTESIAN_POINT('',(56.0017055645585,20.8410643041134,-0.2));
#11978=CARTESIAN_POINT('',(55.5965209379792,20.8410643041134,0.));
#11979=CARTESIAN_POINT('Origin',(56.7711460962892,17.8410641849041,0.));
#11980=CARTESIAN_POINT('',(56.7711460962892,17.8410641849041,0.));
#11981=CARTESIAN_POINT('',(59.2776913570221,11.4393316595922,0.));
#11982=CARTESIAN_POINT('',(56.7711460962892,17.8410641849041,-0.2));
#11983=CARTESIAN_POINT('',(55.5965209379792,20.8410643041134,-0.2));
#11984=CARTESIAN_POINT('',(56.7711460962892,17.8410641849041,0.));
#11985=CARTESIAN_POINT('Origin',(57.1783769503236,17.8410641849041,0.));
#11986=CARTESIAN_POINT('',(43.1189384751618,17.8410641849041,0.));
#11987=CARTESIAN_POINT('',(56.7711460962892,17.8410641849041,-0.2));
#11988=CARTESIAN_POINT('Origin',(50.5000000819564,16.9999997317791,-0.2));
#11989=CARTESIAN_POINT('Origin',(53.8366306200624,18.8376535475254,0.));
#11990=CARTESIAN_POINT('',(54.2111188545823,18.8049115240574,0.));
#11991=CARTESIAN_POINT('',(53.8366306200624,18.8376535475254,0.));
#11992=CARTESIAN_POINT('',(42.6966345664842,19.8116387855061,0.));
#11993=CARTESIAN_POINT('',(54.2111188545823,18.8049115240574,-0.2));
#11994=CARTESIAN_POINT('',(54.2111188545823,18.8049115240574,0.));
#11995=CARTESIAN_POINT('',(53.8366306200624,18.8376535475254,-0.2));
#11996=CARTESIAN_POINT('',(54.2111188545823,18.8049115240574,-0.2));
#11997=CARTESIAN_POINT('',(53.8366306200624,18.8376535475254,0.));
#11998=CARTESIAN_POINT('Ctrl Pts',(53.71282402426,18.4682811796665,0.));
#11999=CARTESIAN_POINT('Ctrl Pts',(53.71282402426,18.4682811796665,-0.2));
#12000=CARTESIAN_POINT('Ctrl Pts',(53.7425225678386,18.5220119930993,0.));
#12001=CARTESIAN_POINT('Ctrl Pts',(53.7425225678386,18.5220119930993,-0.2));
#12002=CARTESIAN_POINT('Ctrl Pts',(53.8062941379771,18.6373879652697,0.));
#12003=CARTESIAN_POINT('Ctrl Pts',(53.8062941379771,18.6373879652697,-0.2));
#12004=CARTESIAN_POINT('Ctrl Pts',(53.8260663600551,18.767913830326,0.));
#12005=CARTESIAN_POINT('Ctrl Pts',(53.8260663600551,18.767913830326,-0.2));
#12006=CARTESIAN_POINT('Ctrl Pts',(53.8366306200624,18.8376535475254,0.));
#12007=CARTESIAN_POINT('Ctrl Pts',(53.8366306200624,18.8376535475254,-0.2));
#12008=CARTESIAN_POINT('',(53.71282402426,18.4682811796665,0.));
#12009=CARTESIAN_POINT('Ctrl Pts',(53.8366306200624,18.8376535475254,0.));
#12010=CARTESIAN_POINT('Ctrl Pts',(53.8260663600551,18.767913830326,0.));
#12011=CARTESIAN_POINT('Ctrl Pts',(53.8062941379771,18.6373879652697,0.));
#12012=CARTESIAN_POINT('Ctrl Pts',(53.7425225678386,18.5220119930993,0.));
#12013=CARTESIAN_POINT('Ctrl Pts',(53.71282402426,18.4682811796665,0.));
#12014=CARTESIAN_POINT('',(53.71282402426,18.4682811796665,-0.2));
#12015=CARTESIAN_POINT('Ctrl Pts',(53.71282402426,18.4682811796665,-0.2));
#12016=CARTESIAN_POINT('Ctrl Pts',(53.7425225678386,18.5220119930993,-0.2));
#12017=CARTESIAN_POINT('Ctrl Pts',(53.8062941379771,18.6373879652697,-0.2));
#12018=CARTESIAN_POINT('Ctrl Pts',(53.8260663600551,18.767913830326,-0.2));
#12019=CARTESIAN_POINT('Ctrl Pts',(53.8366306200624,18.8376535475254,-0.2));
#12020=CARTESIAN_POINT('',(53.71282402426,18.4682811796665,0.));
#12021=CARTESIAN_POINT('Ctrl Pts',(53.4109825268388,18.2349933683872,0.));
#12022=CARTESIAN_POINT('Ctrl Pts',(53.4109825268388,18.2349933683872,-0.2));
#12023=CARTESIAN_POINT('Ctrl Pts',(53.4734619587299,18.2651853069703,0.));
#12024=CARTESIAN_POINT('Ctrl Pts',(53.4734619587299,18.2651853069703,-0.2));
#12025=CARTESIAN_POINT('Ctrl Pts',(53.5907093262843,18.3218427574798,0.));
#12026=CARTESIAN_POINT('Ctrl Pts',(53.5907093262843,18.3218427574798,-0.2));
#12027=CARTESIAN_POINT('Ctrl Pts',(53.673943937447,18.4216566646673,0.));
#12028=CARTESIAN_POINT('Ctrl Pts',(53.673943937447,18.4216566646673,-0.2));
#12029=CARTESIAN_POINT('Ctrl Pts',(53.71282402426,18.4682811796665,0.));
#12030=CARTESIAN_POINT('Ctrl Pts',(53.71282402426,18.4682811796665,-0.2));
#12031=CARTESIAN_POINT('',(53.4109825268388,18.2349933683872,0.));
#12032=CARTESIAN_POINT('Ctrl Pts',(53.71282402426,18.4682811796665,0.));
#12033=CARTESIAN_POINT('Ctrl Pts',(53.673943937447,18.4216566646673,0.));
#12034=CARTESIAN_POINT('Ctrl Pts',(53.5907093262843,18.3218427574798,0.));
#12035=CARTESIAN_POINT('Ctrl Pts',(53.4734619587299,18.2651853069703,0.));
#12036=CARTESIAN_POINT('Ctrl Pts',(53.4109825268388,18.2349933683872,0.));
#12037=CARTESIAN_POINT('',(53.4109825268388,18.2349933683872,-0.2));
#12038=CARTESIAN_POINT('Ctrl Pts',(53.4109825268388,18.2349933683872,-0.2));
#12039=CARTESIAN_POINT('Ctrl Pts',(53.4734619587299,18.2651853069703,-0.2));
#12040=CARTESIAN_POINT('Ctrl Pts',(53.5907093262843,18.3218427574798,-0.2));
#12041=CARTESIAN_POINT('Ctrl Pts',(53.673943937447,18.4216566646673,-0.2));
#12042=CARTESIAN_POINT('Ctrl Pts',(53.71282402426,18.4682811796665,-0.2));
#12043=CARTESIAN_POINT('',(53.4109825268388,18.2349933683872,0.));
#12044=CARTESIAN_POINT('Ctrl Pts',(52.9505461826921,18.1459756195545,0.));
#12045=CARTESIAN_POINT('Ctrl Pts',(52.9505461826921,18.1459756195545,-0.2));
#12046=CARTESIAN_POINT('Ctrl Pts',(53.0323884624916,18.1491345892351,0.));
#12047=CARTESIAN_POINT('Ctrl Pts',(53.0323884624916,18.1491345892351,-0.2));
#12048=CARTESIAN_POINT('Ctrl Pts',(53.190513152415,18.1552379272953,0.));
#12049=CARTESIAN_POINT('Ctrl Pts',(53.190513152415,18.1552379272953,-0.2));
#12050=CARTESIAN_POINT('Ctrl Pts',(53.3392358295922,18.2090387907923,0.));
#12051=CARTESIAN_POINT('Ctrl Pts',(53.3392358295922,18.2090387907923,-0.2));
#12052=CARTESIAN_POINT('Ctrl Pts',(53.4109825268388,18.2349933683872,0.));
#12053=CARTESIAN_POINT('Ctrl Pts',(53.4109825268388,18.2349933683872,-0.2));
#12054=CARTESIAN_POINT('',(52.9505461826921,18.1459756195545,0.));
#12055=CARTESIAN_POINT('Ctrl Pts',(53.4109825268388,18.2349933683872,0.));
#12056=CARTESIAN_POINT('Ctrl Pts',(53.3392358295922,18.2090387907923,0.));
#12057=CARTESIAN_POINT('Ctrl Pts',(53.190513152415,18.1552379272953,0.));
#12058=CARTESIAN_POINT('Ctrl Pts',(53.0323884624916,18.1491345892351,0.));
#12059=CARTESIAN_POINT('Ctrl Pts',(52.9505461826921,18.1459756195545,0.));
#12060=CARTESIAN_POINT('',(52.9505461826921,18.1459756195545,-0.2));
#12061=CARTESIAN_POINT('Ctrl Pts',(52.9505461826921,18.1459756195545,-0.2));
#12062=CARTESIAN_POINT('Ctrl Pts',(53.0323884624916,18.1491345892351,-0.2));
#12063=CARTESIAN_POINT('Ctrl Pts',(53.190513152415,18.1552379272953,-0.2));
#12064=CARTESIAN_POINT('Ctrl Pts',(53.3392358295922,18.2090387907923,-0.2));
#12065=CARTESIAN_POINT('Ctrl Pts',(53.4109825268388,18.2349933683872,-0.2));
#12066=CARTESIAN_POINT('',(52.9505461826921,18.1459756195545,0.));
#12067=CARTESIAN_POINT('Ctrl Pts',(52.5494546070695,18.2135061919689,0.));
#12068=CARTESIAN_POINT('Ctrl Pts',(52.5494546070695,18.2135061919689,-0.2));
#12069=CARTESIAN_POINT('Ctrl Pts',(52.6113844781951,18.1938233575039,0.));
#12070=CARTESIAN_POINT('Ctrl Pts',(52.6113844781951,18.1938233575039,-0.2));
#12071=CARTESIAN_POINT('Ctrl Pts',(52.7418017564931,18.1523735425203,0.));
#12072=CARTESIAN_POINT('Ctrl Pts',(52.7418017564931,18.1523735425203,-0.2));
#12073=CARTESIAN_POINT('Ctrl Pts',(52.878670728988,18.1481785699485,0.));
#12074=CARTESIAN_POINT('Ctrl Pts',(52.878670728988,18.1481785699485,-0.2));
#12075=CARTESIAN_POINT('Ctrl Pts',(52.9505461826921,18.1459756195545,0.));
#12076=CARTESIAN_POINT('Ctrl Pts',(52.9505461826921,18.1459756195545,-0.2));
#12077=CARTESIAN_POINT('',(52.5494546070695,18.2135061919689,0.));
#12078=CARTESIAN_POINT('Ctrl Pts',(52.9505461826921,18.1459756195545,0.));
#12079=CARTESIAN_POINT('Ctrl Pts',(52.878670728988,18.1481785699485,0.));
#12080=CARTESIAN_POINT('Ctrl Pts',(52.7418017564931,18.1523735425203,0.));
#12081=CARTESIAN_POINT('Ctrl Pts',(52.6113844781951,18.1938233575039,0.));
#12082=CARTESIAN_POINT('Ctrl Pts',(52.5494546070695,18.2135061919689,0.));
#12083=CARTESIAN_POINT('',(52.5494546070695,18.2135061919689,-0.2));
#12084=CARTESIAN_POINT('Ctrl Pts',(52.5494546070695,18.2135061919689,-0.2));
#12085=CARTESIAN_POINT('Ctrl Pts',(52.6113844781951,18.1938233575039,-0.2));
#12086=CARTESIAN_POINT('Ctrl Pts',(52.7418017564931,18.1523735425203,-0.2));
#12087=CARTESIAN_POINT('Ctrl Pts',(52.878670728988,18.1481785699485,-0.2));
#12088=CARTESIAN_POINT('Ctrl Pts',(52.9505461826921,18.1459756195545,-0.2));
#12089=CARTESIAN_POINT('',(52.5494546070695,18.2135061919689,0.));
#12090=CARTESIAN_POINT('Ctrl Pts',(52.2905874624848,18.3987040817738,0.));
#12091=CARTESIAN_POINT('Ctrl Pts',(52.2905874624848,18.3987040817738,-0.2));
#12092=CARTESIAN_POINT('Ctrl Pts',(52.3243225970315,18.3609329648603,0.));
#12093=CARTESIAN_POINT('Ctrl Pts',(52.3243225970315,18.3609329648603,-0.2));
#12094=CARTESIAN_POINT('Ctrl Pts',(52.396598721905,18.2800099153652,0.));
#12095=CARTESIAN_POINT('Ctrl Pts',(52.396598721905,18.2800099153652,-0.2));
#12096=CARTESIAN_POINT('Ctrl Pts',(52.49629298866,18.2366354654163,0.));
#12097=CARTESIAN_POINT('Ctrl Pts',(52.49629298866,18.2366354654163,-0.2));
#12098=CARTESIAN_POINT('Ctrl Pts',(52.5494546070695,18.2135061919689,0.));
#12099=CARTESIAN_POINT('Ctrl Pts',(52.5494546070695,18.2135061919689,-0.2));
#12100=CARTESIAN_POINT('',(52.2905874624848,18.3987040817738,0.));
#12101=CARTESIAN_POINT('Ctrl Pts',(52.5494546070695,18.2135061919689,0.));
#12102=CARTESIAN_POINT('Ctrl Pts',(52.49629298866,18.2366354654163,0.));
#12103=CARTESIAN_POINT('Ctrl Pts',(52.396598721905,18.2800099153652,0.));
#12104=CARTESIAN_POINT('Ctrl Pts',(52.3243225970315,18.3609329648603,0.));
#12105=CARTESIAN_POINT('Ctrl Pts',(52.2905874624848,18.3987040817738,0.));
#12106=CARTESIAN_POINT('',(52.2905874624848,18.3987040817738,-0.2));
#12107=CARTESIAN_POINT('Ctrl Pts',(52.2905874624848,18.3987040817738,-0.2));
#12108=CARTESIAN_POINT('Ctrl Pts',(52.3243225970315,18.3609329648603,-0.2));
#12109=CARTESIAN_POINT('Ctrl Pts',(52.396598721905,18.2800099153652,-0.2));
#12110=CARTESIAN_POINT('Ctrl Pts',(52.49629298866,18.2366354654163,-0.2));
#12111=CARTESIAN_POINT('Ctrl Pts',(52.5494546070695,18.2135061919689,-0.2));
#12112=CARTESIAN_POINT('',(52.2905874624848,18.3987040817738,0.));
#12113=CARTESIAN_POINT('Ctrl Pts',(52.205661572516,18.6555252969265,0.));
#12114=CARTESIAN_POINT('Ctrl Pts',(52.205661572516,18.6555252969265,-0.2));
#12115=CARTESIAN_POINT('Ctrl Pts',(52.2093570336709,18.609819791224,0.));
#12116=CARTESIAN_POINT('Ctrl Pts',(52.2093570336709,18.609819791224,-0.2));
#12117=CARTESIAN_POINT('Ctrl Pts',(52.2168322993556,18.5173656199959,0.));
#12118=CARTESIAN_POINT('Ctrl Pts',(52.2168322993556,18.5173656199959,-0.2));
#12119=CARTESIAN_POINT('Ctrl Pts',(52.2658181723445,18.4385543369156,0.));
#12120=CARTESIAN_POINT('Ctrl Pts',(52.2658181723445,18.4385543369156,-0.2));
#12121=CARTESIAN_POINT('Ctrl Pts',(52.2905874624848,18.3987040817738,0.));
#12122=CARTESIAN_POINT('Ctrl Pts',(52.2905874624848,18.3987040817738,-0.2));
#12123=CARTESIAN_POINT('',(52.205661572516,18.6555252969265,0.));
#12124=CARTESIAN_POINT('Ctrl Pts',(52.2905874624848,18.3987040817738,0.));
#12125=CARTESIAN_POINT('Ctrl Pts',(52.2658181723445,18.4385543369156,0.));
#12126=CARTESIAN_POINT('Ctrl Pts',(52.2168322993556,18.5173656199959,0.));
#12127=CARTESIAN_POINT('Ctrl Pts',(52.2093570336709,18.609819791224,0.));
#12128=CARTESIAN_POINT('Ctrl Pts',(52.205661572516,18.6555252969265,0.));
#12129=CARTESIAN_POINT('',(52.205661572516,18.6555252969265,-0.2));
#12130=CARTESIAN_POINT('Ctrl Pts',(52.205661572516,18.6555252969265,-0.2));
#12131=CARTESIAN_POINT('Ctrl Pts',(52.2093570336709,18.609819791224,-0.2));
#12132=CARTESIAN_POINT('Ctrl Pts',(52.2168322993556,18.5173656199959,-0.2));
#12133=CARTESIAN_POINT('Ctrl Pts',(52.2658181723445,18.4385543369156,-0.2));
#12134=CARTESIAN_POINT('Ctrl Pts',(52.2905874624848,18.3987040817738,-0.2));
#12135=CARTESIAN_POINT('',(52.205661572516,18.6555252969265,0.));
#12136=CARTESIAN_POINT('Ctrl Pts',(52.287516631186,18.9021147787571,0.));
#12137=CARTESIAN_POINT('Ctrl Pts',(52.287516631186,18.9021147787571,-0.2));
#12138=CARTESIAN_POINT('Ctrl Pts',(52.2636442612437,18.8651424141209,0.));
#12139=CARTESIAN_POINT('Ctrl Pts',(52.2636442612437,18.8651424141209,-0.2));
#12140=CARTESIAN_POINT('Ctrl Pts',(52.2151560105607,18.7900461715129,0.));
#12141=CARTESIAN_POINT('Ctrl Pts',(52.2151560105607,18.7900461715129,-0.2));
#12142=CARTESIAN_POINT('Ctrl Pts',(52.2088585731513,18.700821639848,0.));
#12143=CARTESIAN_POINT('Ctrl Pts',(52.2088585731513,18.700821639848,-0.2));
#12144=CARTESIAN_POINT('Ctrl Pts',(52.205661572516,18.6555252969265,0.));
#12145=CARTESIAN_POINT('Ctrl Pts',(52.205661572516,18.6555252969265,-0.2));
#12146=CARTESIAN_POINT('',(52.287516631186,18.9021147787571,0.));
#12147=CARTESIAN_POINT('Ctrl Pts',(52.205661572516,18.6555252969265,0.));
#12148=CARTESIAN_POINT('Ctrl Pts',(52.2088585731513,18.700821639848,0.));
#12149=CARTESIAN_POINT('Ctrl Pts',(52.2151560105607,18.7900461715129,0.));
#12150=CARTESIAN_POINT('Ctrl Pts',(52.2636442612437,18.8651424141209,0.));
#12151=CARTESIAN_POINT('Ctrl Pts',(52.287516631186,18.9021147787571,0.));
#12152=CARTESIAN_POINT('',(52.287516631186,18.9021147787571,-0.2));
#12153=CARTESIAN_POINT('Ctrl Pts',(52.287516631186,18.9021147787571,-0.2));
#12154=CARTESIAN_POINT('Ctrl Pts',(52.2636442612437,18.8651424141209,-0.2));
#12155=CARTESIAN_POINT('Ctrl Pts',(52.2151560105607,18.7900461715129,-0.2));
#12156=CARTESIAN_POINT('Ctrl Pts',(52.2088585731513,18.700821639848,-0.2));
#12157=CARTESIAN_POINT('Ctrl Pts',(52.205661572516,18.6555252969265,-0.2));
#12158=CARTESIAN_POINT('',(52.287516631186,18.9021147787571,0.));
#12159=CARTESIAN_POINT('Ctrl Pts',(52.5576401129365,19.0791268646717,0.));
#12160=CARTESIAN_POINT('Ctrl Pts',(52.5576401129365,19.0791268646717,-0.2));
#12161=CARTESIAN_POINT('Ctrl Pts',(52.5012456228324,19.0561444429064,0.));
#12162=CARTESIAN_POINT('Ctrl Pts',(52.5012456228324,19.0561444429064,-0.2));
#12163=CARTESIAN_POINT('Ctrl Pts',(52.3993767062334,19.0146298480989,0.));
#12164=CARTESIAN_POINT('Ctrl Pts',(52.3993767062334,19.0146298480989,-0.2));
#12165=CARTESIAN_POINT('Ctrl Pts',(52.3220398926625,18.9368401904582,0.));
#12166=CARTESIAN_POINT('Ctrl Pts',(52.3220398926625,18.9368401904582,-0.2));
#12167=CARTESIAN_POINT('Ctrl Pts',(52.287516631186,18.9021147787571,0.));
#12168=CARTESIAN_POINT('Ctrl Pts',(52.287516631186,18.9021147787571,-0.2));
#12169=CARTESIAN_POINT('',(52.5576401129365,19.0791268646717,0.));
#12170=CARTESIAN_POINT('Ctrl Pts',(52.287516631186,18.9021147787571,0.));
#12171=CARTESIAN_POINT('Ctrl Pts',(52.3220398926625,18.9368401904582,0.));
#12172=CARTESIAN_POINT('Ctrl Pts',(52.3993767062334,19.0146298480989,0.));
#12173=CARTESIAN_POINT('Ctrl Pts',(52.5012456228324,19.0561444429064,0.));
#12174=CARTESIAN_POINT('Ctrl Pts',(52.5576401129365,19.0791268646717,0.));
#12175=CARTESIAN_POINT('',(52.5576401129365,19.0791268646717,-0.2));
#12176=CARTESIAN_POINT('Ctrl Pts',(52.5576401129365,19.0791268646717,-0.2));
#12177=CARTESIAN_POINT('Ctrl Pts',(52.5012456228324,19.0561444429064,-0.2));
#12178=CARTESIAN_POINT('Ctrl Pts',(52.3993767062334,19.0146298480989,-0.2));
#12179=CARTESIAN_POINT('Ctrl Pts',(52.3220398926625,18.9368401904582,-0.2));
#12180=CARTESIAN_POINT('Ctrl Pts',(52.287516631186,18.9021147787571,-0.2));
#12181=CARTESIAN_POINT('',(52.5576401129365,19.0791268646717,0.));
#12182=CARTESIAN_POINT('Ctrl Pts',(53.0917466059327,19.2254437506199,0.));
#12183=CARTESIAN_POINT('Ctrl Pts',(53.0917466059327,19.2254437506199,-0.2));
#12184=CARTESIAN_POINT('Ctrl Pts',(52.9778160116858,19.1985803661273,0.));
#12185=CARTESIAN_POINT('Ctrl Pts',(52.9778160116858,19.1985803661273,-0.2));
#12186=CARTESIAN_POINT('Ctrl Pts',(52.7979871216462,19.1561790019641,0.));
#12187=CARTESIAN_POINT('Ctrl Pts',(52.7979871216462,19.1561790019641,-0.2));
#12188=CARTESIAN_POINT('Ctrl Pts',(52.622095570802,19.0997904494417,0.));
#12189=CARTESIAN_POINT('Ctrl Pts',(52.622095570802,19.0997904494417,-0.2));
#12190=CARTESIAN_POINT('Ctrl Pts',(52.5576401129365,19.0791268646717,0.));
#12191=CARTESIAN_POINT('Ctrl Pts',(52.5576401129365,19.0791268646717,-0.2));
#12192=CARTESIAN_POINT('',(53.0917466059327,19.2254437506199,0.));
#12193=CARTESIAN_POINT('Ctrl Pts',(52.5576401129365,19.0791268646717,0.));
#12194=CARTESIAN_POINT('Ctrl Pts',(52.622095570802,19.0997904494417,0.));
#12195=CARTESIAN_POINT('Ctrl Pts',(52.7979871216462,19.1561790019641,0.));
#12196=CARTESIAN_POINT('Ctrl Pts',(52.9778160116858,19.1985803661273,0.));
#12197=CARTESIAN_POINT('Ctrl Pts',(53.0917466059327,19.2254437506199,0.));
#12198=CARTESIAN_POINT('',(53.0917466059327,19.2254437506199,-0.2));
#12199=CARTESIAN_POINT('Ctrl Pts',(53.0917466059327,19.2254437506199,-0.2));
#12200=CARTESIAN_POINT('Ctrl Pts',(52.9778160116858,19.1985803661273,-0.2));
#12201=CARTESIAN_POINT('Ctrl Pts',(52.7979871216462,19.1561790019641,-0.2));
#12202=CARTESIAN_POINT('Ctrl Pts',(52.622095570802,19.0997904494417,-0.2));
#12203=CARTESIAN_POINT('Ctrl Pts',(52.5576401129365,19.0791268646717,-0.2));
#12204=CARTESIAN_POINT('',(53.0917466059327,19.2254437506199,0.));
#12205=CARTESIAN_POINT('Ctrl Pts',(53.6708736792207,19.4126875698566,0.));
#12206=CARTESIAN_POINT('Ctrl Pts',(53.6708736792207,19.4126875698566,-0.2));
#12207=CARTESIAN_POINT('Ctrl Pts',(53.5955703095779,19.3806788157126,0.));
#12208=CARTESIAN_POINT('Ctrl Pts',(53.5955703095779,19.3806788157126,-0.2));
#12209=CARTESIAN_POINT('Ctrl Pts',(53.4082943946141,19.3010745596533,0.));
#12210=CARTESIAN_POINT('Ctrl Pts',(53.4082943946141,19.3010745596533,-0.2));
#12211=CARTESIAN_POINT('Ctrl Pts',(53.2101921998738,19.2537432251906,0.));
#12212=CARTESIAN_POINT('Ctrl Pts',(53.2101921998738,19.2537432251906,-0.2));
#12213=CARTESIAN_POINT('Ctrl Pts',(53.0917466059327,19.2254437506199,0.));
#12214=CARTESIAN_POINT('Ctrl Pts',(53.0917466059327,19.2254437506199,-0.2));
#12215=CARTESIAN_POINT('',(53.6708736792207,19.4126875698566,0.));
#12216=CARTESIAN_POINT('Ctrl Pts',(53.0917466059327,19.2254437506199,0.));
#12217=CARTESIAN_POINT('Ctrl Pts',(53.2101921998738,19.2537432251906,0.));
#12218=CARTESIAN_POINT('Ctrl Pts',(53.4082943946141,19.3010745596533,0.));
#12219=CARTESIAN_POINT('Ctrl Pts',(53.5955703095779,19.3806788157126,0.));
#12220=CARTESIAN_POINT('Ctrl Pts',(53.6708736792207,19.4126875698566,0.));
#12221=CARTESIAN_POINT('',(53.6708736792207,19.4126875698566,-0.2));
#12222=CARTESIAN_POINT('Ctrl Pts',(53.6708736792207,19.4126875698566,-0.2));
#12223=CARTESIAN_POINT('Ctrl Pts',(53.5955703095779,19.3806788157126,-0.2));
#12224=CARTESIAN_POINT('Ctrl Pts',(53.4082943946141,19.3010745596533,-0.2));
#12225=CARTESIAN_POINT('Ctrl Pts',(53.2101921998738,19.2537432251906,-0.2));
#12226=CARTESIAN_POINT('Ctrl Pts',(53.0917466059327,19.2254437506199,-0.2));
#12227=CARTESIAN_POINT('',(53.6708736792207,19.4126875698566,0.));
#12228=CARTESIAN_POINT('Ctrl Pts',(53.9911324158311,19.6920193731785,0.));
#12229=CARTESIAN_POINT('Ctrl Pts',(53.9911324158311,19.6920193731785,-0.2));
#12230=CARTESIAN_POINT('Ctrl Pts',(53.949674861615,19.6377861322713,0.));
#12231=CARTESIAN_POINT('Ctrl Pts',(53.949674861615,19.6377861322713,-0.2));
#12232=CARTESIAN_POINT('Ctrl Pts',(53.8620102645679,19.5231065449058,0.));
#12233=CARTESIAN_POINT('Ctrl Pts',(53.8620102645679,19.5231065449058,-0.2));
#12234=CARTESIAN_POINT('Ctrl Pts',(53.7368462511093,19.4507997070808,0.));
#12235=CARTESIAN_POINT('Ctrl Pts',(53.7368462511093,19.4507997070808,-0.2));
#12236=CARTESIAN_POINT('Ctrl Pts',(53.6708736792207,19.4126875698566,0.));
#12237=CARTESIAN_POINT('Ctrl Pts',(53.6708736792207,19.4126875698566,-0.2));
#12238=CARTESIAN_POINT('',(53.9911324158311,19.6920193731785,0.));
#12239=CARTESIAN_POINT('Ctrl Pts',(53.6708736792207,19.4126875698566,0.));
#12240=CARTESIAN_POINT('Ctrl Pts',(53.7368462511093,19.4507997070808,0.));
#12241=CARTESIAN_POINT('Ctrl Pts',(53.8620102645679,19.5231065449058,0.));
#12242=CARTESIAN_POINT('Ctrl Pts',(53.949674861615,19.6377861322713,0.));
#12243=CARTESIAN_POINT('Ctrl Pts',(53.9911324158311,19.6920193731785,0.));
#12244=CARTESIAN_POINT('',(53.9911324158311,19.6920193731785,-0.2));
#12245=CARTESIAN_POINT('Ctrl Pts',(53.9911324158311,19.6920193731785,-0.2));
#12246=CARTESIAN_POINT('Ctrl Pts',(53.949674861615,19.6377861322713,-0.2));
#12247=CARTESIAN_POINT('Ctrl Pts',(53.8620102645679,19.5231065449058,-0.2));
#12248=CARTESIAN_POINT('Ctrl Pts',(53.7368462511093,19.4507997070808,-0.2));
#12249=CARTESIAN_POINT('Ctrl Pts',(53.6708736792207,19.4126875698566,-0.2));
#12250=CARTESIAN_POINT('',(53.9911324158311,19.6920193731785,0.));
#12251=CARTESIAN_POINT('Ctrl Pts',(54.0965211763978,20.0654844939709,0.));
#12252=CARTESIAN_POINT('Ctrl Pts',(54.0965211763978,20.0654844939709,-0.2));
#12253=CARTESIAN_POINT('Ctrl Pts',(54.0923506980554,19.9986045279781,0.));
#12254=CARTESIAN_POINT('Ctrl Pts',(54.0923506980554,19.9986045279781,-0.2));
#12255=CARTESIAN_POINT('Ctrl Pts',(54.0841114738252,19.8664760306967,0.));
#12256=CARTESIAN_POINT('Ctrl Pts',(54.0841114738252,19.8664760306967,-0.2));
#12257=CARTESIAN_POINT('Ctrl Pts',(54.0218692600255,19.7496909308013,0.));
#12258=CARTESIAN_POINT('Ctrl Pts',(54.0218692600255,19.7496909308013,-0.2));
#12259=CARTESIAN_POINT('Ctrl Pts',(53.9911324158311,19.6920193731785,0.));
#12260=CARTESIAN_POINT('Ctrl Pts',(53.9911324158311,19.6920193731785,-0.2));
#12261=CARTESIAN_POINT('',(54.0965211763978,20.0654844939709,0.));
#12262=CARTESIAN_POINT('Ctrl Pts',(53.9911324158311,19.6920193731785,0.));
#12263=CARTESIAN_POINT('Ctrl Pts',(54.0218692600255,19.7496909308013,0.));
#12264=CARTESIAN_POINT('Ctrl Pts',(54.0841114738252,19.8664760306967,0.));
#12265=CARTESIAN_POINT('Ctrl Pts',(54.0923506980554,19.9986045279781,0.));
#12266=CARTESIAN_POINT('Ctrl Pts',(54.0965211763978,20.0654844939709,0.));
#12267=CARTESIAN_POINT('',(54.0965211763978,20.0654844939709,-0.2));
#12268=CARTESIAN_POINT('Ctrl Pts',(54.0965211763978,20.0654844939709,-0.2));
#12269=CARTESIAN_POINT('Ctrl Pts',(54.0923506980554,19.9986045279781,-0.2));
#12270=CARTESIAN_POINT('Ctrl Pts',(54.0841114738252,19.8664760306967,-0.2));
#12271=CARTESIAN_POINT('Ctrl Pts',(54.0218692600255,19.7496909308013,-0.2));
#12272=CARTESIAN_POINT('Ctrl Pts',(53.9911324158311,19.6920193731785,-0.2));
#12273=CARTESIAN_POINT('',(54.0965211763978,20.0654844939709,0.));
#12274=CARTESIAN_POINT('Ctrl Pts',(53.9675987139344,20.4901091754436,0.));
#12275=CARTESIAN_POINT('Ctrl Pts',(53.9675987139344,20.4901091754436,-0.2));
#12276=CARTESIAN_POINT('Ctrl Pts',(54.005200015928,20.4234330047955,0.));
#12277=CARTESIAN_POINT('Ctrl Pts',(54.005200015928,20.4234330047955,-0.2));
#12278=CARTESIAN_POINT('Ctrl Pts',(54.079658822258,20.2913995960067,0.));
#12279=CARTESIAN_POINT('Ctrl Pts',(54.079658822258,20.2913995960067,-0.2));
#12280=CARTESIAN_POINT('Ctrl Pts',(54.0909379488626,20.1402863518755,0.));
#12281=CARTESIAN_POINT('Ctrl Pts',(54.0909379488626,20.1402863518755,-0.2));
#12282=CARTESIAN_POINT('Ctrl Pts',(54.0965211763978,20.0654844939709,0.));
#12283=CARTESIAN_POINT('Ctrl Pts',(54.0965211763978,20.0654844939709,-0.2));
#12284=CARTESIAN_POINT('',(53.9675987139344,20.4901091754436,0.));
#12285=CARTESIAN_POINT('Ctrl Pts',(54.0965211763978,20.0654844939709,0.));
#12286=CARTESIAN_POINT('Ctrl Pts',(54.0909379488626,20.1402863518755,0.));
#12287=CARTESIAN_POINT('Ctrl Pts',(54.079658822258,20.2913995960067,0.));
#12288=CARTESIAN_POINT('Ctrl Pts',(54.005200015928,20.4234330047955,0.));
#12289=CARTESIAN_POINT('Ctrl Pts',(53.9675987139344,20.4901091754436,0.));
#12290=CARTESIAN_POINT('',(53.9675987139344,20.4901091754436,-0.2));
#12291=CARTESIAN_POINT('Ctrl Pts',(53.9675987139344,20.4901091754436,-0.2));
#12292=CARTESIAN_POINT('Ctrl Pts',(54.005200015928,20.4234330047955,-0.2));
#12293=CARTESIAN_POINT('Ctrl Pts',(54.079658822258,20.2913995960067,-0.2));
#12294=CARTESIAN_POINT('Ctrl Pts',(54.0909379488626,20.1402863518755,-0.2));
#12295=CARTESIAN_POINT('Ctrl Pts',(54.0965211763978,20.0654844939709,-0.2));
#12296=CARTESIAN_POINT('',(53.9675987139344,20.4901091754436,0.));
#12297=CARTESIAN_POINT('Ctrl Pts',(53.5910642519593,20.789904743433,0.));
#12298=CARTESIAN_POINT('Ctrl Pts',(53.5910642519593,20.789904743433,-0.2));
#12299=CARTESIAN_POINT('Ctrl Pts',(53.6678604576645,20.7530245548802,0.));
#12300=CARTESIAN_POINT('Ctrl Pts',(53.6678604576645,20.7530245548802,-0.2));
#12301=CARTESIAN_POINT('Ctrl Pts',(53.8163916068479,20.6816947705822,0.));
#12302=CARTESIAN_POINT('Ctrl Pts',(53.8163916068479,20.6816947705822,-0.2));
#12303=CARTESIAN_POINT('Ctrl Pts',(53.9183544877837,20.5525036260485,0.));
#12304=CARTESIAN_POINT('Ctrl Pts',(53.9183544877837,20.5525036260485,-0.2));
#12305=CARTESIAN_POINT('Ctrl Pts',(53.9675987139344,20.4901091754436,0.));
#12306=CARTESIAN_POINT('Ctrl Pts',(53.9675987139344,20.4901091754436,-0.2));
#12307=CARTESIAN_POINT('',(53.5910642519593,20.789904743433,0.));
#12308=CARTESIAN_POINT('Ctrl Pts',(53.9675987139344,20.4901091754436,0.));
#12309=CARTESIAN_POINT('Ctrl Pts',(53.9183544877837,20.5525036260485,0.));
#12310=CARTESIAN_POINT('Ctrl Pts',(53.8163916068479,20.6816947705822,0.));
#12311=CARTESIAN_POINT('Ctrl Pts',(53.6678604576645,20.7530245548802,0.));
#12312=CARTESIAN_POINT('Ctrl Pts',(53.5910642519593,20.789904743433,0.));
#12313=CARTESIAN_POINT('',(53.5910642519593,20.789904743433,-0.2));
#12314=CARTESIAN_POINT('Ctrl Pts',(53.5910642519593,20.789904743433,-0.2));
#12315=CARTESIAN_POINT('Ctrl Pts',(53.6678604576645,20.7530245548802,-0.2));
#12316=CARTESIAN_POINT('Ctrl Pts',(53.8163916068479,20.6816947705822,-0.2));
#12317=CARTESIAN_POINT('Ctrl Pts',(53.9183544877837,20.5525036260485,-0.2));
#12318=CARTESIAN_POINT('Ctrl Pts',(53.9675987139344,20.4901091754436,-0.2));
#12319=CARTESIAN_POINT('',(53.5910642519593,20.789904743433,0.));
#12320=CARTESIAN_POINT('Ctrl Pts',(53.0405867472291,20.8922238647938,0.));
#12321=CARTESIAN_POINT('Ctrl Pts',(53.0405867472291,20.8922238647938,-0.2));
#12322=CARTESIAN_POINT('Ctrl Pts',(53.1378499948317,20.8885240083855,0.));
#12323=CARTESIAN_POINT('Ctrl Pts',(53.1378499948317,20.8885240083855,-0.2));
#12324=CARTESIAN_POINT('Ctrl Pts',(53.3264354654978,20.88135028985,0.));
#12325=CARTESIAN_POINT('Ctrl Pts',(53.3264354654978,20.88135028985,-0.2));
#12326=CARTESIAN_POINT('Ctrl Pts',(53.5047269000121,20.8197396167685,0.));
#12327=CARTESIAN_POINT('Ctrl Pts',(53.5047269000121,20.8197396167685,-0.2));
#12328=CARTESIAN_POINT('Ctrl Pts',(53.5910642519593,20.789904743433,0.));
#12329=CARTESIAN_POINT('Ctrl Pts',(53.5910642519593,20.789904743433,-0.2));
#12330=CARTESIAN_POINT('',(53.0405867472291,20.8922238647938,0.));
#12331=CARTESIAN_POINT('Ctrl Pts',(53.5910642519593,20.789904743433,0.));
#12332=CARTESIAN_POINT('Ctrl Pts',(53.5047269000121,20.8197396167685,0.));
#12333=CARTESIAN_POINT('Ctrl Pts',(53.3264354654978,20.88135028985,0.));
#12334=CARTESIAN_POINT('Ctrl Pts',(53.1378499948317,20.8885240083855,0.));
#12335=CARTESIAN_POINT('Ctrl Pts',(53.0405867472291,20.8922238647938,0.));
#12336=CARTESIAN_POINT('',(53.0405867472291,20.8922238647938,-0.2));
#12337=CARTESIAN_POINT('Ctrl Pts',(53.0405867472291,20.8922238647938,-0.2));
#12338=CARTESIAN_POINT('Ctrl Pts',(53.1378499948317,20.8885240083855,-0.2));
#12339=CARTESIAN_POINT('Ctrl Pts',(53.3264354654978,20.88135028985,-0.2));
#12340=CARTESIAN_POINT('Ctrl Pts',(53.5047269000121,20.8197396167685,-0.2));
#12341=CARTESIAN_POINT('Ctrl Pts',(53.5910642519593,20.789904743433,-0.2));
#12342=CARTESIAN_POINT('',(53.0405867472291,20.8922238647938,0.));
#12343=CARTESIAN_POINT('Ctrl Pts',(52.4522513523698,20.7847885787487,0.));
#12344=CARTESIAN_POINT('Ctrl Pts',(52.4522513523698,20.7847885787487,-0.2));
#12345=CARTESIAN_POINT('Ctrl Pts',(52.5429057737192,20.8161040834928,0.));
#12346=CARTESIAN_POINT('Ctrl Pts',(52.5429057737192,20.8161040834928,-0.2));
#12347=CARTESIAN_POINT('Ctrl Pts',(52.7333912191336,20.8819050425721,0.));
#12348=CARTESIAN_POINT('Ctrl Pts',(52.7333912191336,20.8819050425721,-0.2));
#12349=CARTESIAN_POINT('Ctrl Pts',(52.934951527109,20.8886755349612,0.));
#12350=CARTESIAN_POINT('Ctrl Pts',(52.934951527109,20.8886755349612,-0.2));
#12351=CARTESIAN_POINT('Ctrl Pts',(53.0405867472291,20.8922238647938,0.));
#12352=CARTESIAN_POINT('Ctrl Pts',(53.0405867472291,20.8922238647938,-0.2));
#12353=CARTESIAN_POINT('',(52.4522513523698,20.7847885787487,0.));
#12354=CARTESIAN_POINT('Ctrl Pts',(53.0405867472291,20.8922238647938,0.));
#12355=CARTESIAN_POINT('Ctrl Pts',(52.934951527109,20.8886755349612,0.));
#12356=CARTESIAN_POINT('Ctrl Pts',(52.7333912191336,20.8819050425721,0.));
#12357=CARTESIAN_POINT('Ctrl Pts',(52.5429057737192,20.8161040834928,0.));
#12358=CARTESIAN_POINT('Ctrl Pts',(52.4522513523698,20.7847885787487,0.));
#12359=CARTESIAN_POINT('',(52.4522513523698,20.7847885787487,-0.2));
#12360=CARTESIAN_POINT('Ctrl Pts',(52.4522513523698,20.7847885787487,-0.2));
#12361=CARTESIAN_POINT('Ctrl Pts',(52.5429057737192,20.8161040834928,-0.2));
#12362=CARTESIAN_POINT('Ctrl Pts',(52.7333912191336,20.8819050425721,-0.2));
#12363=CARTESIAN_POINT('Ctrl Pts',(52.934951527109,20.8886755349612,-0.2));
#12364=CARTESIAN_POINT('Ctrl Pts',(53.0405867472291,20.8922238647938,-0.2));
#12365=CARTESIAN_POINT('',(52.4522513523698,20.7847885787487,0.));
#12366=CARTESIAN_POINT('Ctrl Pts',(52.0603680983186,20.4686222970486,0.));
#12367=CARTESIAN_POINT('Ctrl Pts',(52.0603680983186,20.4686222970486,-0.2));
#12368=CARTESIAN_POINT('Ctrl Pts',(52.1120725604467,20.5344332248755,0.));
#12369=CARTESIAN_POINT('Ctrl Pts',(52.1120725604467,20.5344332248755,-0.2));
#12370=CARTESIAN_POINT('Ctrl Pts',(52.2183677430689,20.6697287932651,0.));
#12371=CARTESIAN_POINT('Ctrl Pts',(52.2183677430689,20.6697287932651,-0.2));
#12372=CARTESIAN_POINT('Ctrl Pts',(52.372891542118,20.7457472676843,0.));
#12373=CARTESIAN_POINT('Ctrl Pts',(52.372891542118,20.7457472676843,-0.2));
#12374=CARTESIAN_POINT('Ctrl Pts',(52.4522513523698,20.7847885787487,0.));
#12375=CARTESIAN_POINT('Ctrl Pts',(52.4522513523698,20.7847885787487,-0.2));
#12376=CARTESIAN_POINT('',(52.0603680983186,20.4686222970486,0.));
#12377=CARTESIAN_POINT('Ctrl Pts',(52.4522513523698,20.7847885787487,0.));
#12378=CARTESIAN_POINT('Ctrl Pts',(52.372891542118,20.7457472676843,0.));
#12379=CARTESIAN_POINT('Ctrl Pts',(52.2183677430689,20.6697287932651,0.));
#12380=CARTESIAN_POINT('Ctrl Pts',(52.1120725604467,20.5344332248755,0.));
#12381=CARTESIAN_POINT('Ctrl Pts',(52.0603680983186,20.4686222970486,0.));
#12382=CARTESIAN_POINT('',(52.0603680983186,20.4686222970486,-0.2));
#12383=CARTESIAN_POINT('Ctrl Pts',(52.0603680983186,20.4686222970486,-0.2));
#12384=CARTESIAN_POINT('Ctrl Pts',(52.1120725604467,20.5344332248755,-0.2));
#12385=CARTESIAN_POINT('Ctrl Pts',(52.2183677430689,20.6697287932651,-0.2));
#12386=CARTESIAN_POINT('Ctrl Pts',(52.372891542118,20.7457472676843,-0.2));
#12387=CARTESIAN_POINT('Ctrl Pts',(52.4522513523698,20.7847885787487,-0.2));
#12388=CARTESIAN_POINT('',(52.0603680983186,20.4686222970486,0.));
#12389=CARTESIAN_POINT('Ctrl Pts',(51.9130278006196,19.9959073960781,0.));
#12390=CARTESIAN_POINT('Ctrl Pts',(51.9130278006196,19.9959073960781,-0.2));
#12391=CARTESIAN_POINT('Ctrl Pts',(51.9213781558259,20.0810663017166,0.));
#12392=CARTESIAN_POINT('Ctrl Pts',(51.9213781558259,20.0810663017166,-0.2));
#12393=CARTESIAN_POINT('Ctrl Pts',(51.9378343867334,20.2488908529372,0.));
#12394=CARTESIAN_POINT('Ctrl Pts',(51.9378343867334,20.2488908529372,-0.2));
#12395=CARTESIAN_POINT('Ctrl Pts',(52.0199300751822,20.3961075163745,0.));
#12396=CARTESIAN_POINT('Ctrl Pts',(52.0199300751822,20.3961075163745,-0.2));
#12397=CARTESIAN_POINT('Ctrl Pts',(52.0603680983186,20.4686222970486,0.));
#12398=CARTESIAN_POINT('Ctrl Pts',(52.0603680983186,20.4686222970486,-0.2));
#12399=CARTESIAN_POINT('',(51.9130278006196,19.9959073960781,0.));
#12400=CARTESIAN_POINT('Ctrl Pts',(52.0603680983186,20.4686222970486,0.));
#12401=CARTESIAN_POINT('Ctrl Pts',(52.0199300751822,20.3961075163745,0.));
#12402=CARTESIAN_POINT('Ctrl Pts',(51.9378343867334,20.2488908529372,0.));
#12403=CARTESIAN_POINT('Ctrl Pts',(51.9213781558259,20.0810663017166,0.));
#12404=CARTESIAN_POINT('Ctrl Pts',(51.9130278006196,19.9959073960781,0.));
#12405=CARTESIAN_POINT('',(51.9130278006196,19.9959073960781,-0.2));
#12406=CARTESIAN_POINT('Ctrl Pts',(51.9130278006196,19.9959073960781,-0.2));
#12407=CARTESIAN_POINT('Ctrl Pts',(51.9213781558259,20.0810663017166,-0.2));
#12408=CARTESIAN_POINT('Ctrl Pts',(51.9378343867334,20.2488908529372,-0.2));
#12409=CARTESIAN_POINT('Ctrl Pts',(52.0199300751822,20.3961075163745,-0.2));
#12410=CARTESIAN_POINT('Ctrl Pts',(52.0603680983186,20.4686222970486,-0.2));
#12411=CARTESIAN_POINT('',(51.9130278006196,19.9959073960781,0.));
#12412=CARTESIAN_POINT('Origin',(52.2936559095979,19.9672581255436,0.));
#12413=CARTESIAN_POINT('',(52.2936559095979,19.9672581255436,0.));
#12414=CARTESIAN_POINT('',(41.7802166590054,20.7585879255075,0.));
#12415=CARTESIAN_POINT('',(52.2936559095979,19.9672581255436,-0.2));
#12416=CARTESIAN_POINT('',(51.9130278006196,19.9959073960781,-0.2));
#12417=CARTESIAN_POINT('',(52.2936559095979,19.9672581255436,0.));
#12418=CARTESIAN_POINT('Ctrl Pts',(52.5013643875718,20.3969986736774,0.));
#12419=CARTESIAN_POINT('Ctrl Pts',(52.5013643875718,20.3969986736774,-0.2));
#12420=CARTESIAN_POINT('Ctrl Pts',(52.448220701672,20.3401307692965,0.));
#12421=CARTESIAN_POINT('Ctrl Pts',(52.448220701672,20.3401307692965,-0.2));
#12422=CARTESIAN_POINT('Ctrl Pts',(52.3349057588772,20.2188749094012,0.));
#12423=CARTESIAN_POINT('Ctrl Pts',(52.3349057588772,20.2188749094012,-0.2));
#12424=CARTESIAN_POINT('Ctrl Pts',(52.3079628416899,20.0545278805308,0.));
#12425=CARTESIAN_POINT('Ctrl Pts',(52.3079628416899,20.0545278805308,-0.2));
#12426=CARTESIAN_POINT('Ctrl Pts',(52.2936559095979,19.9672581255436,0.));
#12427=CARTESIAN_POINT('Ctrl Pts',(52.2936559095979,19.9672581255436,-0.2));
#12428=CARTESIAN_POINT('',(52.5013643875718,20.3969986736774,0.));
#12429=CARTESIAN_POINT('Ctrl Pts',(52.2936559095979,19.9672581255436,0.));
#12430=CARTESIAN_POINT('Ctrl Pts',(52.3079628416899,20.0545278805308,0.));
#12431=CARTESIAN_POINT('Ctrl Pts',(52.3349057588772,20.2188749094012,0.));
#12432=CARTESIAN_POINT('Ctrl Pts',(52.448220701672,20.3401307692965,0.));
#12433=CARTESIAN_POINT('Ctrl Pts',(52.5013643875718,20.3969986736774,0.));
#12434=CARTESIAN_POINT('',(52.5013643875718,20.3969986736774,-0.2));
#12435=CARTESIAN_POINT('Ctrl Pts',(52.5013643875718,20.3969986736774,-0.2));
#12436=CARTESIAN_POINT('Ctrl Pts',(52.448220701672,20.3401307692965,-0.2));
#12437=CARTESIAN_POINT('Ctrl Pts',(52.3349057588772,20.2188749094012,-0.2));
#12438=CARTESIAN_POINT('Ctrl Pts',(52.3079628416899,20.0545278805308,-0.2));
#12439=CARTESIAN_POINT('Ctrl Pts',(52.2936559095979,19.9672581255436,-0.2));
#12440=CARTESIAN_POINT('',(52.5013643875718,20.3969986736774,0.));
#12441=CARTESIAN_POINT('Ctrl Pts',(53.0242157354951,20.5422921478748,0.));
#12442=CARTESIAN_POINT('Ctrl Pts',(53.0242157354951,20.5422921478748,-0.2));
#12443=CARTESIAN_POINT('Ctrl Pts',(52.9202464320923,20.5394217039981,0.));
#12444=CARTESIAN_POINT('Ctrl Pts',(52.9202464320923,20.5394217039981,-0.2));
#12445=CARTESIAN_POINT('Ctrl Pts',(52.7330436425595,20.5342533025244,0.));
#12446=CARTESIAN_POINT('Ctrl Pts',(52.7330436425595,20.5342533025244,-0.2));
#12447=CARTESIAN_POINT('Ctrl Pts',(52.5726694371972,20.439242197474,0.));
#12448=CARTESIAN_POINT('Ctrl Pts',(52.5726694371972,20.439242197474,-0.2));
#12449=CARTESIAN_POINT('Ctrl Pts',(52.5013643875718,20.3969986736774,0.));
#12450=CARTESIAN_POINT('Ctrl Pts',(52.5013643875718,20.3969986736774,-0.2));
#12451=CARTESIAN_POINT('',(53.0242157354951,20.5422921478748,0.));
#12452=CARTESIAN_POINT('Ctrl Pts',(52.5013643875718,20.3969986736774,0.));
#12453=CARTESIAN_POINT('Ctrl Pts',(52.5726694371972,20.439242197474,0.));
#12454=CARTESIAN_POINT('Ctrl Pts',(52.7330436425595,20.5342533025244,0.));
#12455=CARTESIAN_POINT('Ctrl Pts',(52.9202464320923,20.5394217039981,0.));
#12456=CARTESIAN_POINT('Ctrl Pts',(53.0242157354951,20.5422921478748,0.));
#12457=CARTESIAN_POINT('',(53.0242157354951,20.5422921478748,-0.2));
#12458=CARTESIAN_POINT('Ctrl Pts',(53.0242157354951,20.5422921478748,-0.2));
#12459=CARTESIAN_POINT('Ctrl Pts',(52.9202464320923,20.5394217039981,-0.2));
#12460=CARTESIAN_POINT('Ctrl Pts',(52.7330436425595,20.5342533025244,-0.2));
#12461=CARTESIAN_POINT('Ctrl Pts',(52.5726694371972,20.439242197474,-0.2));
#12462=CARTESIAN_POINT('Ctrl Pts',(52.5013643875718,20.3969986736774,-0.2));
#12463=CARTESIAN_POINT('',(53.0242157354951,20.5422921478748,0.));
#12464=CARTESIAN_POINT('Ctrl Pts',(53.5491133108735,20.4103003442287,0.));
#12465=CARTESIAN_POINT('Ctrl Pts',(53.5491133108735,20.4103003442287,-0.2));
#12466=CARTESIAN_POINT('Ctrl Pts',(53.4793836762696,20.448604870527,0.));
#12467=CARTESIAN_POINT('Ctrl Pts',(53.4793836762696,20.448604870527,-0.2));
#12468=CARTESIAN_POINT('Ctrl Pts',(53.3169296997462,20.5378455879256,0.));
#12469=CARTESIAN_POINT('Ctrl Pts',(53.3169296997462,20.5378455879256,-0.2));
#12470=CARTESIAN_POINT('Ctrl Pts',(53.1305794339137,20.5406763979647,0.));
#12471=CARTESIAN_POINT('Ctrl Pts',(53.1305794339137,20.5406763979647,-0.2));
#12472=CARTESIAN_POINT('Ctrl Pts',(53.0242157354951,20.5422921478748,0.));
#12473=CARTESIAN_POINT('Ctrl Pts',(53.0242157354951,20.5422921478748,-0.2));
#12474=CARTESIAN_POINT('',(53.5491133108735,20.4103003442287,0.));
#12475=CARTESIAN_POINT('Ctrl Pts',(53.0242157354951,20.5422921478748,0.));
#12476=CARTESIAN_POINT('Ctrl Pts',(53.1305794339137,20.5406763979647,0.));
#12477=CARTESIAN_POINT('Ctrl Pts',(53.3169296997462,20.5378455879256,0.));
#12478=CARTESIAN_POINT('Ctrl Pts',(53.4793836762696,20.448604870527,0.));
#12479=CARTESIAN_POINT('Ctrl Pts',(53.5491133108735,20.4103003442287,0.));
#12480=CARTESIAN_POINT('',(53.5491133108735,20.4103003442287,-0.2));
#12481=CARTESIAN_POINT('Ctrl Pts',(53.5491133108735,20.4103003442287,-0.2));
#12482=CARTESIAN_POINT('Ctrl Pts',(53.4793836762696,20.448604870527,-0.2));
#12483=CARTESIAN_POINT('Ctrl Pts',(53.3169296997462,20.5378455879256,-0.2));
#12484=CARTESIAN_POINT('Ctrl Pts',(53.1305794339137,20.5406763979647,-0.2));
#12485=CARTESIAN_POINT('Ctrl Pts',(53.0242157354951,20.5422921478748,-0.2));
#12486=CARTESIAN_POINT('',(53.5491133108735,20.4103003442287,0.));
#12487=CARTESIAN_POINT('Ctrl Pts',(53.7138474360108,20.0920875370502,0.));
#12488=CARTESIAN_POINT('Ctrl Pts',(53.7138474360108,20.0920875370502,-0.2));
#12489=CARTESIAN_POINT('Ctrl Pts',(53.7060369955818,20.1526404345358,0.));
#12490=CARTESIAN_POINT('Ctrl Pts',(53.7060369955818,20.1526404345358,-0.2));
#12491=CARTESIAN_POINT('Ctrl Pts',(53.6898260856039,20.2783206159495,0.));
#12492=CARTESIAN_POINT('Ctrl Pts',(53.6898260856039,20.2783206159495,-0.2));
#12493=CARTESIAN_POINT('Ctrl Pts',(53.5971420440038,20.3652524147832,0.));
#12494=CARTESIAN_POINT('Ctrl Pts',(53.5971420440038,20.3652524147832,-0.2));
#12495=CARTESIAN_POINT('Ctrl Pts',(53.5491133108735,20.4103003442287,0.));
#12496=CARTESIAN_POINT('Ctrl Pts',(53.5491133108735,20.4103003442287,-0.2));
#12497=CARTESIAN_POINT('',(53.7138474360108,20.0920875370502,0.));
#12498=CARTESIAN_POINT('Ctrl Pts',(53.5491133108735,20.4103003442287,0.));
#12499=CARTESIAN_POINT('Ctrl Pts',(53.5971420440038,20.3652524147832,0.));
#12500=CARTESIAN_POINT('Ctrl Pts',(53.6898260856039,20.2783206159495,0.));
#12501=CARTESIAN_POINT('Ctrl Pts',(53.7060369955818,20.1526404345358,0.));
#12502=CARTESIAN_POINT('Ctrl Pts',(53.7138474360108,20.0920875370502,0.));
#12503=CARTESIAN_POINT('',(53.7138474360108,20.0920875370502,-0.2));
#12504=CARTESIAN_POINT('Ctrl Pts',(53.7138474360108,20.0920875370502,-0.2));
#12505=CARTESIAN_POINT('Ctrl Pts',(53.7060369955818,20.1526404345358,-0.2));
#12506=CARTESIAN_POINT('Ctrl Pts',(53.6898260856039,20.2783206159495,-0.2));
#12507=CARTESIAN_POINT('Ctrl Pts',(53.5971420440038,20.3652524147832,-0.2));
#12508=CARTESIAN_POINT('Ctrl Pts',(53.5491133108735,20.4103003442287,-0.2));
#12509=CARTESIAN_POINT('',(53.7138474360108,20.0920875370502,0.));
#12510=CARTESIAN_POINT('Ctrl Pts',(53.5972035303712,19.8260574042797,0.));
#12511=CARTESIAN_POINT('Ctrl Pts',(53.5972035303712,19.8260574042797,-0.2));
#12512=CARTESIAN_POINT('Ctrl Pts',(53.6312238470677,19.8634782722243,0.));
#12513=CARTESIAN_POINT('Ctrl Pts',(53.6312238470677,19.8634782722243,-0.2));
#12514=CARTESIAN_POINT('Ctrl Pts',(53.6998990972923,19.9390180590123,0.));
#12515=CARTESIAN_POINT('Ctrl Pts',(53.6998990972923,19.9390180590123,-0.2));
#12516=CARTESIAN_POINT('Ctrl Pts',(53.7091694345444,20.0407510118072,0.));
#12517=CARTESIAN_POINT('Ctrl Pts',(53.7091694345444,20.0407510118072,-0.2));
#12518=CARTESIAN_POINT('Ctrl Pts',(53.7138474360108,20.0920875370502,0.));
#12519=CARTESIAN_POINT('Ctrl Pts',(53.7138474360108,20.0920875370502,-0.2));
#12520=CARTESIAN_POINT('',(53.5972035303712,19.8260574042797,0.));
#12521=CARTESIAN_POINT('Ctrl Pts',(53.7138474360108,20.0920875370502,0.));
#12522=CARTESIAN_POINT('Ctrl Pts',(53.7091694345444,20.0407510118072,0.));
#12523=CARTESIAN_POINT('Ctrl Pts',(53.6998990972923,19.9390180590123,0.));
#12524=CARTESIAN_POINT('Ctrl Pts',(53.6312238470677,19.8634782722243,0.));
#12525=CARTESIAN_POINT('Ctrl Pts',(53.5972035303712,19.8260574042797,0.));
#12526=CARTESIAN_POINT('',(53.5972035303712,19.8260574042797,-0.2));
#12527=CARTESIAN_POINT('Ctrl Pts',(53.5972035303712,19.8260574042797,-0.2));
#12528=CARTESIAN_POINT('Ctrl Pts',(53.6312238470677,19.8634782722243,-0.2));
#12529=CARTESIAN_POINT('Ctrl Pts',(53.6998990972923,19.9390180590123,-0.2));
#12530=CARTESIAN_POINT('Ctrl Pts',(53.7091694345444,20.0407510118072,-0.2));
#12531=CARTESIAN_POINT('Ctrl Pts',(53.7138474360108,20.0920875370502,-0.2));
#12532=CARTESIAN_POINT('',(53.5972035303712,19.8260574042797,0.));
#12533=CARTESIAN_POINT('Ctrl Pts',(52.9986358061433,19.6122102439404,0.));
#12534=CARTESIAN_POINT('Ctrl Pts',(52.9986358061433,19.6122102439404,-0.2));
#12535=CARTESIAN_POINT('Ctrl Pts',(53.1323330992762,19.6401625152436,0.));
#12536=CARTESIAN_POINT('Ctrl Pts',(53.1323330992762,19.6401625152436,-0.2));
#12537=CARTESIAN_POINT('Ctrl Pts',(53.3424867996823,19.6840996295371,0.));
#12538=CARTESIAN_POINT('Ctrl Pts',(53.3424867996823,19.6840996295371,-0.2));
#12539=CARTESIAN_POINT('Ctrl Pts',(53.5292550331652,19.7881886022015,0.));
#12540=CARTESIAN_POINT('Ctrl Pts',(53.5292550331652,19.7881886022015,-0.2));
#12541=CARTESIAN_POINT('Ctrl Pts',(53.5972035303712,19.8260574042797,0.));
#12542=CARTESIAN_POINT('Ctrl Pts',(53.5972035303712,19.8260574042797,-0.2));
#12543=CARTESIAN_POINT('',(52.9986358061433,19.6122102439404,0.));
#12544=CARTESIAN_POINT('Ctrl Pts',(53.5972035303712,19.8260574042797,0.));
#12545=CARTESIAN_POINT('Ctrl Pts',(53.5292550331652,19.7881886022015,0.));
#12546=CARTESIAN_POINT('Ctrl Pts',(53.3424867996823,19.6840996295371,0.));
#12547=CARTESIAN_POINT('Ctrl Pts',(53.1323330992762,19.6401625152436,0.));
#12548=CARTESIAN_POINT('Ctrl Pts',(52.9986358061433,19.6122102439404,0.));
#12549=CARTESIAN_POINT('',(52.9986358061433,19.6122102439404,-0.2));
#12550=CARTESIAN_POINT('Ctrl Pts',(52.9986358061433,19.6122102439404,-0.2));
#12551=CARTESIAN_POINT('Ctrl Pts',(53.1323330992762,19.6401625152436,-0.2));
#12552=CARTESIAN_POINT('Ctrl Pts',(53.3424867996823,19.6840996295371,-0.2));
#12553=CARTESIAN_POINT('Ctrl Pts',(53.5292550331652,19.7881886022015,-0.2));
#12554=CARTESIAN_POINT('Ctrl Pts',(53.5972035303712,19.8260574042797,-0.2));
#12555=CARTESIAN_POINT('',(52.9986358061433,19.6122102439404,0.));
#12556=CARTESIAN_POINT('Ctrl Pts',(52.3345840349793,19.4208730757236,0.));
#12557=CARTESIAN_POINT('Ctrl Pts',(52.3345840349793,19.4208730757236,-0.2));
#12558=CARTESIAN_POINT('Ctrl Pts',(52.4194930553203,19.45194176691,0.));
#12559=CARTESIAN_POINT('Ctrl Pts',(52.4194930553203,19.45194176691,-0.2));
#12560=CARTESIAN_POINT('Ctrl Pts',(52.6362123716925,19.5312405915515,0.));
#12561=CARTESIAN_POINT('Ctrl Pts',(52.6362123716925,19.5312405915515,-0.2));
#12562=CARTESIAN_POINT('Ctrl Pts',(52.8615710102592,19.5815883585363,0.));
#12563=CARTESIAN_POINT('Ctrl Pts',(52.8615710102592,19.5815883585363,-0.2));
#12564=CARTESIAN_POINT('Ctrl Pts',(52.9986358061433,19.6122102439404,0.));
#12565=CARTESIAN_POINT('Ctrl Pts',(52.9986358061433,19.6122102439404,-0.2));
#12566=CARTESIAN_POINT('',(52.3345840349793,19.4208730757236,0.));
#12567=CARTESIAN_POINT('Ctrl Pts',(52.9986358061433,19.6122102439404,0.));
#12568=CARTESIAN_POINT('Ctrl Pts',(52.8615710102592,19.5815883585363,0.));
#12569=CARTESIAN_POINT('Ctrl Pts',(52.6362123716925,19.5312405915515,0.));
#12570=CARTESIAN_POINT('Ctrl Pts',(52.4194930553203,19.45194176691,0.));
#12571=CARTESIAN_POINT('Ctrl Pts',(52.3345840349793,19.4208730757236,0.));
#12572=CARTESIAN_POINT('',(52.3345840349793,19.4208730757236,-0.2));
#12573=CARTESIAN_POINT('Ctrl Pts',(52.3345840349793,19.4208730757236,-0.2));
#12574=CARTESIAN_POINT('Ctrl Pts',(52.4194930553203,19.45194176691,-0.2));
#12575=CARTESIAN_POINT('Ctrl Pts',(52.6362123716925,19.5312405915515,-0.2));
#12576=CARTESIAN_POINT('Ctrl Pts',(52.8615710102592,19.5815883585363,-0.2));
#12577=CARTESIAN_POINT('Ctrl Pts',(52.9986358061433,19.6122102439404,-0.2));
#12578=CARTESIAN_POINT('',(52.3345840349793,19.4208730757236,0.));
#12579=CARTESIAN_POINT('Ctrl Pts',(51.9478178396821,19.1149388253689,0.));
#12580=CARTESIAN_POINT('Ctrl Pts',(51.9478178396821,19.1149388253689,-0.2));
#12581=CARTESIAN_POINT('Ctrl Pts',(51.9977532157166,19.1751448913135,0.));
#12582=CARTESIAN_POINT('Ctrl Pts',(51.9977532157166,19.1751448913135,-0.2));
#12583=CARTESIAN_POINT('Ctrl Pts',(52.1048193945126,19.3042324026716,0.));
#12584=CARTESIAN_POINT('Ctrl Pts',(52.1048193945126,19.3042324026716,-0.2));
#12585=CARTESIAN_POINT('Ctrl Pts',(52.2546395790487,19.3802890453542,0.));
#12586=CARTESIAN_POINT('Ctrl Pts',(52.2546395790487,19.3802890453542,-0.2));
#12587=CARTESIAN_POINT('Ctrl Pts',(52.3345840349793,19.4208730757236,0.));
#12588=CARTESIAN_POINT('Ctrl Pts',(52.3345840349793,19.4208730757236,-0.2));
#12589=CARTESIAN_POINT('',(51.9478178396821,19.1149388253689,0.));
#12590=CARTESIAN_POINT('Ctrl Pts',(52.3345840349793,19.4208730757236,0.));
#12591=CARTESIAN_POINT('Ctrl Pts',(52.2546395790487,19.3802890453542,0.));
#12592=CARTESIAN_POINT('Ctrl Pts',(52.1048193945126,19.3042324026716,0.));
#12593=CARTESIAN_POINT('Ctrl Pts',(51.9977532157166,19.1751448913135,0.));
#12594=CARTESIAN_POINT('Ctrl Pts',(51.9478178396821,19.1149388253689,0.));
#12595=CARTESIAN_POINT('',(51.9478178396821,19.1149388253689,-0.2));
#12596=CARTESIAN_POINT('Ctrl Pts',(51.9478178396821,19.1149388253689,-0.2));
#12597=CARTESIAN_POINT('Ctrl Pts',(51.9977532157166,19.1751448913135,-0.2));
#12598=CARTESIAN_POINT('Ctrl Pts',(52.1048193945126,19.3042324026716,-0.2));
#12599=CARTESIAN_POINT('Ctrl Pts',(52.2546395790487,19.3802890453542,-0.2));
#12600=CARTESIAN_POINT('Ctrl Pts',(52.3345840349793,19.4208730757236,-0.2));
#12601=CARTESIAN_POINT('',(51.9478178396821,19.1149388253689,0.));
#12602=CARTESIAN_POINT('Ctrl Pts',(51.822987832129,18.6882676184177,0.));
#12603=CARTESIAN_POINT('Ctrl Pts',(51.822987832129,18.6882676184177,-0.2));
#12604=CARTESIAN_POINT('Ctrl Pts',(51.8277418213077,18.7657412460804,0.));
#12605=CARTESIAN_POINT('Ctrl Pts',(51.8277418213077,18.7657412460804,-0.2));
#12606=CARTESIAN_POINT('Ctrl Pts',(51.8370557009473,18.9175253617313,0.));
#12607=CARTESIAN_POINT('Ctrl Pts',(51.8370557009473,18.9175253617313,-0.2));
#12608=CARTESIAN_POINT('Ctrl Pts',(51.9114136599824,19.0500549644441,0.));
#12609=CARTESIAN_POINT('Ctrl Pts',(51.9114136599824,19.0500549644441,-0.2));
#12610=CARTESIAN_POINT('Ctrl Pts',(51.9478178396821,19.1149388253689,0.));
#12611=CARTESIAN_POINT('Ctrl Pts',(51.9478178396821,19.1149388253689,-0.2));
#12612=CARTESIAN_POINT('',(51.822987832129,18.6882676184177,0.));
#12613=CARTESIAN_POINT('Ctrl Pts',(51.9478178396821,19.1149388253689,0.));
#12614=CARTESIAN_POINT('Ctrl Pts',(51.9114136599824,19.0500549644441,0.));
#12615=CARTESIAN_POINT('Ctrl Pts',(51.8370557009473,18.9175253617313,0.));
#12616=CARTESIAN_POINT('Ctrl Pts',(51.8277418213077,18.7657412460804,0.));
#12617=CARTESIAN_POINT('Ctrl Pts',(51.822987832129,18.6882676184177,0.));
#12618=CARTESIAN_POINT('',(51.822987832129,18.6882676184177,-0.2));
#12619=CARTESIAN_POINT('Ctrl Pts',(51.822987832129,18.6882676184177,-0.2));
#12620=CARTESIAN_POINT('Ctrl Pts',(51.8277418213077,18.7657412460804,-0.2));
#12621=CARTESIAN_POINT('Ctrl Pts',(51.8370557009473,18.9175253617313,-0.2));
#12622=CARTESIAN_POINT('Ctrl Pts',(51.9114136599824,19.0500549644441,-0.2));
#12623=CARTESIAN_POINT('Ctrl Pts',(51.9478178396821,19.1149388253689,-0.2));
#12624=CARTESIAN_POINT('',(51.822987832129,18.6882676184177,0.));
#12625=CARTESIAN_POINT('Ctrl Pts',(51.9600963965058,18.2370395958424,0.));
#12626=CARTESIAN_POINT('Ctrl Pts',(51.9600963965058,18.2370395958424,-0.2));
#12627=CARTESIAN_POINT('Ctrl Pts',(51.9201081971977,18.3082196102845,0.));
#12628=CARTESIAN_POINT('Ctrl Pts',(51.9201081971977,18.3082196102845,-0.2));
#12629=CARTESIAN_POINT('Ctrl Pts',(51.8412309131893,18.4486231871402,0.));
#12630=CARTESIAN_POINT('Ctrl Pts',(51.8412309131893,18.4486231871402,-0.2));
#12631=CARTESIAN_POINT('Ctrl Pts',(51.8290121048677,18.6091316758894,0.));
#12632=CARTESIAN_POINT('Ctrl Pts',(51.8290121048677,18.6091316758894,-0.2));
#12633=CARTESIAN_POINT('Ctrl Pts',(51.822987832129,18.6882676184177,0.));
#12634=CARTESIAN_POINT('Ctrl Pts',(51.822987832129,18.6882676184177,-0.2));
#12635=CARTESIAN_POINT('',(51.9600963965058,18.2370395958424,0.));
#12636=CARTESIAN_POINT('Ctrl Pts',(51.822987832129,18.6882676184177,0.));
#12637=CARTESIAN_POINT('Ctrl Pts',(51.8290121048677,18.6091316758894,0.));
#12638=CARTESIAN_POINT('Ctrl Pts',(51.8412309131893,18.4486231871402,0.));
#12639=CARTESIAN_POINT('Ctrl Pts',(51.9201081971977,18.3082196102845,0.));
#12640=CARTESIAN_POINT('Ctrl Pts',(51.9600963965058,18.2370395958424,0.));
#12641=CARTESIAN_POINT('',(51.9600963965058,18.2370395958424,-0.2));
#12642=CARTESIAN_POINT('Ctrl Pts',(51.9600963965058,18.2370395958424,-0.2));
#12643=CARTESIAN_POINT('Ctrl Pts',(51.9201081971977,18.3082196102845,-0.2));
#12644=CARTESIAN_POINT('Ctrl Pts',(51.8412309131893,18.4486231871402,-0.2));
#12645=CARTESIAN_POINT('Ctrl Pts',(51.8290121048677,18.6091316758894,-0.2));
#12646=CARTESIAN_POINT('Ctrl Pts',(51.822987832129,18.6882676184177,-0.2));
#12647=CARTESIAN_POINT('',(51.9600963965058,18.2370395958424,0.));
#12648=CARTESIAN_POINT('Ctrl Pts',(52.3540246859193,17.9075716435909,0.));
#12649=CARTESIAN_POINT('Ctrl Pts',(52.3540246859193,17.9075716435909,-0.2));
#12650=CARTESIAN_POINT('Ctrl Pts',(52.2741424812506,17.9495999223925,0.));
#12651=CARTESIAN_POINT('Ctrl Pts',(52.2741424812506,17.9495999223925,-0.2));
#12652=CARTESIAN_POINT('Ctrl Pts',(52.1190277109122,18.0312101739003,0.));
#12653=CARTESIAN_POINT('Ctrl Pts',(52.1190277109122,18.0312101739003,-0.2));
#12654=CARTESIAN_POINT('Ctrl Pts',(52.0120041405035,18.169814700728,0.));
#12655=CARTESIAN_POINT('Ctrl Pts',(52.0120041405035,18.169814700728,-0.2));
#12656=CARTESIAN_POINT('Ctrl Pts',(51.9600963965058,18.2370395958424,0.));
#12657=CARTESIAN_POINT('Ctrl Pts',(51.9600963965058,18.2370395958424,-0.2));
#12658=CARTESIAN_POINT('',(52.3540246859193,17.9075716435909,0.));
#12659=CARTESIAN_POINT('Ctrl Pts',(51.9600963965058,18.2370395958424,0.));
#12660=CARTESIAN_POINT('Ctrl Pts',(52.0120041405035,18.169814700728,0.));
#12661=CARTESIAN_POINT('Ctrl Pts',(52.1190277109122,18.0312101739003,0.));
#12662=CARTESIAN_POINT('Ctrl Pts',(52.2741424812506,17.9495999223925,0.));
#12663=CARTESIAN_POINT('Ctrl Pts',(52.3540246859193,17.9075716435909,0.));
#12664=CARTESIAN_POINT('',(52.3540246859193,17.9075716435909,-0.2));
#12665=CARTESIAN_POINT('Ctrl Pts',(52.3540246859193,17.9075716435909,-0.2));
#12666=CARTESIAN_POINT('Ctrl Pts',(52.2741424812506,17.9495999223925,-0.2));
#12667=CARTESIAN_POINT('Ctrl Pts',(52.1190277109122,18.0312101739003,-0.2));
#12668=CARTESIAN_POINT('Ctrl Pts',(52.0120041405035,18.169814700728,-0.2));
#12669=CARTESIAN_POINT('Ctrl Pts',(51.9600963965058,18.2370395958424,-0.2));
#12670=CARTESIAN_POINT('',(52.3540246859193,17.9075716435909,0.));
#12671=CARTESIAN_POINT('Ctrl Pts',(52.9321283474565,17.7899046242237,0.));
#12672=CARTESIAN_POINT('Ctrl Pts',(52.9321283474565,17.7899046242237,-0.2));
#12673=CARTESIAN_POINT('Ctrl Pts',(52.8292475212521,17.7941216552262,0.));
#12674=CARTESIAN_POINT('Ctrl Pts',(52.8292475212521,17.7941216552262,-0.2));
#12675=CARTESIAN_POINT('Ctrl Pts',(52.6301073827864,17.8022843048543,0.));
#12676=CARTESIAN_POINT('Ctrl Pts',(52.6301073827864,17.8022843048543,-0.2));
#12677=CARTESIAN_POINT('Ctrl Pts',(52.4439894115215,17.8732625519807,0.));
#12678=CARTESIAN_POINT('Ctrl Pts',(52.4439894115215,17.8732625519807,-0.2));
#12679=CARTESIAN_POINT('Ctrl Pts',(52.3540246859193,17.9075716435909,0.));
#12680=CARTESIAN_POINT('Ctrl Pts',(52.3540246859193,17.9075716435909,-0.2));
#12681=CARTESIAN_POINT('',(52.9321283474565,17.7899046242237,0.));
#12682=CARTESIAN_POINT('Ctrl Pts',(52.3540246859193,17.9075716435909,0.));
#12683=CARTESIAN_POINT('Ctrl Pts',(52.4439894115215,17.8732625519807,0.));
#12684=CARTESIAN_POINT('Ctrl Pts',(52.6301073827864,17.8022843048543,0.));
#12685=CARTESIAN_POINT('Ctrl Pts',(52.8292475212521,17.7941216552262,0.));
#12686=CARTESIAN_POINT('Ctrl Pts',(52.9321283474565,17.7899046242237,0.));
#12687=CARTESIAN_POINT('',(52.9321283474565,17.7899046242237,-0.2));
#12688=CARTESIAN_POINT('Ctrl Pts',(52.9321283474565,17.7899046242237,-0.2));
#12689=CARTESIAN_POINT('Ctrl Pts',(52.8292475212521,17.7941216552262,-0.2));
#12690=CARTESIAN_POINT('Ctrl Pts',(52.6301073827864,17.8022843048543,-0.2));
#12691=CARTESIAN_POINT('Ctrl Pts',(52.4439894115215,17.8732625519807,-0.2));
#12692=CARTESIAN_POINT('Ctrl Pts',(52.3540246859193,17.9075716435909,-0.2));
#12693=CARTESIAN_POINT('',(52.9321283474565,17.7899046242237,0.));
#12694=CARTESIAN_POINT('Ctrl Pts',(53.6145973578095,17.9085947573185,0.));
#12695=CARTESIAN_POINT('Ctrl Pts',(53.6145973578095,17.9085947573185,-0.2));
#12696=CARTESIAN_POINT('Ctrl Pts',(53.5127422050968,17.8740332253118,0.));
#12697=CARTESIAN_POINT('Ctrl Pts',(53.5127422050968,17.8740332253118,-0.2));
#12698=CARTESIAN_POINT('Ctrl Pts',(53.2917062358198,17.7990312099662,0.));
#12699=CARTESIAN_POINT('Ctrl Pts',(53.2917062358198,17.7990312099662,-0.2));
#12700=CARTESIAN_POINT('Ctrl Pts',(53.0580915219296,17.7931017443733,0.));
#12701=CARTESIAN_POINT('Ctrl Pts',(53.0580915219296,17.7931017443733,-0.2));
#12702=CARTESIAN_POINT('Ctrl Pts',(52.9321283474565,17.7899046242237,0.));
#12703=CARTESIAN_POINT('Ctrl Pts',(52.9321283474565,17.7899046242237,-0.2));
#12704=CARTESIAN_POINT('',(53.6145973578095,17.9085947573185,0.));
#12705=CARTESIAN_POINT('Ctrl Pts',(52.9321283474565,17.7899046242237,0.));
#12706=CARTESIAN_POINT('Ctrl Pts',(53.0580915219296,17.7931017443733,0.));
#12707=CARTESIAN_POINT('Ctrl Pts',(53.2917062358198,17.7990312099662,0.));
#12708=CARTESIAN_POINT('Ctrl Pts',(53.5127422050968,17.8740332253118,0.));
#12709=CARTESIAN_POINT('Ctrl Pts',(53.6145973578095,17.9085947573185,0.));
#12710=CARTESIAN_POINT('',(53.6145973578095,17.9085947573185,-0.2));
#12711=CARTESIAN_POINT('Ctrl Pts',(53.6145973578095,17.9085947573185,-0.2));
#12712=CARTESIAN_POINT('Ctrl Pts',(53.5127422050968,17.8740332253118,-0.2));
#12713=CARTESIAN_POINT('Ctrl Pts',(53.2917062358198,17.7990312099662,-0.2));
#12714=CARTESIAN_POINT('Ctrl Pts',(53.0580915219296,17.7931017443733,-0.2));
#12715=CARTESIAN_POINT('Ctrl Pts',(52.9321283474565,17.7899046242237,-0.2));
#12716=CARTESIAN_POINT('',(53.6145973578095,17.9085947573185,0.));
#12717=CARTESIAN_POINT('Ctrl Pts',(54.046384729445,18.2656891644001,0.));
#12718=CARTESIAN_POINT('Ctrl Pts',(54.046384729445,18.2656891644001,-0.2));
#12719=CARTESIAN_POINT('Ctrl Pts',(53.9886633159622,18.1909559000451,0.));
#12720=CARTESIAN_POINT('Ctrl Pts',(53.9886633159622,18.1909559000451,-0.2));
#12721=CARTESIAN_POINT('Ctrl Pts',(53.8716715354341,18.0394839049219,0.));
#12722=CARTESIAN_POINT('Ctrl Pts',(53.8716715354341,18.0394839049219,-0.2));
#12723=CARTESIAN_POINT('Ctrl Pts',(53.7010417877421,17.9526078816762,0.));
#12724=CARTESIAN_POINT('Ctrl Pts',(53.7010417877421,17.9526078816762,-0.2));
#12725=CARTESIAN_POINT('Ctrl Pts',(53.6145973578095,17.9085947573185,0.));
#12726=CARTESIAN_POINT('Ctrl Pts',(53.6145973578095,17.9085947573185,-0.2));
#12727=CARTESIAN_POINT('',(54.046384729445,18.2656891644001,0.));
#12728=CARTESIAN_POINT('Ctrl Pts',(53.6145973578095,17.9085947573185,0.));
#12729=CARTESIAN_POINT('Ctrl Pts',(53.7010417877421,17.9526078816762,0.));
#12730=CARTESIAN_POINT('Ctrl Pts',(53.8716715354341,18.0394839049219,0.));
#12731=CARTESIAN_POINT('Ctrl Pts',(53.9886633159622,18.1909559000451,0.));
#12732=CARTESIAN_POINT('Ctrl Pts',(54.046384729445,18.2656891644001,0.));
#12733=CARTESIAN_POINT('',(54.046384729445,18.2656891644001,-0.2));
#12734=CARTESIAN_POINT('Ctrl Pts',(54.046384729445,18.2656891644001,-0.2));
#12735=CARTESIAN_POINT('Ctrl Pts',(53.9886633159622,18.1909559000451,-0.2));
#12736=CARTESIAN_POINT('Ctrl Pts',(53.8716715354341,18.0394839049219,-0.2));
#12737=CARTESIAN_POINT('Ctrl Pts',(53.7010417877421,17.9526078816762,-0.2));
#12738=CARTESIAN_POINT('Ctrl Pts',(53.6145973578095,17.9085947573185,-0.2));
#12739=CARTESIAN_POINT('',(54.046384729445,18.2656891644001,0.));
#12740=CARTESIAN_POINT('Ctrl Pts',(54.2111188545823,18.8049115240574,0.));
#12741=CARTESIAN_POINT('Ctrl Pts',(54.2111188545823,18.8049115240574,-0.2));
#12742=CARTESIAN_POINT('Ctrl Pts',(54.2025873838201,18.7078211566705,0.));
#12743=CARTESIAN_POINT('Ctrl Pts',(54.2025873838201,18.7078211566705,-0.2));
#12744=CARTESIAN_POINT('Ctrl Pts',(54.1857634559127,18.5163604593354,0.));
#12745=CARTESIAN_POINT('Ctrl Pts',(54.1857634559127,18.5163604593354,-0.2));
#12746=CARTESIAN_POINT('Ctrl Pts',(54.0924021843362,18.3484511130815,0.));
#12747=CARTESIAN_POINT('Ctrl Pts',(54.0924021843362,18.3484511130815,-0.2));
#12748=CARTESIAN_POINT('Ctrl Pts',(54.046384729445,18.2656891644001,0.));
#12749=CARTESIAN_POINT('Ctrl Pts',(54.046384729445,18.2656891644001,-0.2));
#12750=CARTESIAN_POINT('Ctrl Pts',(54.046384729445,18.2656891644001,0.));
#12751=CARTESIAN_POINT('Ctrl Pts',(54.0924021843362,18.3484511130815,0.));
#12752=CARTESIAN_POINT('Ctrl Pts',(54.1857634559127,18.5163604593354,0.));
#12753=CARTESIAN_POINT('Ctrl Pts',(54.2025873838201,18.7078211566705,0.));
#12754=CARTESIAN_POINT('Ctrl Pts',(54.2111188545823,18.8049115240574,0.));
#12755=CARTESIAN_POINT('Ctrl Pts',(54.2111188545823,18.8049115240574,-0.2));
#12756=CARTESIAN_POINT('Ctrl Pts',(54.2025873838201,18.7078211566705,-0.2));
#12757=CARTESIAN_POINT('Ctrl Pts',(54.1857634559127,18.5163604593354,-0.2));
#12758=CARTESIAN_POINT('Ctrl Pts',(54.0924021843362,18.3484511130815,-0.2));
#12759=CARTESIAN_POINT('Ctrl Pts',(54.046384729445,18.2656891644001,-0.2));
#12760=CARTESIAN_POINT('Origin',(50.5000000819564,16.9999997317791,-0.2));
#12761=CARTESIAN_POINT('Origin',(47.0815134420991,19.3697138130665,0.));
#12762=CARTESIAN_POINT('',(47.0815134420991,19.017735272646,0.));
#12763=CARTESIAN_POINT('',(47.0815134420991,19.3697138130665,0.));
#12764=CARTESIAN_POINT('',(47.0815134420991,5.79710690653324,0.));
#12765=CARTESIAN_POINT('',(47.0815134420991,19.017735272646,-0.2));
#12766=CARTESIAN_POINT('',(47.0815134420991,19.017735272646,0.));
#12767=CARTESIAN_POINT('',(47.0815134420991,19.3697138130665,-0.2));
#12768=CARTESIAN_POINT('',(47.0815134420991,19.017735272646,-0.2));
#12769=CARTESIAN_POINT('',(47.0815134420991,19.3697138130665,0.));
#12770=CARTESIAN_POINT('Origin',(45.8107090368867,19.3717600405216,0.));
#12771=CARTESIAN_POINT('',(45.8107090368867,19.3717600405216,0.));
#12772=CARTESIAN_POINT('',(37.4569822032872,19.3852110681774,0.));
#12773=CARTESIAN_POINT('',(45.8107090368867,19.3717600405216,-0.2));
#12774=CARTESIAN_POINT('',(47.0815134420991,19.3697138130665,-0.2));
#12775=CARTESIAN_POINT('',(45.8107090368867,19.3717600405216,0.));
#12776=CARTESIAN_POINT('Origin',(45.8107090368867,18.2585267722607,0.));
#12777=CARTESIAN_POINT('',(45.8107090368867,18.2585267722607,0.));
#12778=CARTESIAN_POINT('',(45.8107090368867,5.24151338613033,0.));
#12779=CARTESIAN_POINT('',(45.8107090368867,18.2585267722607,-0.2));
#12780=CARTESIAN_POINT('',(45.8107090368867,19.3717600405216,-0.2));
#12781=CARTESIAN_POINT('',(45.8107090368867,18.2585267722607,0.));
#12782=CARTESIAN_POINT('Ctrl Pts',(46.4143920317292,17.9075716435909,0.));
#12783=CARTESIAN_POINT('Ctrl Pts',(46.4143920317292,17.9075716435909,-0.2));
#12784=CARTESIAN_POINT('Ctrl Pts',(46.3100985539593,17.9527193487245,0.));
#12785=CARTESIAN_POINT('Ctrl Pts',(46.3100985539593,17.9527193487245,-0.2));
#12786=CARTESIAN_POINT('Ctrl Pts',(46.095054696642,18.0458098934887,0.));
#12787=CARTESIAN_POINT('Ctrl Pts',(46.095054696642,18.0458098934887,-0.2));
#12788=CARTESIAN_POINT('Ctrl Pts',(45.90736940155,18.1862158704877,0.));
#12789=CARTESIAN_POINT('Ctrl Pts',(45.90736940155,18.1862158704877,-0.2));
#12790=CARTESIAN_POINT('Ctrl Pts',(45.8107090368867,18.2585267722607,0.));
#12791=CARTESIAN_POINT('Ctrl Pts',(45.8107090368867,18.2585267722607,-0.2));
#12792=CARTESIAN_POINT('',(46.4143920317292,17.9075716435909,0.));
#12793=CARTESIAN_POINT('Ctrl Pts',(45.8107090368867,18.2585267722607,0.));
#12794=CARTESIAN_POINT('Ctrl Pts',(45.90736940155,18.1862158704877,0.));
#12795=CARTESIAN_POINT('Ctrl Pts',(46.095054696642,18.0458098934887,0.));
#12796=CARTESIAN_POINT('Ctrl Pts',(46.3100985539593,17.9527193487245,0.));
#12797=CARTESIAN_POINT('Ctrl Pts',(46.4143920317292,17.9075716435909,0.));
#12798=CARTESIAN_POINT('',(46.4143920317292,17.9075716435909,-0.2));
#12799=CARTESIAN_POINT('Ctrl Pts',(46.4143920317292,17.9075716435909,-0.2));
#12800=CARTESIAN_POINT('Ctrl Pts',(46.3100985539593,17.9527193487245,-0.2));
#12801=CARTESIAN_POINT('Ctrl Pts',(46.095054696642,18.0458098934887,-0.2));
#12802=CARTESIAN_POINT('Ctrl Pts',(45.90736940155,18.1862158704877,-0.2));
#12803=CARTESIAN_POINT('Ctrl Pts',(45.8107090368867,18.2585267722607,-0.2));
#12804=CARTESIAN_POINT('',(46.4143920317292,17.9075716435909,0.));
#12805=CARTESIAN_POINT('Ctrl Pts',(47.0528650656343,17.7899046242237,0.));
#12806=CARTESIAN_POINT('Ctrl Pts',(47.0528650656343,17.7899046242237,-0.2));
#12807=CARTESIAN_POINT('Ctrl Pts',(46.9442013469705,17.7948852130546,0.));
#12808=CARTESIAN_POINT('Ctrl Pts',(46.9442013469705,17.7948852130546,-0.2));
#12809=CARTESIAN_POINT('Ctrl Pts',(46.7260027183368,17.8048863216679,0.));
#12810=CARTESIAN_POINT('Ctrl Pts',(46.7260027183368,17.8048863216679,-0.2));
#12811=CARTESIAN_POINT('Ctrl Pts',(46.5185383716145,17.8732522158632,0.));
#12812=CARTESIAN_POINT('Ctrl Pts',(46.5185383716145,17.8732522158632,-0.2));
#12813=CARTESIAN_POINT('Ctrl Pts',(46.4143920317292,17.9075716435909,0.));
#12814=CARTESIAN_POINT('Ctrl Pts',(46.4143920317292,17.9075716435909,-0.2));
#12815=CARTESIAN_POINT('',(47.0528650656343,17.7899046242237,0.));
#12816=CARTESIAN_POINT('Ctrl Pts',(46.4143920317292,17.9075716435909,0.));
#12817=CARTESIAN_POINT('Ctrl Pts',(46.5185383716145,17.8732522158632,0.));
#12818=CARTESIAN_POINT('Ctrl Pts',(46.7260027183368,17.8048863216679,0.));
#12819=CARTESIAN_POINT('Ctrl Pts',(46.9442013469705,17.7948852130546,0.));
#12820=CARTESIAN_POINT('Ctrl Pts',(47.0528650656343,17.7899046242237,0.));
#12821=CARTESIAN_POINT('',(47.0528650656343,17.7899046242237,-0.2));
#12822=CARTESIAN_POINT('Ctrl Pts',(47.0528650656343,17.7899046242237,-0.2));
#12823=CARTESIAN_POINT('Ctrl Pts',(46.9442013469705,17.7948852130546,-0.2));
#12824=CARTESIAN_POINT('Ctrl Pts',(46.7260027183368,17.8048863216679,-0.2));
#12825=CARTESIAN_POINT('Ctrl Pts',(46.5185383716145,17.8732522158632,-0.2));
#12826=CARTESIAN_POINT('Ctrl Pts',(46.4143920317292,17.9075716435909,-0.2));
#12827=CARTESIAN_POINT('',(47.0528650656343,17.7899046242237,0.));
#12828=CARTESIAN_POINT('Ctrl Pts',(47.8560710325837,17.9791952669621,0.));
#12829=CARTESIAN_POINT('Ctrl Pts',(47.8560710325837,17.9791952669621,-0.2));
#12830=CARTESIAN_POINT('Ctrl Pts',(47.7308181502965,17.9239924119752,0.));
#12831=CARTESIAN_POINT('Ctrl Pts',(47.7308181502965,17.9239924119752,-0.2));
#12832=CARTESIAN_POINT('Ctrl Pts',(47.4749271398414,17.8112132560416,0.));
#12833=CARTESIAN_POINT('Ctrl Pts',(47.4749271398414,17.8112132560416,-0.2));
#12834=CARTESIAN_POINT('Ctrl Pts',(47.1955125243524,17.7971064610229,0.));
#12835=CARTESIAN_POINT('Ctrl Pts',(47.1955125243524,17.7971064610229,-0.2));
#12836=CARTESIAN_POINT('Ctrl Pts',(47.0528650656343,17.7899046242237,0.));
#12837=CARTESIAN_POINT('Ctrl Pts',(47.0528650656343,17.7899046242237,-0.2));
#12838=CARTESIAN_POINT('',(47.8560710325837,17.9791952669621,0.));
#12839=CARTESIAN_POINT('Ctrl Pts',(47.0528650656343,17.7899046242237,0.));
#12840=CARTESIAN_POINT('Ctrl Pts',(47.1955125243524,17.7971064610229,0.));
#12841=CARTESIAN_POINT('Ctrl Pts',(47.4749271398414,17.8112132560416,0.));
#12842=CARTESIAN_POINT('Ctrl Pts',(47.7308181502965,17.9239924119752,0.));
#12843=CARTESIAN_POINT('Ctrl Pts',(47.8560710325837,17.9791952669621,0.));
#12844=CARTESIAN_POINT('',(47.8560710325837,17.9791952669621,-0.2));
#12845=CARTESIAN_POINT('Ctrl Pts',(47.8560710325837,17.9791952669621,-0.2));
#12846=CARTESIAN_POINT('Ctrl Pts',(47.7308181502965,17.9239924119752,-0.2));
#12847=CARTESIAN_POINT('Ctrl Pts',(47.4749271398414,17.8112132560416,-0.2));
#12848=CARTESIAN_POINT('Ctrl Pts',(47.1955125243524,17.7971064610229,-0.2));
#12849=CARTESIAN_POINT('Ctrl Pts',(47.0528650656343,17.7899046242237,-0.2));
#12850=CARTESIAN_POINT('',(47.8560710325837,17.9791952669621,0.));
#12851=CARTESIAN_POINT('Ctrl Pts',(48.4014320746064,18.5266031324863,0.));
#12852=CARTESIAN_POINT('Ctrl Pts',(48.4014320746064,18.5266031324863,-0.2));
#12853=CARTESIAN_POINT('Ctrl Pts',(48.3324641362645,18.4141598295241,0.));
#12854=CARTESIAN_POINT('Ctrl Pts',(48.3324641362645,18.4141598295241,-0.2));
#12855=CARTESIAN_POINT('Ctrl Pts',(48.1940623299549,18.1885135856091,0.));
#12856=CARTESIAN_POINT('Ctrl Pts',(48.1940623299549,18.1885135856091,-0.2));
#12857=CARTESIAN_POINT('Ctrl Pts',(47.9689873699619,18.049124457659,0.));
#12858=CARTESIAN_POINT('Ctrl Pts',(47.9689873699619,18.049124457659,-0.2));
#12859=CARTESIAN_POINT('Ctrl Pts',(47.8560710325837,17.9791952669621,0.));
#12860=CARTESIAN_POINT('Ctrl Pts',(47.8560710325837,17.9791952669621,-0.2));
#12861=CARTESIAN_POINT('',(48.4014320746064,18.5266031324863,0.));
#12862=CARTESIAN_POINT('Ctrl Pts',(47.8560710325837,17.9791952669621,0.));
#12863=CARTESIAN_POINT('Ctrl Pts',(47.9689873699619,18.049124457659,0.));
#12864=CARTESIAN_POINT('Ctrl Pts',(48.1940623299549,18.1885135856091,0.));
#12865=CARTESIAN_POINT('Ctrl Pts',(48.3324641362645,18.4141598295241,0.));
#12866=CARTESIAN_POINT('Ctrl Pts',(48.4014320746064,18.5266031324863,0.));
#12867=CARTESIAN_POINT('',(48.4014320746064,18.5266031324863,-0.2));
#12868=CARTESIAN_POINT('Ctrl Pts',(48.4014320746064,18.5266031324863,-0.2));
#12869=CARTESIAN_POINT('Ctrl Pts',(48.3324641362645,18.4141598295241,-0.2));
#12870=CARTESIAN_POINT('Ctrl Pts',(48.1940623299549,18.1885135856091,-0.2));
#12871=CARTESIAN_POINT('Ctrl Pts',(47.9689873699619,18.049124457659,-0.2));
#12872=CARTESIAN_POINT('Ctrl Pts',(47.8560710325837,17.9791952669621,-0.2));
#12873=CARTESIAN_POINT('',(48.4014320746064,18.5266031324863,0.));
#12874=CARTESIAN_POINT('Ctrl Pts',(48.5856068506837,19.3267394602299,0.));
#12875=CARTESIAN_POINT('Ctrl Pts',(48.5856068506837,19.3267394602299,-0.2));
#12876=CARTESIAN_POINT('Ctrl Pts',(48.5787061306954,19.184421128208,0.));
#12877=CARTESIAN_POINT('Ctrl Pts',(48.5787061306954,19.184421128208,-0.2));
#12878=CARTESIAN_POINT('Ctrl Pts',(48.5652318322191,18.9065313301072,0.));
#12879=CARTESIAN_POINT('Ctrl Pts',(48.5652318322191,18.9065313301072,-0.2));
#12880=CARTESIAN_POINT('Ctrl Pts',(48.4551410316643,18.6511793073751,0.));
#12881=CARTESIAN_POINT('Ctrl Pts',(48.4551410316643,18.6511793073751,-0.2));
#12882=CARTESIAN_POINT('Ctrl Pts',(48.4014320746064,18.5266031324863,0.));
#12883=CARTESIAN_POINT('Ctrl Pts',(48.4014320746064,18.5266031324863,-0.2));
#12884=CARTESIAN_POINT('',(48.5856068506837,19.3267394602299,0.));
#12885=CARTESIAN_POINT('Ctrl Pts',(48.4014320746064,18.5266031324863,0.));
#12886=CARTESIAN_POINT('Ctrl Pts',(48.4551410316643,18.6511793073751,0.));
#12887=CARTESIAN_POINT('Ctrl Pts',(48.5652318322191,18.9065313301072,0.));
#12888=CARTESIAN_POINT('Ctrl Pts',(48.5787061306954,19.184421128208,0.));
#12889=CARTESIAN_POINT('Ctrl Pts',(48.5856068506837,19.3267394602299,0.));
#12890=CARTESIAN_POINT('',(48.5856068506837,19.3267394602299,-0.2));
#12891=CARTESIAN_POINT('Ctrl Pts',(48.5856068506837,19.3267394602299,-0.2));
#12892=CARTESIAN_POINT('Ctrl Pts',(48.5787061306954,19.184421128208,-0.2));
#12893=CARTESIAN_POINT('Ctrl Pts',(48.5652318322191,18.9065313301072,-0.2));
#12894=CARTESIAN_POINT('Ctrl Pts',(48.4551410316643,18.6511793073751,-0.2));
#12895=CARTESIAN_POINT('Ctrl Pts',(48.4014320746064,18.5266031324863,-0.2));
#12896=CARTESIAN_POINT('',(48.5856068506837,19.3267394602299,0.));
#12897=CARTESIAN_POINT('Ctrl Pts',(48.4024548903108,20.1442702114582,0.));
#12898=CARTESIAN_POINT('Ctrl Pts',(48.4024548903108,20.1442702114582,-0.2));
#12899=CARTESIAN_POINT('Ctrl Pts',(48.4558725707783,20.0145937600386,0.));
#12900=CARTESIAN_POINT('Ctrl Pts',(48.4558725707783,20.0145937600386,-0.2));
#12901=CARTESIAN_POINT('Ctrl Pts',(48.5637805769917,19.7526369097405,0.));
#12902=CARTESIAN_POINT('Ctrl Pts',(48.5637805769917,19.7526369097405,-0.2));
#12903=CARTESIAN_POINT('Ctrl Pts',(48.578283371748,19.4696429647066,0.));
#12904=CARTESIAN_POINT('Ctrl Pts',(48.578283371748,19.4696429647066,-0.2));
#12905=CARTESIAN_POINT('Ctrl Pts',(48.5856068506837,19.3267394602299,0.));
#12906=CARTESIAN_POINT('Ctrl Pts',(48.5856068506837,19.3267394602299,-0.2));
#12907=CARTESIAN_POINT('',(48.4024548903108,20.1442702114582,0.));
#12908=CARTESIAN_POINT('Ctrl Pts',(48.5856068506837,19.3267394602299,0.));
#12909=CARTESIAN_POINT('Ctrl Pts',(48.578283371748,19.4696429647066,0.));
#12910=CARTESIAN_POINT('Ctrl Pts',(48.5637805769917,19.7526369097405,0.));
#12911=CARTESIAN_POINT('Ctrl Pts',(48.4558725707783,20.0145937600386,0.));
#12912=CARTESIAN_POINT('Ctrl Pts',(48.4024548903108,20.1442702114582,0.));
#12913=CARTESIAN_POINT('',(48.4024548903108,20.1442702114582,-0.2));
#12914=CARTESIAN_POINT('Ctrl Pts',(48.4024548903108,20.1442702114582,-0.2));
#12915=CARTESIAN_POINT('Ctrl Pts',(48.4558725707783,20.0145937600386,-0.2));
#12916=CARTESIAN_POINT('Ctrl Pts',(48.5637805769917,19.7526369097405,-0.2));
#12917=CARTESIAN_POINT('Ctrl Pts',(48.578283371748,19.4696429647066,-0.2));
#12918=CARTESIAN_POINT('Ctrl Pts',(48.5856068506837,19.3267394602299,-0.2));
#12919=CARTESIAN_POINT('',(48.4024548903108,20.1442702114582,0.));
#12920=CARTESIAN_POINT('Ctrl Pts',(47.8755116835237,20.7080493867397,0.));
#12921=CARTESIAN_POINT('Ctrl Pts',(47.8755116835237,20.7080493867397,-0.2));
#12922=CARTESIAN_POINT('Ctrl Pts',(47.9840214375374,20.6372407725379,0.));
#12923=CARTESIAN_POINT('Ctrl Pts',(47.9840214375374,20.6372407725379,-0.2));
#12924=CARTESIAN_POINT('Ctrl Pts',(48.2056697820829,20.4926029723691,0.));
#12925=CARTESIAN_POINT('Ctrl Pts',(48.2056697820829,20.4926029723691,-0.2));
#12926=CARTESIAN_POINT('Ctrl Pts',(48.3359529230897,20.2619865064397,0.));
#12927=CARTESIAN_POINT('Ctrl Pts',(48.3359529230897,20.2619865064397,-0.2));
#12928=CARTESIAN_POINT('Ctrl Pts',(48.4024548903108,20.1442702114582,0.));
#12929=CARTESIAN_POINT('Ctrl Pts',(48.4024548903108,20.1442702114582,-0.2));
#12930=CARTESIAN_POINT('',(47.8755116835237,20.7080493867397,0.));
#12931=CARTESIAN_POINT('Ctrl Pts',(48.4024548903108,20.1442702114582,0.));
#12932=CARTESIAN_POINT('Ctrl Pts',(48.3359529230897,20.2619865064397,0.));
#12933=CARTESIAN_POINT('Ctrl Pts',(48.2056697820829,20.4926029723691,0.));
#12934=CARTESIAN_POINT('Ctrl Pts',(47.9840214375374,20.6372407725379,0.));
#12935=CARTESIAN_POINT('Ctrl Pts',(47.8755116835237,20.7080493867397,0.));
#12936=CARTESIAN_POINT('',(47.8755116835237,20.7080493867397,-0.2));
#12937=CARTESIAN_POINT('Ctrl Pts',(47.8755116835237,20.7080493867397,-0.2));
#12938=CARTESIAN_POINT('Ctrl Pts',(47.9840214375374,20.6372407725379,-0.2));
#12939=CARTESIAN_POINT('Ctrl Pts',(48.2056697820829,20.4926029723691,-0.2));
#12940=CARTESIAN_POINT('Ctrl Pts',(48.3359529230897,20.2619865064397,-0.2));
#12941=CARTESIAN_POINT('Ctrl Pts',(48.4024548903108,20.1442702114582,-0.2));
#12942=CARTESIAN_POINT('',(47.8755116835237,20.7080493867397,0.));
#12943=CARTESIAN_POINT('Ctrl Pts',(47.0835614576936,20.8922238647938,0.));
#12944=CARTESIAN_POINT('Ctrl Pts',(47.0835614576936,20.8922238647938,-0.2));
#12945=CARTESIAN_POINT('Ctrl Pts',(47.2263509755811,20.8857268335366,0.));
#12946=CARTESIAN_POINT('Ctrl Pts',(47.2263509755811,20.8857268335366,-0.2));
#12947=CARTESIAN_POINT('Ctrl Pts',(47.5019292958427,20.8731878111559,0.));
#12948=CARTESIAN_POINT('Ctrl Pts',(47.5019292958427,20.8731878111559,-0.2));
#12949=CARTESIAN_POINT('Ctrl Pts',(47.7540338389606,20.7617474745354,0.));
#12950=CARTESIAN_POINT('Ctrl Pts',(47.7540338389606,20.7617474745354,-0.2));
#12951=CARTESIAN_POINT('Ctrl Pts',(47.8755116835237,20.7080493867397,0.));
#12952=CARTESIAN_POINT('Ctrl Pts',(47.8755116835237,20.7080493867397,-0.2));
#12953=CARTESIAN_POINT('',(47.0835614576936,20.8922238647938,0.));
#12954=CARTESIAN_POINT('Ctrl Pts',(47.8755116835237,20.7080493867397,0.));
#12955=CARTESIAN_POINT('Ctrl Pts',(47.7540338389606,20.7617474745354,0.));
#12956=CARTESIAN_POINT('Ctrl Pts',(47.5019292958427,20.8731878111559,0.));
#12957=CARTESIAN_POINT('Ctrl Pts',(47.2263509755811,20.8857268335366,0.));
#12958=CARTESIAN_POINT('Ctrl Pts',(47.0835614576936,20.8922238647938,0.));
#12959=CARTESIAN_POINT('',(47.0835614576936,20.8922238647938,-0.2));
#12960=CARTESIAN_POINT('Ctrl Pts',(47.0835614576936,20.8922238647938,-0.2));
#12961=CARTESIAN_POINT('Ctrl Pts',(47.2263509755811,20.8857268335366,-0.2));
#12962=CARTESIAN_POINT('Ctrl Pts',(47.5019292958427,20.8731878111559,-0.2));
#12963=CARTESIAN_POINT('Ctrl Pts',(47.7540338389606,20.7617474745354,-0.2));
#12964=CARTESIAN_POINT('Ctrl Pts',(47.8755116835237,20.7080493867397,-0.2));
#12965=CARTESIAN_POINT('',(47.0835614576936,20.8922238647938,0.));
#12966=CARTESIAN_POINT('Ctrl Pts',(46.4952254667878,20.7868351042271,0.));
#12967=CARTESIAN_POINT('Ctrl Pts',(46.4952254667878,20.7868351042271,-0.2));
#12968=CARTESIAN_POINT('Ctrl Pts',(46.5872798421091,20.8175627897924,0.));
#12969=CARTESIAN_POINT('Ctrl Pts',(46.5872798421091,20.8175627897924,-0.2));
#12970=CARTESIAN_POINT('Ctrl Pts',(46.7781698176129,20.8812817289994,0.));
#12971=CARTESIAN_POINT('Ctrl Pts',(46.7781698176129,20.8812817289994,-0.2));
#12972=CARTESIAN_POINT('Ctrl Pts',(46.9793816110695,20.8884911168099,0.));
#12973=CARTESIAN_POINT('Ctrl Pts',(46.9793816110695,20.8884911168099,-0.2));
#12974=CARTESIAN_POINT('Ctrl Pts',(47.0835614576936,20.8922238647938,0.));
#12975=CARTESIAN_POINT('Ctrl Pts',(47.0835614576936,20.8922238647938,-0.2));
#12976=CARTESIAN_POINT('',(46.4952254667878,20.7868351042271,0.));
#12977=CARTESIAN_POINT('Ctrl Pts',(47.0835614576936,20.8922238647938,0.));
#12978=CARTESIAN_POINT('Ctrl Pts',(46.9793816110695,20.8884911168099,0.));
#12979=CARTESIAN_POINT('Ctrl Pts',(46.7781698176129,20.8812817289994,0.));
#12980=CARTESIAN_POINT('Ctrl Pts',(46.5872798421091,20.8175627897924,0.));
#12981=CARTESIAN_POINT('Ctrl Pts',(46.4952254667878,20.7868351042271,0.));
#12982=CARTESIAN_POINT('',(46.4952254667878,20.7868351042271,-0.2));
#12983=CARTESIAN_POINT('Ctrl Pts',(46.4952254667878,20.7868351042271,-0.2));
#12984=CARTESIAN_POINT('Ctrl Pts',(46.5872798421091,20.8175627897924,-0.2));
#12985=CARTESIAN_POINT('Ctrl Pts',(46.7781698176129,20.8812817289994,-0.2));
#12986=CARTESIAN_POINT('Ctrl Pts',(46.9793816110695,20.8884911168099,-0.2));
#12987=CARTESIAN_POINT('Ctrl Pts',(47.0835614576936,20.8922238647938,-0.2));
#12988=CARTESIAN_POINT('',(46.4952254667878,20.7868351042271,0.));
#12989=CARTESIAN_POINT('Ctrl Pts',(46.0828781500459,20.4931788146496,0.));
#12990=CARTESIAN_POINT('Ctrl Pts',(46.0828781500459,20.4931788146496,-0.2));
#12991=CARTESIAN_POINT('Ctrl Pts',(46.1391567268491,20.553164107263,0.));
#12992=CARTESIAN_POINT('Ctrl Pts',(46.1391567268491,20.553164107263,-0.2));
#12993=CARTESIAN_POINT('Ctrl Pts',(46.2567886816725,20.6785437389376,0.));
#12994=CARTESIAN_POINT('Ctrl Pts',(46.2567886816725,20.6785437389376,-0.2));
#12995=CARTESIAN_POINT('Ctrl Pts',(46.4134930590051,20.7497145147052,0.));
#12996=CARTESIAN_POINT('Ctrl Pts',(46.4134930590051,20.7497145147052,-0.2));
#12997=CARTESIAN_POINT('Ctrl Pts',(46.4952254667878,20.7868351042271,0.));
#12998=CARTESIAN_POINT('Ctrl Pts',(46.4952254667878,20.7868351042271,-0.2));
#12999=CARTESIAN_POINT('',(46.0828781500459,20.4931788146496,0.));
#13000=CARTESIAN_POINT('Ctrl Pts',(46.4952254667878,20.7868351042271,0.));
#13001=CARTESIAN_POINT('Ctrl Pts',(46.4134930590051,20.7497145147052,0.));
#13002=CARTESIAN_POINT('Ctrl Pts',(46.2567886816725,20.6785437389376,0.));
#13003=CARTESIAN_POINT('Ctrl Pts',(46.1391567268491,20.553164107263,0.));
#13004=CARTESIAN_POINT('Ctrl Pts',(46.0828781500459,20.4931788146496,0.));
#13005=CARTESIAN_POINT('',(46.0828781500459,20.4931788146496,-0.2));
#13006=CARTESIAN_POINT('Ctrl Pts',(46.0828781500459,20.4931788146496,-0.2));
#13007=CARTESIAN_POINT('Ctrl Pts',(46.1391567268491,20.553164107263,-0.2));
#13008=CARTESIAN_POINT('Ctrl Pts',(46.2567886816725,20.6785437389376,-0.2));
#13009=CARTESIAN_POINT('Ctrl Pts',(46.4134930590051,20.7497145147052,-0.2));
#13010=CARTESIAN_POINT('Ctrl Pts',(46.4952254667878,20.7868351042271,-0.2));
#13011=CARTESIAN_POINT('',(46.0828781500459,20.4931788146496,0.));
#13012=CARTESIAN_POINT('Ctrl Pts',(45.8557296171784,20.0020463764668,0.));
#13013=CARTESIAN_POINT('Ctrl Pts',(45.8557296171784,20.0020463764668,-0.2));
#13014=CARTESIAN_POINT('Ctrl Pts',(45.8827376166607,20.0957516556068,0.));
#13015=CARTESIAN_POINT('Ctrl Pts',(45.8827376166607,20.0957516556068,-0.2));
#13016=CARTESIAN_POINT('Ctrl Pts',(45.9333339363596,20.2712975069006,0.));
#13017=CARTESIAN_POINT('Ctrl Pts',(45.9333339363596,20.2712975069006,-0.2));
#13018=CARTESIAN_POINT('Ctrl Pts',(46.0353279185829,20.4226277228975,0.));
#13019=CARTESIAN_POINT('Ctrl Pts',(46.0353279185829,20.4226277228975,-0.2));
#13020=CARTESIAN_POINT('Ctrl Pts',(46.0828781500459,20.4931788146496,0.));
#13021=CARTESIAN_POINT('Ctrl Pts',(46.0828781500459,20.4931788146496,-0.2));
#13022=CARTESIAN_POINT('',(45.8557296171784,20.0020463764668,0.));
#13023=CARTESIAN_POINT('Ctrl Pts',(46.0828781500459,20.4931788146496,0.));
#13024=CARTESIAN_POINT('Ctrl Pts',(46.0353279185829,20.4226277228975,0.));
#13025=CARTESIAN_POINT('Ctrl Pts',(45.9333339363596,20.2712975069006,0.));
#13026=CARTESIAN_POINT('Ctrl Pts',(45.8827376166607,20.0957516556068,0.));
#13027=CARTESIAN_POINT('Ctrl Pts',(45.8557296171784,20.0020463764668,0.));
#13028=CARTESIAN_POINT('',(45.8557296171784,20.0020463764668,-0.2));
#13029=CARTESIAN_POINT('Ctrl Pts',(45.8557296171784,20.0020463764668,-0.2));
#13030=CARTESIAN_POINT('Ctrl Pts',(45.8827376166607,20.0957516556068,-0.2));
#13031=CARTESIAN_POINT('Ctrl Pts',(45.9333339363596,20.2712975069006,-0.2));
#13032=CARTESIAN_POINT('Ctrl Pts',(46.0353279185829,20.4226277228975,-0.2));
#13033=CARTESIAN_POINT('Ctrl Pts',(46.0828781500459,20.4931788146496,-0.2));
#13034=CARTESIAN_POINT('',(45.8557296171784,20.0020463764668,0.));
#13035=CARTESIAN_POINT('Origin',(46.2138462439179,19.9038203060627,0.));
#13036=CARTESIAN_POINT('',(46.2138462439179,19.9038203060627,0.));
#13037=CARTESIAN_POINT('',(41.7672166448601,21.123464744341,0.));
#13038=CARTESIAN_POINT('',(46.2138462439179,19.9038203060627,-0.2));
#13039=CARTESIAN_POINT('',(45.8557296171784,20.0020463764668,-0.2));
#13040=CARTESIAN_POINT('',(46.2138462439179,19.9038203060627,0.));
#13041=CARTESIAN_POINT('Ctrl Pts',(46.3816500082612,20.2639837563038,0.));
#13042=CARTESIAN_POINT('Ctrl Pts',(46.3816500082612,20.2639837563038,-0.2));
#13043=CARTESIAN_POINT('Ctrl Pts',(46.3487369368196,20.2131981468209,0.));
#13044=CARTESIAN_POINT('Ctrl Pts',(46.3487369368196,20.2131981468209,-0.2));
#13045=CARTESIAN_POINT('Ctrl Pts',(46.2760905147345,20.1011030836518,0.));
#13046=CARTESIAN_POINT('Ctrl Pts',(46.2760905147345,20.1011030836518,-0.2));
#13047=CARTESIAN_POINT('Ctrl Pts',(46.2358535267043,19.9735722337232,0.));
#13048=CARTESIAN_POINT('Ctrl Pts',(46.2358535267043,19.9735722337232,-0.2));
#13049=CARTESIAN_POINT('Ctrl Pts',(46.2138462439179,19.9038203060627,0.));
#13050=CARTESIAN_POINT('Ctrl Pts',(46.2138462439179,19.9038203060627,-0.2));
#13051=CARTESIAN_POINT('',(46.3816500082612,20.2639837563038,0.));
#13052=CARTESIAN_POINT('Ctrl Pts',(46.2138462439179,19.9038203060627,0.));
#13053=CARTESIAN_POINT('Ctrl Pts',(46.2358535267043,19.9735722337232,0.));
#13054=CARTESIAN_POINT('Ctrl Pts',(46.2760905147345,20.1011030836518,0.));
#13055=CARTESIAN_POINT('Ctrl Pts',(46.3487369368196,20.2131981468209,0.));
#13056=CARTESIAN_POINT('Ctrl Pts',(46.3816500082612,20.2639837563038,0.));
#13057=CARTESIAN_POINT('',(46.3816500082612,20.2639837563038,-0.2));
#13058=CARTESIAN_POINT('Ctrl Pts',(46.3816500082612,20.2639837563038,-0.2));
#13059=CARTESIAN_POINT('Ctrl Pts',(46.3487369368196,20.2131981468209,-0.2));
#13060=CARTESIAN_POINT('Ctrl Pts',(46.2760905147345,20.1011030836518,-0.2));
#13061=CARTESIAN_POINT('Ctrl Pts',(46.2358535267043,19.9735722337232,-0.2));
#13062=CARTESIAN_POINT('Ctrl Pts',(46.2138462439179,19.9038203060627,-0.2));
#13063=CARTESIAN_POINT('',(46.3816500082612,20.2639837563038,0.));
#13064=CARTESIAN_POINT('Ctrl Pts',(46.6681433096528,20.4737381637096,0.));
#13065=CARTESIAN_POINT('Ctrl Pts',(46.6681433096528,20.4737381637096,-0.2));
#13066=CARTESIAN_POINT('Ctrl Pts',(46.6106644196224,20.446584105415,0.));
#13067=CARTESIAN_POINT('Ctrl Pts',(46.6106644196224,20.446584105415,-0.2));
#13068=CARTESIAN_POINT('Ctrl Pts',(46.5015266024096,20.3950254436318,0.));
#13069=CARTESIAN_POINT('Ctrl Pts',(46.5015266024096,20.3950254436318,-0.2));
#13070=CARTESIAN_POINT('Ctrl Pts',(46.4201625805853,20.3060833212484,0.));
#13071=CARTESIAN_POINT('Ctrl Pts',(46.4201625805853,20.3060833212484,-0.2));
#13072=CARTESIAN_POINT('Ctrl Pts',(46.3816500082612,20.2639837563038,0.));
#13073=CARTESIAN_POINT('Ctrl Pts',(46.3816500082612,20.2639837563038,-0.2));
#13074=CARTESIAN_POINT('',(46.6681433096528,20.4737381637096,0.));
#13075=CARTESIAN_POINT('Ctrl Pts',(46.3816500082612,20.2639837563038,0.));
#13076=CARTESIAN_POINT('Ctrl Pts',(46.4201625805853,20.3060833212484,0.));
#13077=CARTESIAN_POINT('Ctrl Pts',(46.5015266024096,20.3950254436318,0.));
#13078=CARTESIAN_POINT('Ctrl Pts',(46.6106644196224,20.446584105415,0.));
#13079=CARTESIAN_POINT('Ctrl Pts',(46.6681433096528,20.4737381637096,0.));
#13080=CARTESIAN_POINT('',(46.6681433096528,20.4737381637096,-0.2));
#13081=CARTESIAN_POINT('Ctrl Pts',(46.6681433096528,20.4737381637096,-0.2));
#13082=CARTESIAN_POINT('Ctrl Pts',(46.6106644196224,20.446584105415,-0.2));
#13083=CARTESIAN_POINT('Ctrl Pts',(46.5015266024096,20.3950254436318,-0.2));
#13084=CARTESIAN_POINT('Ctrl Pts',(46.4201625805853,20.3060833212484,-0.2));
#13085=CARTESIAN_POINT('Ctrl Pts',(46.3816500082612,20.2639837563038,-0.2));
#13086=CARTESIAN_POINT('',(46.6681433096528,20.4737381637096,0.));
#13087=CARTESIAN_POINT('Ctrl Pts',(47.0815134420991,20.5525241792202,0.));
#13088=CARTESIAN_POINT('Ctrl Pts',(47.0815134420991,20.5525241792202,-0.2));
#13089=CARTESIAN_POINT('Ctrl Pts',(47.008491760254,20.5496528711635,0.));
#13090=CARTESIAN_POINT('Ctrl Pts',(47.008491760254,20.5496528711635,-0.2));
#13091=CARTESIAN_POINT('Ctrl Pts',(46.8666940507583,20.5440771997271,0.));
#13092=CARTESIAN_POINT('Ctrl Pts',(46.8666940507583,20.5440771997271,-0.2));
#13093=CARTESIAN_POINT('Ctrl Pts',(46.7329924757709,20.4967117764289,0.));
#13094=CARTESIAN_POINT('Ctrl Pts',(46.7329924757709,20.4967117764289,-0.2));
#13095=CARTESIAN_POINT('Ctrl Pts',(46.6681433096528,20.4737381637096,0.));
#13096=CARTESIAN_POINT('Ctrl Pts',(46.6681433096528,20.4737381637096,-0.2));
#13097=CARTESIAN_POINT('',(47.0815134420991,20.5525241792202,0.));
#13098=CARTESIAN_POINT('Ctrl Pts',(46.6681433096528,20.4737381637096,0.));
#13099=CARTESIAN_POINT('Ctrl Pts',(46.7329924757709,20.4967117764289,0.));
#13100=CARTESIAN_POINT('Ctrl Pts',(46.8666940507583,20.5440771997271,0.));
#13101=CARTESIAN_POINT('Ctrl Pts',(47.008491760254,20.5496528711635,0.));
#13102=CARTESIAN_POINT('Ctrl Pts',(47.0815134420991,20.5525241792202,0.));
#13103=CARTESIAN_POINT('',(47.0815134420991,20.5525241792202,-0.2));
#13104=CARTESIAN_POINT('Ctrl Pts',(47.0815134420991,20.5525241792202,-0.2));
#13105=CARTESIAN_POINT('Ctrl Pts',(47.008491760254,20.5496528711635,-0.2));
#13106=CARTESIAN_POINT('Ctrl Pts',(46.8666940507583,20.5440771997271,-0.2));
#13107=CARTESIAN_POINT('Ctrl Pts',(46.7329924757709,20.4967117764289,-0.2));
#13108=CARTESIAN_POINT('Ctrl Pts',(46.6681433096528,20.4737381637096,-0.2));
#13109=CARTESIAN_POINT('',(47.0815134420991,20.5525241792202,0.));
#13110=CARTESIAN_POINT('Ctrl Pts',(47.5521827116609,20.4696454107761,0.));
#13111=CARTESIAN_POINT('Ctrl Pts',(47.5521827116609,20.4696454107761,-0.2));
#13112=CARTESIAN_POINT('Ctrl Pts',(47.4805021711376,20.493794678496,0.));
#13113=CARTESIAN_POINT('Ctrl Pts',(47.4805021711376,20.493794678496,-0.2));
#13114=CARTESIAN_POINT('Ctrl Pts',(47.3279446997999,20.5451914898358,0.));
#13115=CARTESIAN_POINT('Ctrl Pts',(47.3279446997999,20.5451914898358,-0.2));
#13116=CARTESIAN_POINT('Ctrl Pts',(47.1668933329628,20.5499836564585,0.));
#13117=CARTESIAN_POINT('Ctrl Pts',(47.1668933329628,20.5499836564585,-0.2));
#13118=CARTESIAN_POINT('Ctrl Pts',(47.0815134420991,20.5525241792202,0.));
#13119=CARTESIAN_POINT('Ctrl Pts',(47.0815134420991,20.5525241792202,-0.2));
#13120=CARTESIAN_POINT('',(47.5521827116609,20.4696454107761,0.));
#13121=CARTESIAN_POINT('Ctrl Pts',(47.0815134420991,20.5525241792202,0.));
#13122=CARTESIAN_POINT('Ctrl Pts',(47.1668933329628,20.5499836564585,0.));
#13123=CARTESIAN_POINT('Ctrl Pts',(47.3279446997999,20.5451914898358,0.));
#13124=CARTESIAN_POINT('Ctrl Pts',(47.4805021711376,20.493794678496,0.));
#13125=CARTESIAN_POINT('Ctrl Pts',(47.5521827116609,20.4696454107761,0.));
#13126=CARTESIAN_POINT('',(47.5521827116609,20.4696454107761,-0.2));
#13127=CARTESIAN_POINT('Ctrl Pts',(47.5521827116609,20.4696454107761,-0.2));
#13128=CARTESIAN_POINT('Ctrl Pts',(47.4805021711376,20.493794678496,-0.2));
#13129=CARTESIAN_POINT('Ctrl Pts',(47.3279446997999,20.5451914898358,-0.2));
#13130=CARTESIAN_POINT('Ctrl Pts',(47.1668933329628,20.5499836564585,-0.2));
#13131=CARTESIAN_POINT('Ctrl Pts',(47.0815134420991,20.5525241792202,-0.2));
#13132=CARTESIAN_POINT('',(47.5521827116609,20.4696454107761,0.));
#13133=CARTESIAN_POINT('Ctrl Pts',(47.8724408522248,20.2517054975033,0.));
#13134=CARTESIAN_POINT('Ctrl Pts',(47.8724408522248,20.2517054975033,-0.2));
#13135=CARTESIAN_POINT('Ctrl Pts',(47.8273277688635,20.2950941184599,0.));
#13136=CARTESIAN_POINT('Ctrl Pts',(47.8273277688635,20.2950941184599,-0.2));
#13137=CARTESIAN_POINT('Ctrl Pts',(47.7330026048316,20.3858136721663,0.));
#13138=CARTESIAN_POINT('Ctrl Pts',(47.7330026048316,20.3858136721663,-0.2));
#13139=CARTESIAN_POINT('Ctrl Pts',(47.6141772357164,20.4409035027663,0.));
#13140=CARTESIAN_POINT('Ctrl Pts',(47.6141772357164,20.4409035027663,-0.2));
#13141=CARTESIAN_POINT('Ctrl Pts',(47.5521827116609,20.4696454107761,0.));
#13142=CARTESIAN_POINT('Ctrl Pts',(47.5521827116609,20.4696454107761,-0.2));
#13143=CARTESIAN_POINT('',(47.8724408522248,20.2517054975033,0.));
#13144=CARTESIAN_POINT('Ctrl Pts',(47.5521827116609,20.4696454107761,0.));
#13145=CARTESIAN_POINT('Ctrl Pts',(47.6141772357164,20.4409035027663,0.));
#13146=CARTESIAN_POINT('Ctrl Pts',(47.7330026048316,20.3858136721663,0.));
#13147=CARTESIAN_POINT('Ctrl Pts',(47.8273277688635,20.2950941184599,0.));
#13148=CARTESIAN_POINT('Ctrl Pts',(47.8724408522248,20.2517054975033,0.));
#13149=CARTESIAN_POINT('',(47.8724408522248,20.2517054975033,-0.2));
#13150=CARTESIAN_POINT('Ctrl Pts',(47.8724408522248,20.2517054975033,-0.2));
#13151=CARTESIAN_POINT('Ctrl Pts',(47.8273277688635,20.2950941184599,-0.2));
#13152=CARTESIAN_POINT('Ctrl Pts',(47.7330026048316,20.3858136721663,-0.2));
#13153=CARTESIAN_POINT('Ctrl Pts',(47.6141772357164,20.4409035027663,-0.2));
#13154=CARTESIAN_POINT('Ctrl Pts',(47.5521827116609,20.4696454107761,-0.2));
#13155=CARTESIAN_POINT('',(47.8724408522248,20.2517054975033,0.));
#13156=CARTESIAN_POINT('Ctrl Pts',(48.0617332831025,19.9549795687199,0.));
#13157=CARTESIAN_POINT('Ctrl Pts',(48.0617332831025,19.9549795687199,-0.2));
#13158=CARTESIAN_POINT('Ctrl Pts',(48.0367737564402,20.0079689977311,0.));
#13159=CARTESIAN_POINT('Ctrl Pts',(48.0367737564402,20.0079689977311,-0.2));
#13160=CARTESIAN_POINT('Ctrl Pts',(47.9863757686145,20.11496464049,0.));
#13161=CARTESIAN_POINT('Ctrl Pts',(47.9863757686145,20.11496464049,-0.2));
#13162=CARTESIAN_POINT('Ctrl Pts',(47.9106590043715,20.2058373559046,0.));
#13163=CARTESIAN_POINT('Ctrl Pts',(47.9106590043715,20.2058373559046,-0.2));
#13164=CARTESIAN_POINT('Ctrl Pts',(47.8724408522248,20.2517054975033,0.));
#13165=CARTESIAN_POINT('Ctrl Pts',(47.8724408522248,20.2517054975033,-0.2));
#13166=CARTESIAN_POINT('',(48.0617332831025,19.9549795687199,0.));
#13167=CARTESIAN_POINT('Ctrl Pts',(47.8724408522248,20.2517054975033,0.));
#13168=CARTESIAN_POINT('Ctrl Pts',(47.9106590043715,20.2058373559046,0.));
#13169=CARTESIAN_POINT('Ctrl Pts',(47.9863757686145,20.11496464049,0.));
#13170=CARTESIAN_POINT('Ctrl Pts',(48.0367737564402,20.0079689977311,0.));
#13171=CARTESIAN_POINT('Ctrl Pts',(48.0617332831025,19.9549795687199,0.));
#13172=CARTESIAN_POINT('',(48.0617332831025,19.9549795687199,-0.2));
#13173=CARTESIAN_POINT('Ctrl Pts',(48.0617332831025,19.9549795687199,-0.2));
#13174=CARTESIAN_POINT('Ctrl Pts',(48.0367737564402,20.0079689977311,-0.2));
#13175=CARTESIAN_POINT('Ctrl Pts',(47.9863757686145,20.11496464049,-0.2));
#13176=CARTESIAN_POINT('Ctrl Pts',(47.9106590043715,20.2058373559046,-0.2));
#13177=CARTESIAN_POINT('Ctrl Pts',(47.8724408522248,20.2517054975033,-0.2));
#13178=CARTESIAN_POINT('',(48.0617332831025,19.9549795687199,0.));
#13179=CARTESIAN_POINT('Ctrl Pts',(48.1763291731477,19.3512959778309,0.));
#13180=CARTESIAN_POINT('Ctrl Pts',(48.1763291731477,19.3512959778309,-0.2));
#13181=CARTESIAN_POINT('Ctrl Pts',(48.1719491595465,19.4568241057417,0.));
#13182=CARTESIAN_POINT('Ctrl Pts',(48.1719491595465,19.4568241057417,-0.2));
#13183=CARTESIAN_POINT('Ctrl Pts',(48.1633612435106,19.6637336691465,0.));
#13184=CARTESIAN_POINT('Ctrl Pts',(48.1633612435106,19.6637336691465,-0.2));
#13185=CARTESIAN_POINT('Ctrl Pts',(48.0951536182706,19.8592034108497,0.));
#13186=CARTESIAN_POINT('Ctrl Pts',(48.0951536182706,19.8592034108497,-0.2));
#13187=CARTESIAN_POINT('Ctrl Pts',(48.0617332831025,19.9549795687199,0.));
#13188=CARTESIAN_POINT('Ctrl Pts',(48.0617332831025,19.9549795687199,-0.2));
#13189=CARTESIAN_POINT('',(48.1763291731477,19.3512959778309,0.));
#13190=CARTESIAN_POINT('Ctrl Pts',(48.0617332831025,19.9549795687199,0.));
#13191=CARTESIAN_POINT('Ctrl Pts',(48.0951536182706,19.8592034108497,0.));
#13192=CARTESIAN_POINT('Ctrl Pts',(48.1633612435106,19.6637336691465,0.));
#13193=CARTESIAN_POINT('Ctrl Pts',(48.1719491595465,19.4568241057417,0.));
#13194=CARTESIAN_POINT('Ctrl Pts',(48.1763291731477,19.3512959778309,0.));
#13195=CARTESIAN_POINT('',(48.1763291731477,19.3512959778309,-0.2));
#13196=CARTESIAN_POINT('Ctrl Pts',(48.1763291731477,19.3512959778309,-0.2));
#13197=CARTESIAN_POINT('Ctrl Pts',(48.1719491595465,19.4568241057417,-0.2));
#13198=CARTESIAN_POINT('Ctrl Pts',(48.1633612435106,19.6637336691465,-0.2));
#13199=CARTESIAN_POINT('Ctrl Pts',(48.0951536182706,19.8592034108497,-0.2));
#13200=CARTESIAN_POINT('Ctrl Pts',(48.0617332831025,19.9549795687199,-0.2));
#13201=CARTESIAN_POINT('',(48.1763291731477,19.3512959778309,0.));
#13202=CARTESIAN_POINT('Ctrl Pts',(48.0381989851594,18.6800818145275,0.));
#13203=CARTESIAN_POINT('Ctrl Pts',(48.0381989851594,18.6800818145275,-0.2));
#13204=CARTESIAN_POINT('Ctrl Pts',(48.0784308863543,18.7798128933124,0.));
#13205=CARTESIAN_POINT('Ctrl Pts',(48.0784308863543,18.7798128933124,-0.2));
#13206=CARTESIAN_POINT('Ctrl Pts',(48.1651629138005,18.9948133880818,0.));
#13207=CARTESIAN_POINT('Ctrl Pts',(48.1651629138005,18.9948133880818,-0.2));
#13208=CARTESIAN_POINT('Ctrl Pts',(48.1724319722469,19.2268779228067,0.));
#13209=CARTESIAN_POINT('Ctrl Pts',(48.1724319722469,19.2268779228067,-0.2));
#13210=CARTESIAN_POINT('Ctrl Pts',(48.1763291731477,19.3512959778309,0.));
#13211=CARTESIAN_POINT('Ctrl Pts',(48.1763291731477,19.3512959778309,-0.2));
#13212=CARTESIAN_POINT('',(48.0381989851594,18.6800818145275,0.));
#13213=CARTESIAN_POINT('Ctrl Pts',(48.1763291731477,19.3512959778309,0.));
#13214=CARTESIAN_POINT('Ctrl Pts',(48.1724319722469,19.2268779228067,0.));
#13215=CARTESIAN_POINT('Ctrl Pts',(48.1651629138005,18.9948133880818,0.));
#13216=CARTESIAN_POINT('Ctrl Pts',(48.0784308863543,18.7798128933124,0.));
#13217=CARTESIAN_POINT('Ctrl Pts',(48.0381989851594,18.6800818145275,0.));
#13218=CARTESIAN_POINT('',(48.0381989851594,18.6800818145275,-0.2));
#13219=CARTESIAN_POINT('Ctrl Pts',(48.0381989851594,18.6800818145275,-0.2));
#13220=CARTESIAN_POINT('Ctrl Pts',(48.0784308863543,18.7798128933124,-0.2));
#13221=CARTESIAN_POINT('Ctrl Pts',(48.1651629138005,18.9948133880818,-0.2));
#13222=CARTESIAN_POINT('Ctrl Pts',(48.1724319722469,19.2268779228067,-0.2));
#13223=CARTESIAN_POINT('Ctrl Pts',(48.1763291731477,19.3512959778309,-0.2));
#13224=CARTESIAN_POINT('',(48.0381989851594,18.6800818145275,0.));
#13225=CARTESIAN_POINT('Ctrl Pts',(47.6360845938325,18.2789905369282,0.));
#13226=CARTESIAN_POINT('Ctrl Pts',(47.6360845938325,18.2789905369282,-0.2));
#13227=CARTESIAN_POINT('Ctrl Pts',(47.7190125394148,18.3287936674429,0.));
#13228=CARTESIAN_POINT('Ctrl Pts',(47.7190125394148,18.3287936674429,-0.2));
#13229=CARTESIAN_POINT('Ctrl Pts',(47.8861819260568,18.4291887601047,0.));
#13230=CARTESIAN_POINT('Ctrl Pts',(47.8861819260568,18.4291887601047,-0.2));
#13231=CARTESIAN_POINT('Ctrl Pts',(47.9872618944958,18.5960138662627,0.));
#13232=CARTESIAN_POINT('Ctrl Pts',(47.9872618944958,18.5960138662627,-0.2));
#13233=CARTESIAN_POINT('Ctrl Pts',(48.0381989851594,18.6800818145275,0.));
#13234=CARTESIAN_POINT('Ctrl Pts',(48.0381989851594,18.6800818145275,-0.2));
#13235=CARTESIAN_POINT('',(47.6360845938325,18.2789905369282,0.));
#13236=CARTESIAN_POINT('Ctrl Pts',(48.0381989851594,18.6800818145275,0.));
#13237=CARTESIAN_POINT('Ctrl Pts',(47.9872618944958,18.5960138662627,0.));
#13238=CARTESIAN_POINT('Ctrl Pts',(47.8861819260568,18.4291887601047,0.));
#13239=CARTESIAN_POINT('Ctrl Pts',(47.7190125394148,18.3287936674429,0.));
#13240=CARTESIAN_POINT('Ctrl Pts',(47.6360845938325,18.2789905369282,0.));
#13241=CARTESIAN_POINT('',(47.6360845938325,18.2789905369282,-0.2));
#13242=CARTESIAN_POINT('Ctrl Pts',(47.6360845938325,18.2789905369282,-0.2));
#13243=CARTESIAN_POINT('Ctrl Pts',(47.7190125394148,18.3287936674429,-0.2));
#13244=CARTESIAN_POINT('Ctrl Pts',(47.8861819260568,18.4291887601047,-0.2));
#13245=CARTESIAN_POINT('Ctrl Pts',(47.9872618944958,18.5960138662627,-0.2));
#13246=CARTESIAN_POINT('Ctrl Pts',(48.0381989851594,18.6800818145275,-0.2));
#13247=CARTESIAN_POINT('',(47.6360845938325,18.2789905369282,0.));
#13248=CARTESIAN_POINT('Ctrl Pts',(47.0753741636872,18.1480218470097,0.));
#13249=CARTESIAN_POINT('Ctrl Pts',(47.0753741636872,18.1480218470097,-0.2));
#13250=CARTESIAN_POINT('Ctrl Pts',(47.1728392121807,18.1534397244437,0.));
#13251=CARTESIAN_POINT('Ctrl Pts',(47.1728392121807,18.1534397244437,-0.2));
#13252=CARTESIAN_POINT('Ctrl Pts',(47.3674205786357,18.1642560941137,0.));
#13253=CARTESIAN_POINT('Ctrl Pts',(47.3674205786357,18.1642560941137,-0.2));
#13254=CARTESIAN_POINT('Ctrl Pts',(47.5466369865371,18.2407914451123,0.));
#13255=CARTESIAN_POINT('Ctrl Pts',(47.5466369865371,18.2407914451123,-0.2));
#13256=CARTESIAN_POINT('Ctrl Pts',(47.6360845938325,18.2789905369282,0.));
#13257=CARTESIAN_POINT('Ctrl Pts',(47.6360845938325,18.2789905369282,-0.2));
#13258=CARTESIAN_POINT('',(47.0753741636872,18.1480218470097,0.));
#13259=CARTESIAN_POINT('Ctrl Pts',(47.6360845938325,18.2789905369282,0.));
#13260=CARTESIAN_POINT('Ctrl Pts',(47.5466369865371,18.2407914451123,0.));
#13261=CARTESIAN_POINT('Ctrl Pts',(47.3674205786357,18.1642560941137,0.));
#13262=CARTESIAN_POINT('Ctrl Pts',(47.1728392121807,18.1534397244437,0.));
#13263=CARTESIAN_POINT('Ctrl Pts',(47.0753741636872,18.1480218470097,0.));
#13264=CARTESIAN_POINT('',(47.0753741636872,18.1480218470097,-0.2));
#13265=CARTESIAN_POINT('Ctrl Pts',(47.0753741636872,18.1480218470097,-0.2));
#13266=CARTESIAN_POINT('Ctrl Pts',(47.1728392121807,18.1534397244437,-0.2));
#13267=CARTESIAN_POINT('Ctrl Pts',(47.3674205786357,18.1642560941137,-0.2));
#13268=CARTESIAN_POINT('Ctrl Pts',(47.5466369865371,18.2407914451123,-0.2));
#13269=CARTESIAN_POINT('Ctrl Pts',(47.6360845938325,18.2789905369282,-0.2));
#13270=CARTESIAN_POINT('',(47.0753741636872,18.1480218470097,0.));
#13271=CARTESIAN_POINT('Ctrl Pts',(46.5719652548432,18.2472716271877,0.));
#13272=CARTESIAN_POINT('Ctrl Pts',(46.5719652548432,18.2472716271877,-0.2));
#13273=CARTESIAN_POINT('Ctrl Pts',(46.6540311718337,18.2183242089798,0.));
#13274=CARTESIAN_POINT('Ctrl Pts',(46.6540311718337,18.2183242089798,-0.2));
#13275=CARTESIAN_POINT('Ctrl Pts',(46.817037682948,18.1608263119125,0.));
#13276=CARTESIAN_POINT('Ctrl Pts',(46.817037682948,18.1608263119125,-0.2));
#13277=CARTESIAN_POINT('Ctrl Pts',(46.9896592370252,18.1522703130682,0.));
#13278=CARTESIAN_POINT('Ctrl Pts',(46.9896592370252,18.1522703130682,-0.2));
#13279=CARTESIAN_POINT('Ctrl Pts',(47.0753741636872,18.1480218470097,0.));
#13280=CARTESIAN_POINT('Ctrl Pts',(47.0753741636872,18.1480218470097,-0.2));
#13281=CARTESIAN_POINT('',(46.5719652548432,18.2472716271877,0.));
#13282=CARTESIAN_POINT('Ctrl Pts',(47.0753741636872,18.1480218470097,0.));
#13283=CARTESIAN_POINT('Ctrl Pts',(46.9896592370252,18.1522703130682,0.));
#13284=CARTESIAN_POINT('Ctrl Pts',(46.817037682948,18.1608263119125,0.));
#13285=CARTESIAN_POINT('Ctrl Pts',(46.6540311718337,18.2183242089798,0.));
#13286=CARTESIAN_POINT('Ctrl Pts',(46.5719652548432,18.2472716271877,0.));
#13287=CARTESIAN_POINT('',(46.5719652548432,18.2472716271877,-0.2));
#13288=CARTESIAN_POINT('Ctrl Pts',(46.5719652548432,18.2472716271877,-0.2));
#13289=CARTESIAN_POINT('Ctrl Pts',(46.6540311718337,18.2183242089798,-0.2));
#13290=CARTESIAN_POINT('Ctrl Pts',(46.817037682948,18.1608263119125,-0.2));
#13291=CARTESIAN_POINT('Ctrl Pts',(46.9896592370252,18.1522703130682,-0.2));
#13292=CARTESIAN_POINT('Ctrl Pts',(47.0753741636872,18.1480218470097,-0.2));
#13293=CARTESIAN_POINT('',(46.5719652548432,18.2472716271877,0.));
#13294=CARTESIAN_POINT('Ctrl Pts',(46.1995220556855,18.4590722620487,0.));
#13295=CARTESIAN_POINT('Ctrl Pts',(46.1995220556855,18.4590722620487,-0.2));
#13296=CARTESIAN_POINT('Ctrl Pts',(46.250531342124,18.4206428423894,0.));
#13297=CARTESIAN_POINT('Ctrl Pts',(46.250531342124,18.4206428423894,-0.2));
#13298=CARTESIAN_POINT('Ctrl Pts',(46.3654121371292,18.3340938512095,0.));
#13299=CARTESIAN_POINT('Ctrl Pts',(46.3654121371292,18.3340938512095,-0.2));
#13300=CARTESIAN_POINT('Ctrl Pts',(46.4981600005113,18.2782948157821,0.));
#13301=CARTESIAN_POINT('Ctrl Pts',(46.4981600005113,18.2782948157821,-0.2));
#13302=CARTESIAN_POINT('Ctrl Pts',(46.5719652548432,18.2472716271877,0.));
#13303=CARTESIAN_POINT('Ctrl Pts',(46.5719652548432,18.2472716271877,-0.2));
#13304=CARTESIAN_POINT('',(46.1995220556855,18.4590722620487,0.));
#13305=CARTESIAN_POINT('Ctrl Pts',(46.5719652548432,18.2472716271877,0.));
#13306=CARTESIAN_POINT('Ctrl Pts',(46.4981600005113,18.2782948157821,0.));
#13307=CARTESIAN_POINT('Ctrl Pts',(46.3654121371292,18.3340938512095,0.));
#13308=CARTESIAN_POINT('Ctrl Pts',(46.250531342124,18.4206428423894,0.));
#13309=CARTESIAN_POINT('Ctrl Pts',(46.1995220556855,18.4590722620487,0.));
#13310=CARTESIAN_POINT('',(46.1995220556855,18.4590722620487,-0.2));
#13311=CARTESIAN_POINT('Ctrl Pts',(46.1995220556855,18.4590722620487,-0.2));
#13312=CARTESIAN_POINT('Ctrl Pts',(46.250531342124,18.4206428423894,-0.2));
#13313=CARTESIAN_POINT('Ctrl Pts',(46.3654121371292,18.3340938512095,-0.2));
#13314=CARTESIAN_POINT('Ctrl Pts',(46.4981600005113,18.2782948157821,-0.2));
#13315=CARTESIAN_POINT('Ctrl Pts',(46.5719652548432,18.2472716271877,-0.2));
#13316=CARTESIAN_POINT('',(46.1995220556855,18.4590722620487,0.));
#13317=CARTESIAN_POINT('Origin',(46.1995220556855,19.017735272646,0.));
#13318=CARTESIAN_POINT('',(46.1995220556855,19.017735272646,0.));
#13319=CARTESIAN_POINT('',(46.1995220556855,5.62111763632297,0.));
#13320=CARTESIAN_POINT('',(46.1995220556855,19.017735272646,-0.2));
#13321=CARTESIAN_POINT('',(46.1995220556855,18.4590722620487,-0.2));
#13322=CARTESIAN_POINT('',(46.1995220556855,19.017735272646,0.));
#13323=CARTESIAN_POINT('Origin',(47.0815134420991,19.017735272646,0.));
#13324=CARTESIAN_POINT('',(38.0705067210495,19.017735272646,0.));
#13325=CARTESIAN_POINT('',(46.1995220556855,19.017735272646,-0.2));
#13326=CARTESIAN_POINT('Origin',(50.5000000819564,16.9999997317791,-0.2));
#13327=CARTESIAN_POINT('Origin',(42.2469306364655,13.5129602253437,0.));
#13328=CARTESIAN_POINT('',(42.8874493017793,13.5129602253437,0.));
#13329=CARTESIAN_POINT('',(42.2469306364655,13.5129602253437,0.));
#13330=CARTESIAN_POINT('',(35.6532153182328,13.5129602253437,0.));
#13331=CARTESIAN_POINT('',(42.8874493017793,13.5129602253437,-0.2));
#13332=CARTESIAN_POINT('',(42.8874493017793,13.5129602253437,0.));
#13333=CARTESIAN_POINT('',(42.2469306364655,13.5129602253437,-0.2));
#13334=CARTESIAN_POINT('',(42.8874493017793,13.5129602253437,-0.2));
#13335=CARTESIAN_POINT('',(42.2469306364655,13.5129602253437,0.));
#13336=CARTESIAN_POINT('Ctrl Pts',(41.7813778296113,13.5682125389576,0.));
#13337=CARTESIAN_POINT('Ctrl Pts',(41.7813778296113,13.5682125389576,-0.2));
#13338=CARTESIAN_POINT('Ctrl Pts',(41.8480241480003,13.5521638136726,0.));
#13339=CARTESIAN_POINT('Ctrl Pts',(41.8480241480003,13.5521638136726,-0.2));
#13340=CARTESIAN_POINT('Ctrl Pts',(42.0008458645546,13.5153636751826,0.));
#13341=CARTESIAN_POINT('Ctrl Pts',(42.0008458645546,13.5153636751826,-0.2));
#13342=CARTESIAN_POINT('Ctrl Pts',(42.1581996355632,13.513826839349,0.));
#13343=CARTESIAN_POINT('Ctrl Pts',(42.1581996355632,13.513826839349,-0.2));
#13344=CARTESIAN_POINT('Ctrl Pts',(42.2469306364655,13.5129602253437,0.));
#13345=CARTESIAN_POINT('Ctrl Pts',(42.2469306364655,13.5129602253437,-0.2));
#13346=CARTESIAN_POINT('',(41.7813778296113,13.5682125389576,0.));
#13347=CARTESIAN_POINT('Ctrl Pts',(42.2469306364655,13.5129602253437,0.));
#13348=CARTESIAN_POINT('Ctrl Pts',(42.1581996355632,13.513826839349,0.));
#13349=CARTESIAN_POINT('Ctrl Pts',(42.0008458645546,13.5153636751826,0.));
#13350=CARTESIAN_POINT('Ctrl Pts',(41.8480241480003,13.5521638136726,0.));
#13351=CARTESIAN_POINT('Ctrl Pts',(41.7813778296113,13.5682125389576,0.));
#13352=CARTESIAN_POINT('',(41.7813778296113,13.5682125389576,-0.2));
#13353=CARTESIAN_POINT('Ctrl Pts',(41.7813778296113,13.5682125389576,-0.2));
#13354=CARTESIAN_POINT('Ctrl Pts',(41.8480241480003,13.5521638136726,-0.2));
#13355=CARTESIAN_POINT('Ctrl Pts',(42.0008458645546,13.5153636751826,-0.2));
#13356=CARTESIAN_POINT('Ctrl Pts',(42.1581996355632,13.513826839349,-0.2));
#13357=CARTESIAN_POINT('Ctrl Pts',(42.2469306364655,13.5129602253437,-0.2));
#13358=CARTESIAN_POINT('',(41.7813778296113,13.5682125389576,0.));
#13359=CARTESIAN_POINT('Ctrl Pts',(41.5122795477509,13.7237377464771,0.));
#13360=CARTESIAN_POINT('Ctrl Pts',(41.5122795477509,13.7237377464771,-0.2));
#13361=CARTESIAN_POINT('Ctrl Pts',(41.55004130202,13.6917227999948,0.));
#13362=CARTESIAN_POINT('Ctrl Pts',(41.55004130202,13.6917227999948,-0.2));
#13363=CARTESIAN_POINT('Ctrl Pts',(41.6302508589048,13.6237200093209,0.));
#13364=CARTESIAN_POINT('Ctrl Pts',(41.6302508589048,13.6237200093209,-0.2));
#13365=CARTESIAN_POINT('Ctrl Pts',(41.7290776019806,13.5874219052384,0.));
#13366=CARTESIAN_POINT('Ctrl Pts',(41.7290776019806,13.5874219052384,-0.2));
#13367=CARTESIAN_POINT('Ctrl Pts',(41.7813778296113,13.5682125389576,0.));
#13368=CARTESIAN_POINT('Ctrl Pts',(41.7813778296113,13.5682125389576,-0.2));
#13369=CARTESIAN_POINT('',(41.5122795477509,13.7237377464771,0.));
#13370=CARTESIAN_POINT('Ctrl Pts',(41.7813778296113,13.5682125389576,0.));
#13371=CARTESIAN_POINT('Ctrl Pts',(41.7290776019806,13.5874219052384,0.));
#13372=CARTESIAN_POINT('Ctrl Pts',(41.6302508589048,13.6237200093209,0.));
#13373=CARTESIAN_POINT('Ctrl Pts',(41.55004130202,13.6917227999948,0.));
#13374=CARTESIAN_POINT('Ctrl Pts',(41.5122795477509,13.7237377464771,0.));
#13375=CARTESIAN_POINT('',(41.5122795477509,13.7237377464771,-0.2));
#13376=CARTESIAN_POINT('Ctrl Pts',(41.5122795477509,13.7237377464771,-0.2));
#13377=CARTESIAN_POINT('Ctrl Pts',(41.55004130202,13.6917227999948,-0.2));
#13378=CARTESIAN_POINT('Ctrl Pts',(41.6302508589048,13.6237200093209,-0.2));
#13379=CARTESIAN_POINT('Ctrl Pts',(41.7290776019806,13.5874219052384,-0.2));
#13380=CARTESIAN_POINT('Ctrl Pts',(41.7813778296113,13.5682125389576,-0.2));
#13381=CARTESIAN_POINT('',(41.5122795477509,13.7237377464771,0.));
#13382=CARTESIAN_POINT('Ctrl Pts',(41.2922931089997,14.1033418476582,0.));
#13383=CARTESIAN_POINT('Ctrl Pts',(41.2922931089997,14.1033418476582,-0.2));
#13384=CARTESIAN_POINT('Ctrl Pts',(41.3196019893899,14.0295278045117,0.));
#13385=CARTESIAN_POINT('Ctrl Pts',(41.3196019893899,14.0295278045117,-0.2));
#13386=CARTESIAN_POINT('Ctrl Pts',(41.371159122706,13.8901723857351,0.));
#13387=CARTESIAN_POINT('Ctrl Pts',(41.371159122706,13.8901723857351,-0.2));
#13388=CARTESIAN_POINT('Ctrl Pts',(41.4671386424784,13.7769760376913,0.));
#13389=CARTESIAN_POINT('Ctrl Pts',(41.4671386424784,13.7769760376913,-0.2));
#13390=CARTESIAN_POINT('Ctrl Pts',(41.5122795477509,13.7237377464771,0.));
#13391=CARTESIAN_POINT('Ctrl Pts',(41.5122795477509,13.7237377464771,-0.2));
#13392=CARTESIAN_POINT('',(41.2922931089997,14.1033418476582,0.));
#13393=CARTESIAN_POINT('Ctrl Pts',(41.5122795477509,13.7237377464771,0.));
#13394=CARTESIAN_POINT('Ctrl Pts',(41.4671386424784,13.7769760376913,0.));
#13395=CARTESIAN_POINT('Ctrl Pts',(41.371159122706,13.8901723857351,0.));
#13396=CARTESIAN_POINT('Ctrl Pts',(41.3196019893899,14.0295278045117,0.));
#13397=CARTESIAN_POINT('Ctrl Pts',(41.2922931089997,14.1033418476582,0.));
#13398=CARTESIAN_POINT('',(41.2922931089997,14.1033418476582,-0.2));
#13399=CARTESIAN_POINT('Ctrl Pts',(41.2922931089997,14.1033418476582,-0.2));
#13400=CARTESIAN_POINT('Ctrl Pts',(41.3196019893899,14.0295278045117,-0.2));
#13401=CARTESIAN_POINT('Ctrl Pts',(41.371159122706,13.8901723857351,-0.2));
#13402=CARTESIAN_POINT('Ctrl Pts',(41.4671386424784,13.7769760376913,-0.2));
#13403=CARTESIAN_POINT('Ctrl Pts',(41.5122795477509,13.7237377464771,-0.2));
#13404=CARTESIAN_POINT('',(41.2922931089997,14.1033418476582,0.));
#13405=CARTESIAN_POINT('Ctrl Pts',(41.2135053053498,14.6814455091953,0.));
#13406=CARTESIAN_POINT('Ctrl Pts',(41.2135053053498,14.6814455091953,-0.2));
#13407=CARTESIAN_POINT('Ctrl Pts',(41.2156607092182,14.5760253042523,0.));
#13408=CARTESIAN_POINT('Ctrl Pts',(41.2156607092182,14.5760253042523,-0.2));
#13409=CARTESIAN_POINT('Ctrl Pts',(41.2196654711791,14.3801535083156,0.));
#13410=CARTESIAN_POINT('Ctrl Pts',(41.2196654711791,14.3801535083156,-0.2));
#13411=CARTESIAN_POINT('Ctrl Pts',(41.2693495225138,14.1907886167834,0.));
#13412=CARTESIAN_POINT('Ctrl Pts',(41.2693495225138,14.1907886167834,-0.2));
#13413=CARTESIAN_POINT('Ctrl Pts',(41.2922931089997,14.1033418476582,0.));
#13414=CARTESIAN_POINT('Ctrl Pts',(41.2922931089997,14.1033418476582,-0.2));
#13415=CARTESIAN_POINT('',(41.2135053053498,14.6814455091953,0.));
#13416=CARTESIAN_POINT('Ctrl Pts',(41.2922931089997,14.1033418476582,0.));
#13417=CARTESIAN_POINT('Ctrl Pts',(41.2693495225138,14.1907886167834,0.));
#13418=CARTESIAN_POINT('Ctrl Pts',(41.2196654711791,14.3801535083156,0.));
#13419=CARTESIAN_POINT('Ctrl Pts',(41.2156607092182,14.5760253042523,0.));
#13420=CARTESIAN_POINT('Ctrl Pts',(41.2135053053498,14.6814455091953,0.));
#13421=CARTESIAN_POINT('',(41.2135053053498,14.6814455091953,-0.2));
#13422=CARTESIAN_POINT('Ctrl Pts',(41.2135053053498,14.6814455091953,-0.2));
#13423=CARTESIAN_POINT('Ctrl Pts',(41.2156607092182,14.5760253042523,-0.2));
#13424=CARTESIAN_POINT('Ctrl Pts',(41.2196654711791,14.3801535083156,-0.2));
#13425=CARTESIAN_POINT('Ctrl Pts',(41.2693495225138,14.1907886167834,-0.2));
#13426=CARTESIAN_POINT('Ctrl Pts',(41.2922931089997,14.1033418476582,-0.2));
#13427=CARTESIAN_POINT('',(41.2135053053498,14.6814455091953,0.));
#13428=CARTESIAN_POINT('Ctrl Pts',(41.368007697165,15.4048426449299,0.));
#13429=CARTESIAN_POINT('Ctrl Pts',(41.368007697165,15.4048426449299,-0.2));
#13430=CARTESIAN_POINT('Ctrl Pts',(41.323110573547,15.3038841960374,0.));
#13431=CARTESIAN_POINT('Ctrl Pts',(41.323110573547,15.3038841960374,-0.2));
#13432=CARTESIAN_POINT('Ctrl Pts',(41.2210601577146,15.0744073195467,0.));
#13433=CARTESIAN_POINT('Ctrl Pts',(41.2210601577146,15.0744073195467,-0.2));
#13434=CARTESIAN_POINT('Ctrl Pts',(41.2162174575361,14.8225167282747,0.));
#13435=CARTESIAN_POINT('Ctrl Pts',(41.2162174575361,14.8225167282747,-0.2));
#13436=CARTESIAN_POINT('Ctrl Pts',(41.2135053053498,14.6814455091953,0.));
#13437=CARTESIAN_POINT('Ctrl Pts',(41.2135053053498,14.6814455091953,-0.2));
#13438=CARTESIAN_POINT('',(41.368007697165,15.4048426449299,0.));
#13439=CARTESIAN_POINT('Ctrl Pts',(41.2135053053498,14.6814455091953,0.));
#13440=CARTESIAN_POINT('Ctrl Pts',(41.2162174575361,14.8225167282747,0.));
#13441=CARTESIAN_POINT('Ctrl Pts',(41.2210601577146,15.0744073195467,0.));
#13442=CARTESIAN_POINT('Ctrl Pts',(41.323110573547,15.3038841960374,0.));
#13443=CARTESIAN_POINT('Ctrl Pts',(41.368007697165,15.4048426449299,0.));
#13444=CARTESIAN_POINT('',(41.368007697165,15.4048426449299,-0.2));
#13445=CARTESIAN_POINT('Ctrl Pts',(41.368007697165,15.4048426449299,-0.2));
#13446=CARTESIAN_POINT('Ctrl Pts',(41.323110573547,15.3038841960374,-0.2));
#13447=CARTESIAN_POINT('Ctrl Pts',(41.2210601577146,15.0744073195467,-0.2));
#13448=CARTESIAN_POINT('Ctrl Pts',(41.2162174575361,14.8225167282747,-0.2));
#13449=CARTESIAN_POINT('Ctrl Pts',(41.2135053053498,14.6814455091953,-0.2));
#13450=CARTESIAN_POINT('',(41.368007697165,15.4048426449299,0.));
#13451=CARTESIAN_POINT('Ctrl Pts',(41.7435193434358,15.7435192167759,0.));
#13452=CARTESIAN_POINT('Ctrl Pts',(41.7435193434358,15.7435192167759,-0.2));
#13453=CARTESIAN_POINT('Ctrl Pts',(41.6712707396655,15.7056340412414,0.));
#13454=CARTESIAN_POINT('Ctrl Pts',(41.6712707396655,15.7056340412414,-0.2));
#13455=CARTESIAN_POINT('Ctrl Pts',(41.5175589910605,15.6250318389328,0.));
#13456=CARTESIAN_POINT('Ctrl Pts',(41.5175589910605,15.6250318389328,-0.2));
#13457=CARTESIAN_POINT('Ctrl Pts',(41.4198113507636,15.4811148351273,0.));
#13458=CARTESIAN_POINT('Ctrl Pts',(41.4198113507636,15.4811148351273,-0.2));
#13459=CARTESIAN_POINT('Ctrl Pts',(41.368007697165,15.4048426449299,0.));
#13460=CARTESIAN_POINT('Ctrl Pts',(41.368007697165,15.4048426449299,-0.2));
#13461=CARTESIAN_POINT('',(41.7435193434358,15.7435192167759,0.));
#13462=CARTESIAN_POINT('Ctrl Pts',(41.368007697165,15.4048426449299,0.));
#13463=CARTESIAN_POINT('Ctrl Pts',(41.4198113507636,15.4811148351273,0.));
#13464=CARTESIAN_POINT('Ctrl Pts',(41.5175589910605,15.6250318389328,0.));
#13465=CARTESIAN_POINT('Ctrl Pts',(41.6712707396655,15.7056340412414,0.));
#13466=CARTESIAN_POINT('Ctrl Pts',(41.7435193434358,15.7435192167759,0.));
#13467=CARTESIAN_POINT('',(41.7435193434358,15.7435192167759,-0.2));
#13468=CARTESIAN_POINT('Ctrl Pts',(41.7435193434358,15.7435192167759,-0.2));
#13469=CARTESIAN_POINT('Ctrl Pts',(41.6712707396655,15.7056340412414,-0.2));
#13470=CARTESIAN_POINT('Ctrl Pts',(41.5175589910605,15.6250318389328,-0.2));
#13471=CARTESIAN_POINT('Ctrl Pts',(41.4198113507636,15.4811148351273,-0.2));
#13472=CARTESIAN_POINT('Ctrl Pts',(41.368007697165,15.4048426449299,-0.2));
#13473=CARTESIAN_POINT('',(41.7435193434358,15.7435192167759,0.));
#13474=CARTESIAN_POINT('Ctrl Pts',(42.2571635618806,15.8049108088017,0.));
#13475=CARTESIAN_POINT('Ctrl Pts',(42.2571635618806,15.8049108088017,-0.2));
#13476=CARTESIAN_POINT('Ctrl Pts',(42.1546852057469,15.8047711568645,0.));
#13477=CARTESIAN_POINT('Ctrl Pts',(42.1546852057469,15.8047711568645,-0.2));
#13478=CARTESIAN_POINT('Ctrl Pts',(41.9807454204493,15.8045341211735,0.));
#13479=CARTESIAN_POINT('Ctrl Pts',(41.9807454204493,15.8045341211735,-0.2));
#13480=CARTESIAN_POINT('Ctrl Pts',(41.8126001527363,15.7612869050007,0.));
#13481=CARTESIAN_POINT('Ctrl Pts',(41.8126001527363,15.7612869050007,-0.2));
#13482=CARTESIAN_POINT('Ctrl Pts',(41.7435193434358,15.7435192167759,0.));
#13483=CARTESIAN_POINT('Ctrl Pts',(41.7435193434358,15.7435192167759,-0.2));
#13484=CARTESIAN_POINT('',(42.2571635618806,15.8049108088017,0.));
#13485=CARTESIAN_POINT('Ctrl Pts',(41.7435193434358,15.7435192167759,0.));
#13486=CARTESIAN_POINT('Ctrl Pts',(41.8126001527363,15.7612869050007,0.));
#13487=CARTESIAN_POINT('Ctrl Pts',(41.9807454204493,15.8045341211735,0.));
#13488=CARTESIAN_POINT('Ctrl Pts',(42.1546852057469,15.8047711568645,0.));
#13489=CARTESIAN_POINT('Ctrl Pts',(42.2571635618806,15.8049108088017,0.));
#13490=CARTESIAN_POINT('',(42.2571635618806,15.8049108088017,-0.2));
#13491=CARTESIAN_POINT('Ctrl Pts',(42.2571635618806,15.8049108088017,-0.2));
#13492=CARTESIAN_POINT('Ctrl Pts',(42.1546852057469,15.8047711568645,-0.2));
#13493=CARTESIAN_POINT('Ctrl Pts',(41.9807454204493,15.8045341211735,-0.2));
#13494=CARTESIAN_POINT('Ctrl Pts',(41.8126001527363,15.7612869050007,-0.2));
#13495=CARTESIAN_POINT('Ctrl Pts',(41.7435193434358,15.7435192167759,-0.2));
#13496=CARTESIAN_POINT('',(42.2571635618806,15.8049108088017,0.));
#13497=CARTESIAN_POINT('Origin',(42.8874493017793,15.8049108088017,0.));
#13498=CARTESIAN_POINT('',(42.8874493017793,15.8049108088017,0.));
#13499=CARTESIAN_POINT('',(35.9734746508896,15.8049108088017,0.));
#13500=CARTESIAN_POINT('',(42.8874493017793,15.8049108088017,-0.2));
#13501=CARTESIAN_POINT('',(42.2571635618806,15.8049108088017,-0.2));
#13502=CARTESIAN_POINT('',(42.8874493017793,15.8049108088017,0.));
#13503=CARTESIAN_POINT('Origin',(42.8874493017793,13.5129602253437,0.));
#13504=CARTESIAN_POINT('',(42.8874493017793,2.86873011267185,0.));
#13505=CARTESIAN_POINT('',(42.8874493017793,15.8049108088017,-0.2));
#13506=CARTESIAN_POINT('Origin',(43.2844472303987,16.1589355766773,0.));
#13507=CARTESIAN_POINT('',(43.2844472303987,13.158935457468,0.));
#13508=CARTESIAN_POINT('',(43.2844472303987,16.1589355766773,0.));
#13509=CARTESIAN_POINT('',(43.2844472303987,4.19171778833866,0.));
#13510=CARTESIAN_POINT('',(43.2844472303987,13.158935457468,-0.2));
#13511=CARTESIAN_POINT('',(43.2844472303987,13.158935457468,0.));
#13512=CARTESIAN_POINT('',(43.2844472303987,16.1589355766773,-0.2));
#13513=CARTESIAN_POINT('',(43.2844472303987,13.158935457468,-0.2));
#13514=CARTESIAN_POINT('',(43.2844472303987,16.1589355766773,0.));
#13515=CARTESIAN_POINT('Origin',(42.2510242834687,16.1589355766773,0.));
#13516=CARTESIAN_POINT('',(42.2510242834687,16.1589355766773,0.));
#13517=CARTESIAN_POINT('',(35.6552621417344,16.1589355766773,0.));
#13518=CARTESIAN_POINT('',(42.2510242834687,16.1589355766773,-0.2));
#13519=CARTESIAN_POINT('',(43.2844472303987,16.1589355766773,-0.2));
#13520=CARTESIAN_POINT('',(42.2510242834687,16.1589355766773,0.));
#13521=CARTESIAN_POINT('Ctrl Pts',(41.7169165983796,16.1159612238407,0.));
#13522=CARTESIAN_POINT('Ctrl Pts',(41.7169165983796,16.1159612238407,-0.2));
#13523=CARTESIAN_POINT('Ctrl Pts',(41.7919693949831,16.1284248100848,0.));
#13524=CARTESIAN_POINT('Ctrl Pts',(41.7919693949831,16.1284248100848,-0.2));
#13525=CARTESIAN_POINT('Ctrl Pts',(41.9686747723921,16.1577692557389,0.));
#13526=CARTESIAN_POINT('Ctrl Pts',(41.9686747723921,16.1577692557389,-0.2));
#13527=CARTESIAN_POINT('Ctrl Pts',(42.1479140412676,16.1585096519644,0.));
#13528=CARTESIAN_POINT('Ctrl Pts',(42.1479140412676,16.1585096519644,-0.2));
#13529=CARTESIAN_POINT('Ctrl Pts',(42.2510242834687,16.1589355766773,0.));
#13530=CARTESIAN_POINT('Ctrl Pts',(42.2510242834687,16.1589355766773,-0.2));
#13531=CARTESIAN_POINT('',(41.7169165983796,16.1159612238407,0.));
#13532=CARTESIAN_POINT('Ctrl Pts',(42.2510242834687,16.1589355766773,0.));
#13533=CARTESIAN_POINT('Ctrl Pts',(42.1479140412676,16.1585096519644,0.));
#13534=CARTESIAN_POINT('Ctrl Pts',(41.9686747723921,16.1577692557389,0.));
#13535=CARTESIAN_POINT('Ctrl Pts',(41.7919693949831,16.1284248100848,0.));
#13536=CARTESIAN_POINT('Ctrl Pts',(41.7169165983796,16.1159612238407,0.));
#13537=CARTESIAN_POINT('',(41.7169165983796,16.1159612238407,-0.2));
#13538=CARTESIAN_POINT('Ctrl Pts',(41.7169165983796,16.1159612238407,-0.2));
#13539=CARTESIAN_POINT('Ctrl Pts',(41.7919693949831,16.1284248100848,-0.2));
#13540=CARTESIAN_POINT('Ctrl Pts',(41.9686747723921,16.1577692557389,-0.2));
#13541=CARTESIAN_POINT('Ctrl Pts',(42.1479140412676,16.1585096519644,-0.2));
#13542=CARTESIAN_POINT('Ctrl Pts',(42.2510242834687,16.1589355766773,-0.2));
#13543=CARTESIAN_POINT('',(41.7169165983796,16.1159612238407,0.));
#13544=CARTESIAN_POINT('Ctrl Pts',(41.2769437208772,15.901091247797,0.));
#13545=CARTESIAN_POINT('Ctrl Pts',(41.2769437208772,15.901091247797,-0.2));
#13546=CARTESIAN_POINT('Ctrl Pts',(41.3418726753954,15.9491644565303,0.));
#13547=CARTESIAN_POINT('Ctrl Pts',(41.3418726753954,15.9491644565303,-0.2));
#13548=CARTESIAN_POINT('Ctrl Pts',(41.4751946320686,16.0478756447733,0.));
#13549=CARTESIAN_POINT('Ctrl Pts',(41.4751946320686,16.0478756447733,-0.2));
#13550=CARTESIAN_POINT('Ctrl Pts',(41.6349589138387,16.0928762866455,0.));
#13551=CARTESIAN_POINT('Ctrl Pts',(41.6349589138387,16.0928762866455,-0.2));
#13552=CARTESIAN_POINT('Ctrl Pts',(41.7169165983796,16.1159612238407,0.));
#13553=CARTESIAN_POINT('Ctrl Pts',(41.7169165983796,16.1159612238407,-0.2));
#13554=CARTESIAN_POINT('',(41.2769437208772,15.901091247797,0.));
#13555=CARTESIAN_POINT('Ctrl Pts',(41.7169165983796,16.1159612238407,0.));
#13556=CARTESIAN_POINT('Ctrl Pts',(41.6349589138387,16.0928762866455,0.));
#13557=CARTESIAN_POINT('Ctrl Pts',(41.4751946320686,16.0478756447733,0.));
#13558=CARTESIAN_POINT('Ctrl Pts',(41.3418726753954,15.9491644565303,0.));
#13559=CARTESIAN_POINT('Ctrl Pts',(41.2769437208772,15.901091247797,0.));
#13560=CARTESIAN_POINT('',(41.2769437208772,15.901091247797,-0.2));
#13561=CARTESIAN_POINT('Ctrl Pts',(41.2769437208772,15.901091247797,-0.2));
#13562=CARTESIAN_POINT('Ctrl Pts',(41.3418726753954,15.9491644565303,-0.2));
#13563=CARTESIAN_POINT('Ctrl Pts',(41.4751946320686,16.0478756447733,-0.2));
#13564=CARTESIAN_POINT('Ctrl Pts',(41.6349589138387,16.0928762866455,-0.2));
#13565=CARTESIAN_POINT('Ctrl Pts',(41.7169165983796,16.1159612238407,-0.2));
#13566=CARTESIAN_POINT('',(41.2769437208772,15.901091247797,0.));
#13567=CARTESIAN_POINT('Ctrl Pts',(40.9218955412507,15.3884716331959,0.));
#13568=CARTESIAN_POINT('Ctrl Pts',(40.9218955412507,15.3884716331959,-0.2));
#13569=CARTESIAN_POINT('Ctrl Pts',(40.9653479116635,15.4872024394219,0.));
#13570=CARTESIAN_POINT('Ctrl Pts',(40.9653479116635,15.4872024394219,-0.2));
#13571=CARTESIAN_POINT('Ctrl Pts',(41.0506702566085,15.6810685927639,0.));
#13572=CARTESIAN_POINT('Ctrl Pts',(41.0506702566085,15.6810685927639,-0.2));
#13573=CARTESIAN_POINT('Ctrl Pts',(41.2024575866107,15.8286627945648,0.));
#13574=CARTESIAN_POINT('Ctrl Pts',(41.2024575866107,15.8286627945648,-0.2));
#13575=CARTESIAN_POINT('Ctrl Pts',(41.2769437208772,15.901091247797,0.));
#13576=CARTESIAN_POINT('Ctrl Pts',(41.2769437208772,15.901091247797,-0.2));
#13577=CARTESIAN_POINT('',(40.9218955412507,15.3884716331959,0.));
#13578=CARTESIAN_POINT('Ctrl Pts',(41.2769437208772,15.901091247797,0.));
#13579=CARTESIAN_POINT('Ctrl Pts',(41.2024575866107,15.8286627945648,0.));
#13580=CARTESIAN_POINT('Ctrl Pts',(41.0506702566085,15.6810685927639,0.));
#13581=CARTESIAN_POINT('Ctrl Pts',(40.9653479116635,15.4872024394219,0.));
#13582=CARTESIAN_POINT('Ctrl Pts',(40.9218955412507,15.3884716331959,0.));
#13583=CARTESIAN_POINT('',(40.9218955412507,15.3884716331959,-0.2));
#13584=CARTESIAN_POINT('Ctrl Pts',(40.9218955412507,15.3884716331959,-0.2));
#13585=CARTESIAN_POINT('Ctrl Pts',(40.9653479116635,15.4872024394219,-0.2));
#13586=CARTESIAN_POINT('Ctrl Pts',(41.0506702566085,15.6810685927639,-0.2));
#13587=CARTESIAN_POINT('Ctrl Pts',(41.2024575866107,15.8286627945648,-0.2));
#13588=CARTESIAN_POINT('Ctrl Pts',(41.2769437208772,15.901091247797,-0.2));
#13589=CARTESIAN_POINT('',(40.9218955412507,15.3884716331959,0.));
#13590=CARTESIAN_POINT('Ctrl Pts',(40.8042288199067,14.6753062307835,0.));
#13591=CARTESIAN_POINT('Ctrl Pts',(40.8042288199067,14.6753062307835,-0.2));
#13592=CARTESIAN_POINT('Ctrl Pts',(40.8081386768959,14.8025837934365,0.));
#13593=CARTESIAN_POINT('Ctrl Pts',(40.8081386768959,14.8025837934365,-0.2));
#13594=CARTESIAN_POINT('Ctrl Pts',(40.815606508066,15.0456840787558,0.));
#13595=CARTESIAN_POINT('Ctrl Pts',(40.815606508066,15.0456840787558,-0.2));
#13596=CARTESIAN_POINT('Ctrl Pts',(40.8875965831479,15.2778557435258,0.));
#13597=CARTESIAN_POINT('Ctrl Pts',(40.8875965831479,15.2778557435258,-0.2));
#13598=CARTESIAN_POINT('Ctrl Pts',(40.9218955412507,15.3884716331959,0.));
#13599=CARTESIAN_POINT('Ctrl Pts',(40.9218955412507,15.3884716331959,-0.2));
#13600=CARTESIAN_POINT('',(40.8042288199067,14.6753062307835,0.));
#13601=CARTESIAN_POINT('Ctrl Pts',(40.9218955412507,15.3884716331959,0.));
#13602=CARTESIAN_POINT('Ctrl Pts',(40.8875965831479,15.2778557435258,0.));
#13603=CARTESIAN_POINT('Ctrl Pts',(40.815606508066,15.0456840787558,0.));
#13604=CARTESIAN_POINT('Ctrl Pts',(40.8081386768959,14.8025837934365,0.));
#13605=CARTESIAN_POINT('Ctrl Pts',(40.8042288199067,14.6753062307835,0.));
#13606=CARTESIAN_POINT('',(40.8042288199067,14.6753062307835,-0.2));
#13607=CARTESIAN_POINT('Ctrl Pts',(40.8042288199067,14.6753062307835,-0.2));
#13608=CARTESIAN_POINT('Ctrl Pts',(40.8081386768959,14.8025837934365,-0.2));
#13609=CARTESIAN_POINT('Ctrl Pts',(40.815606508066,15.0456840787558,-0.2));
#13610=CARTESIAN_POINT('Ctrl Pts',(40.8875965831479,15.2778557435258,-0.2));
#13611=CARTESIAN_POINT('Ctrl Pts',(40.9218955412507,15.3884716331959,-0.2));
#13612=CARTESIAN_POINT('',(40.8042288199067,14.6753062307835,0.));
#13613=CARTESIAN_POINT('Ctrl Pts',(40.884039439261,14.0695764124393,0.));
#13614=CARTESIAN_POINT('Ctrl Pts',(40.884039439261,14.0695764124393,-0.2));
#13615=CARTESIAN_POINT('Ctrl Pts',(40.860780209422,14.1636022786824,0.));
#13616=CARTESIAN_POINT('Ctrl Pts',(40.860780209422,14.1636022786824,-0.2));
#13617=CARTESIAN_POINT('Ctrl Pts',(40.8115923534282,14.362445095081,0.));
#13618=CARTESIAN_POINT('Ctrl Pts',(40.8115923534282,14.362445095081,-0.2));
#13619=CARTESIAN_POINT('Ctrl Pts',(40.8067705564523,14.5673131619661,0.));
#13620=CARTESIAN_POINT('Ctrl Pts',(40.8067705564523,14.5673131619661,-0.2));
#13621=CARTESIAN_POINT('Ctrl Pts',(40.8042288199067,14.6753062307835,0.));
#13622=CARTESIAN_POINT('Ctrl Pts',(40.8042288199067,14.6753062307835,-0.2));
#13623=CARTESIAN_POINT('',(40.884039439261,14.0695764124393,0.));
#13624=CARTESIAN_POINT('Ctrl Pts',(40.8042288199067,14.6753062307835,0.));
#13625=CARTESIAN_POINT('Ctrl Pts',(40.8067705564523,14.5673131619661,0.));
#13626=CARTESIAN_POINT('Ctrl Pts',(40.8115923534282,14.362445095081,0.));
#13627=CARTESIAN_POINT('Ctrl Pts',(40.860780209422,14.1636022786824,0.));
#13628=CARTESIAN_POINT('Ctrl Pts',(40.884039439261,14.0695764124393,0.));
#13629=CARTESIAN_POINT('',(40.884039439261,14.0695764124393,-0.2));
#13630=CARTESIAN_POINT('Ctrl Pts',(40.884039439261,14.0695764124393,-0.2));
#13631=CARTESIAN_POINT('Ctrl Pts',(40.860780209422,14.1636022786824,-0.2));
#13632=CARTESIAN_POINT('Ctrl Pts',(40.8115923534282,14.362445095081,-0.2));
#13633=CARTESIAN_POINT('Ctrl Pts',(40.8067705564523,14.5673131619661,-0.2));
#13634=CARTESIAN_POINT('Ctrl Pts',(40.8042288199067,14.6753062307835,-0.2));
#13635=CARTESIAN_POINT('',(40.884039439261,14.0695764124393,0.));
#13636=CARTESIAN_POINT('Ctrl Pts',(41.0886764898896,13.6326737701893,0.));
#13637=CARTESIAN_POINT('Ctrl Pts',(41.0886764898896,13.6326737701893,-0.2));
#13638=CARTESIAN_POINT('Ctrl Pts',(41.0481965891023,13.6966566391102,0.));
#13639=CARTESIAN_POINT('Ctrl Pts',(41.0481965891023,13.6966566391102,-0.2));
#13640=CARTESIAN_POINT('Ctrl Pts',(40.9615868953593,13.8335526436522,0.));
#13641=CARTESIAN_POINT('Ctrl Pts',(40.9615868953593,13.8335526436522,-0.2));
#13642=CARTESIAN_POINT('Ctrl Pts',(40.9109888284972,13.9875531361893,0.));
#13643=CARTESIAN_POINT('Ctrl Pts',(40.9109888284972,13.9875531361893,-0.2));
#13644=CARTESIAN_POINT('Ctrl Pts',(40.884039439261,14.0695764124393,0.));
#13645=CARTESIAN_POINT('Ctrl Pts',(40.884039439261,14.0695764124393,-0.2));
#13646=CARTESIAN_POINT('',(41.0886764898896,13.6326737701893,0.));
#13647=CARTESIAN_POINT('Ctrl Pts',(40.884039439261,14.0695764124393,0.));
#13648=CARTESIAN_POINT('Ctrl Pts',(40.9109888284972,13.9875531361893,0.));
#13649=CARTESIAN_POINT('Ctrl Pts',(40.9615868953593,13.8335526436522,0.));
#13650=CARTESIAN_POINT('Ctrl Pts',(41.0481965891023,13.6966566391102,0.));
#13651=CARTESIAN_POINT('Ctrl Pts',(41.0886764898896,13.6326737701893,0.));
#13652=CARTESIAN_POINT('',(41.0886764898896,13.6326737701893,-0.2));
#13653=CARTESIAN_POINT('Ctrl Pts',(41.0886764898896,13.6326737701893,-0.2));
#13654=CARTESIAN_POINT('Ctrl Pts',(41.0481965891023,13.6966566391102,-0.2));
#13655=CARTESIAN_POINT('Ctrl Pts',(40.9615868953593,13.8335526436522,-0.2));
#13656=CARTESIAN_POINT('Ctrl Pts',(40.9109888284972,13.9875531361893,-0.2));
#13657=CARTESIAN_POINT('Ctrl Pts',(40.884039439261,14.0695764124393,-0.2));
#13658=CARTESIAN_POINT('',(41.0886764898896,13.6326737701893,0.));
#13659=CARTESIAN_POINT('Ctrl Pts',(41.3618684187531,13.3605040609837,0.));
#13660=CARTESIAN_POINT('Ctrl Pts',(41.3618684187531,13.3605040609837,-0.2));
#13661=CARTESIAN_POINT('Ctrl Pts',(41.3125356449034,13.39786473432,0.));
#13662=CARTESIAN_POINT('Ctrl Pts',(41.3125356449034,13.39786473432,-0.2));
#13663=CARTESIAN_POINT('Ctrl Pts',(41.2091734900667,13.4761429133244,0.));
#13664=CARTESIAN_POINT('Ctrl Pts',(41.2091734900667,13.4761429133244,-0.2));
#13665=CARTESIAN_POINT('Ctrl Pts',(41.1300407112646,13.5789398431549,0.));
#13666=CARTESIAN_POINT('Ctrl Pts',(41.1300407112646,13.5789398431549,-0.2));
#13667=CARTESIAN_POINT('Ctrl Pts',(41.0886764898896,13.6326737701893,0.));
#13668=CARTESIAN_POINT('Ctrl Pts',(41.0886764898896,13.6326737701893,-0.2));
#13669=CARTESIAN_POINT('',(41.3618684187531,13.3605040609837,0.));
#13670=CARTESIAN_POINT('Ctrl Pts',(41.0886764898896,13.6326737701893,0.));
#13671=CARTESIAN_POINT('Ctrl Pts',(41.1300407112646,13.5789398431549,0.));
#13672=CARTESIAN_POINT('Ctrl Pts',(41.2091734900667,13.4761429133244,0.));
#13673=CARTESIAN_POINT('Ctrl Pts',(41.3125356449034,13.39786473432,0.));
#13674=CARTESIAN_POINT('Ctrl Pts',(41.3618684187531,13.3605040609837,0.));
#13675=CARTESIAN_POINT('',(41.3618684187531,13.3605040609837,-0.2));
#13676=CARTESIAN_POINT('Ctrl Pts',(41.3618684187531,13.3605040609837,-0.2));
#13677=CARTESIAN_POINT('Ctrl Pts',(41.3125356449034,13.39786473432,-0.2));
#13678=CARTESIAN_POINT('Ctrl Pts',(41.2091734900667,13.4761429133244,-0.2));
#13679=CARTESIAN_POINT('Ctrl Pts',(41.1300407112646,13.5789398431549,-0.2));
#13680=CARTESIAN_POINT('Ctrl Pts',(41.0886764898896,13.6326737701893,-0.2));
#13681=CARTESIAN_POINT('',(41.3618684187531,13.3605040609837,0.));
#13682=CARTESIAN_POINT('Ctrl Pts',(41.7199874296784,13.2100953161716,0.));
#13683=CARTESIAN_POINT('Ctrl Pts',(41.7199874296784,13.2100953161716,-0.2));
#13684=CARTESIAN_POINT('Ctrl Pts',(41.6539620074373,13.2282779222674,0.));
#13685=CARTESIAN_POINT('Ctrl Pts',(41.6539620074373,13.2282779222674,-0.2));
#13686=CARTESIAN_POINT('Ctrl Pts',(41.5280209059416,13.2629605848242,0.));
#13687=CARTESIAN_POINT('Ctrl Pts',(41.5280209059416,13.2629605848242,-0.2));
#13688=CARTESIAN_POINT('Ctrl Pts',(41.4154319158155,13.3290584306044,0.));
#13689=CARTESIAN_POINT('Ctrl Pts',(41.4154319158155,13.3290584306044,-0.2));
#13690=CARTESIAN_POINT('Ctrl Pts',(41.3618684187531,13.3605040609837,0.));
#13691=CARTESIAN_POINT('Ctrl Pts',(41.3618684187531,13.3605040609837,-0.2));
#13692=CARTESIAN_POINT('',(41.7199874296784,13.2100953161716,0.));
#13693=CARTESIAN_POINT('Ctrl Pts',(41.3618684187531,13.3605040609837,0.));
#13694=CARTESIAN_POINT('Ctrl Pts',(41.4154319158155,13.3290584306044,0.));
#13695=CARTESIAN_POINT('Ctrl Pts',(41.5280209059416,13.2629605848242,0.));
#13696=CARTESIAN_POINT('Ctrl Pts',(41.6539620074373,13.2282779222674,0.));
#13697=CARTESIAN_POINT('Ctrl Pts',(41.7199874296784,13.2100953161716,0.));
#13698=CARTESIAN_POINT('',(41.7199874296784,13.2100953161716,-0.2));
#13699=CARTESIAN_POINT('Ctrl Pts',(41.7199874296784,13.2100953161716,-0.2));
#13700=CARTESIAN_POINT('Ctrl Pts',(41.6539620074373,13.2282779222674,-0.2));
#13701=CARTESIAN_POINT('Ctrl Pts',(41.5280209059416,13.2629605848242,-0.2));
#13702=CARTESIAN_POINT('Ctrl Pts',(41.4154319158155,13.3290584306044,-0.2));
#13703=CARTESIAN_POINT('Ctrl Pts',(41.3618684187531,13.3605040609837,-0.2));
#13704=CARTESIAN_POINT('',(41.7199874296784,13.2100953161716,0.));
#13705=CARTESIAN_POINT('Ctrl Pts',(42.2019100561738,13.158935457468,0.));
#13706=CARTESIAN_POINT('Ctrl Pts',(42.2019100561738,13.158935457468,-0.2));
#13707=CARTESIAN_POINT('Ctrl Pts',(42.1160952245874,13.1605243052616,0.));
#13708=CARTESIAN_POINT('Ctrl Pts',(42.1160952245874,13.1605243052616,-0.2));
#13709=CARTESIAN_POINT('Ctrl Pts',(41.9539135181051,13.1635270734516,0.));
#13710=CARTESIAN_POINT('Ctrl Pts',(41.9539135181051,13.1635270734516,-0.2));
#13711=CARTESIAN_POINT('Ctrl Pts',(41.7948744997526,13.1951873626413,0.));
#13712=CARTESIAN_POINT('Ctrl Pts',(41.7948744997526,13.1951873626413,-0.2));
#13713=CARTESIAN_POINT('Ctrl Pts',(41.7199874296784,13.2100953161716,0.));
#13714=CARTESIAN_POINT('Ctrl Pts',(41.7199874296784,13.2100953161716,-0.2));
#13715=CARTESIAN_POINT('',(42.2019100561738,13.158935457468,0.));
#13716=CARTESIAN_POINT('Ctrl Pts',(41.7199874296784,13.2100953161716,0.));
#13717=CARTESIAN_POINT('Ctrl Pts',(41.7948744997526,13.1951873626413,0.));
#13718=CARTESIAN_POINT('Ctrl Pts',(41.9539135181051,13.1635270734516,0.));
#13719=CARTESIAN_POINT('Ctrl Pts',(42.1160952245874,13.1605243052616,0.));
#13720=CARTESIAN_POINT('Ctrl Pts',(42.2019100561738,13.158935457468,0.));
#13721=CARTESIAN_POINT('',(42.2019100561738,13.158935457468,-0.2));
#13722=CARTESIAN_POINT('Ctrl Pts',(42.2019100561738,13.158935457468,-0.2));
#13723=CARTESIAN_POINT('Ctrl Pts',(42.1160952245874,13.1605243052616,-0.2));
#13724=CARTESIAN_POINT('Ctrl Pts',(41.9539135181051,13.1635270734516,-0.2));
#13725=CARTESIAN_POINT('Ctrl Pts',(41.7948744997526,13.1951873626413,-0.2));
#13726=CARTESIAN_POINT('Ctrl Pts',(41.7199874296784,13.2100953161716,-0.2));
#13727=CARTESIAN_POINT('',(42.2019100561738,13.158935457468,0.));
#13728=CARTESIAN_POINT('Origin',(43.2844472303987,13.158935457468,0.));
#13729=CARTESIAN_POINT('',(36.1719736151993,13.158935457468,0.));
#13730=CARTESIAN_POINT('',(42.2019100561738,13.158935457468,-0.2));
#13731=CARTESIAN_POINT('Origin',(50.5000000819564,16.9999997317791,-0.2));
#13732=CARTESIAN_POINT('Origin',(29.0595,-7.77550000000001,0.));
#13733=CARTESIAN_POINT('',(-11.659,34.445,0.));
#13734=CARTESIAN_POINT('',(-16.659,29.445,0.));
#13735=CARTESIAN_POINT('Origin',(-11.659,29.445,0.));
#13736=CARTESIAN_POINT('',(69.778,34.445,0.));
#13737=CARTESIAN_POINT('',(-16.659,34.445,0.));
#13738=CARTESIAN_POINT('',(74.778,29.445,0.));
#13739=CARTESIAN_POINT('Origin',(69.778,29.445,0.));
#13740=CARTESIAN_POINT('',(74.778,-44.996,0.));
#13741=CARTESIAN_POINT('',(74.778,34.445,0.));
#13742=CARTESIAN_POINT('',(69.778,-49.996,0.));
#13743=CARTESIAN_POINT('Origin',(69.778,-44.996,0.));
#13744=CARTESIAN_POINT('',(-11.659,-49.996,0.));
#13745=CARTESIAN_POINT('',(74.778,-49.996,0.));
#13746=CARTESIAN_POINT('',(-16.659,-44.996,0.));
#13747=CARTESIAN_POINT('Origin',(-11.659,-44.996,0.));
#13748=CARTESIAN_POINT('',(-16.659,-49.996,0.));
#13749=CARTESIAN_POINT('',(57.5109145417809,13.158935457468,0.));
#13750=CARTESIAN_POINT('',(56.3587999716401,16.1589355766773,0.));
#13751=CARTESIAN_POINT('',(58.609587359086,10.298092735477,0.));
#13752=CARTESIAN_POINT('',(55.9311056509614,16.1589355766773,0.));
#13753=CARTESIAN_POINT('',(42.4953028254807,16.1589355766773,0.));
#13754=CARTESIAN_POINT('',(54.7032744064927,13.158935457468,0.));
#13755=CARTESIAN_POINT('',(49.1943110771174,-0.301294292587687,0.));
#13756=CARTESIAN_POINT('',(55.1555258408189,13.158935457468,0.));
#13757=CARTESIAN_POINT('',(42.1075129204094,13.158935457468,0.));
#13758=CARTESIAN_POINT('',(55.5054575577378,14.0675301849842,0.));
#13759=CARTESIAN_POINT('',(50.1345139508277,0.121920778690818,0.));
#13760=CARTESIAN_POINT('',(56.7598915472627,14.0675301849842,0.));
#13761=CARTESIAN_POINT('',(42.9096957736313,14.0675301849842,0.));
#13762=CARTESIAN_POINT('',(57.0893592014909,13.158935457468,0.));
#13763=CARTESIAN_POINT('',(58.8151855783695,8.39950998271687,0.));
#13764=CARTESIAN_POINT('',(43.2852072708905,13.158935457468,0.));
#13765=CARTESIAN_POINT('',(51.3758528605103,13.158935457468,0.));
#13766=CARTESIAN_POINT('',(51.3758528605103,16.1589355766773,0.));
#13767=CARTESIAN_POINT('',(51.3758528605103,4.19171778833866,0.));
#13768=CARTESIAN_POINT('',(50.9788537397981,16.1589355766773,0.));
#13769=CARTESIAN_POINT('',(40.019176869899,16.1589355766773,0.));
#13770=CARTESIAN_POINT('',(50.9788537397981,14.6712137758732,0.));
#13771=CARTESIAN_POINT('',(50.9788537397981,3.44785688793659,0.));
#13772=CARTESIAN_POINT('',(49.4890857115388,16.1589355766773,0.));
#13773=CARTESIAN_POINT('',(50.3582725926435,15.2909425418802,0.));
#13774=CARTESIAN_POINT('',(48.9508867636323,16.1589355766773,0.));
#13775=CARTESIAN_POINT('',(39.0051933818161,16.1589355766773,0.));
#13776=CARTESIAN_POINT('',(50.209412612021,14.9433828890324,0.));
#13777=CARTESIAN_POINT('',(50.4146043076347,14.7451975935892,0.));
#13778=CARTESIAN_POINT('',(48.8956356421113,13.158935457468,0.));
#13779=CARTESIAN_POINT('',(40.4118383489195,1.63575409831434,0.));
#13780=CARTESIAN_POINT('',(49.4195080175996,13.158935457468,0.));
#13781=CARTESIAN_POINT('',(39.2395040087998,13.158935457468,0.));
#13782=CARTESIAN_POINT('',(50.487721003592,14.677353054285,0.));
#13783=CARTESIAN_POINT('',(41.6575088486579,2.12559633956698,0.));
#13784=CARTESIAN_POINT('',(50.9788537397981,14.1984988749027,0.));
#13785=CARTESIAN_POINT('',(50.8520441931026,14.3221381213716,0.));
#13786=CARTESIAN_POINT('',(50.9788537397981,13.158935457468,0.));
#13787=CARTESIAN_POINT('',(50.9788537397981,2.69171772873401,0.));
#13788=CARTESIAN_POINT('',(40.2176764302552,13.158935457468,0.));
#13789=CARTESIAN_POINT('',(48.5641193762422,13.158935457468,0.));
#13790=CARTESIAN_POINT('',(48.5641193762422,16.1589355766773,0.));
#13791=CARTESIAN_POINT('',(48.5641193762422,4.19171778833866,0.));
#13792=CARTESIAN_POINT('',(47.4324679747224,16.1589355766773,0.));
#13793=CARTESIAN_POINT('',(38.2459839873612,16.1589355766773,0.));
#13794=CARTESIAN_POINT('',(46.9761252775788,16.1302860081196,0.));
#13795=CARTESIAN_POINT('Ctrl Pts',(47.4324679747224,16.1589355766773,0.));
#13796=CARTESIAN_POINT('Ctrl Pts',(47.3444978864745,16.1586620208494,0.));
#13797=CARTESIAN_POINT('Ctrl Pts',(47.191755908866,16.1581870473786,0.));
#13798=CARTESIAN_POINT('Ctrl Pts',(47.0403363717363,16.1385944578433,0.));
#13799=CARTESIAN_POINT('Ctrl Pts',(46.9761252775788,16.1302860081196,0.));
#13800=CARTESIAN_POINT('',(46.6057300940156,15.9901084005833,0.));
#13801=CARTESIAN_POINT('Ctrl Pts',(46.9761252775788,16.1302860081196,0.));
#13802=CARTESIAN_POINT('Ctrl Pts',(46.9069618598357,16.1162596822365,0.));
#13803=CARTESIAN_POINT('Ctrl Pts',(46.7757456233763,16.0896490583866,0.));
#13804=CARTESIAN_POINT('Ctrl Pts',(46.6603169124423,16.0220678800145,0.));
#13805=CARTESIAN_POINT('Ctrl Pts',(46.6057300940156,15.9901084005833,0.));
#13806=CARTESIAN_POINT('',(46.3652801886201,15.7005454599857,0.));
#13807=CARTESIAN_POINT('Ctrl Pts',(46.6057300940156,15.9901084005833,0.));
#13808=CARTESIAN_POINT('Ctrl Pts',(46.5578807538837,15.9511968091608,0.));
#13809=CARTESIAN_POINT('Ctrl Pts',(46.4587497765897,15.8705824459292,0.));
#13810=CARTESIAN_POINT('Ctrl Pts',(46.3971476853276,15.7585178251948,0.));
#13811=CARTESIAN_POINT('Ctrl Pts',(46.3652801886201,15.7005454599857,0.));
#13812=CARTESIAN_POINT('',(46.2742162123322,15.2912683784962,0.));
#13813=CARTESIAN_POINT('Ctrl Pts',(46.3652801886201,15.7005454599857,0.));
#13814=CARTESIAN_POINT('Ctrl Pts',(46.3387228555362,15.6362545287391,0.));
#13815=CARTESIAN_POINT('Ctrl Pts',(46.2845773812497,15.5051772494927,0.));
#13816=CARTESIAN_POINT('Ctrl Pts',(46.2777134929726,15.3634705942214,0.));
#13817=CARTESIAN_POINT('Ctrl Pts',(46.2742162123322,15.2912683784962,0.));
#13818=CARTESIAN_POINT('',(46.5177345648408,14.6435876190662,0.));
#13819=CARTESIAN_POINT('Ctrl Pts',(46.2742162123322,15.2912683784962,0.));
#13820=CARTESIAN_POINT('Ctrl Pts',(46.2836546384908,15.1693936271053,0.));
#13821=CARTESIAN_POINT('Ctrl Pts',(46.3022156895106,14.9297219444984,0.));
#13822=CARTESIAN_POINT('Ctrl Pts',(46.4467144496438,14.7378777025816,0.));
#13823=CARTESIAN_POINT('Ctrl Pts',(46.5177345648408,14.6435876190662,0.));
#13824=CARTESIAN_POINT('',(47.3976803198457,14.3785806000233,0.));
#13825=CARTESIAN_POINT('Ctrl Pts',(46.5177345648408,14.6435876190662,0.));
#13826=CARTESIAN_POINT('Ctrl Pts',(46.628091961273,14.5667626997828,0.));
#13827=CARTESIAN_POINT('Ctrl Pts',(46.8898188042462,14.3845624645855,0.));
#13828=CARTESIAN_POINT('Ctrl Pts',(47.2115863788273,14.3807725139936,0.));
#13829=CARTESIAN_POINT('Ctrl Pts',(47.3976803198457,14.3785806000233,0.));
#13830=CARTESIAN_POINT('',(48.1671214476228,14.3785806000233,0.));
#13831=CARTESIAN_POINT('',(38.6133107238114,14.3785806000233,0.));
#13832=CARTESIAN_POINT('',(48.1671214476228,13.158935457468,0.));
#13833=CARTESIAN_POINT('',(48.1671214476228,2.69171772873401,0.));
#13834=CARTESIAN_POINT('',(38.8118096881211,13.158935457468,0.));
#13835=CARTESIAN_POINT('',(52.2455668821931,14.2107774317265,0.));
#13836=CARTESIAN_POINT('',(51.8485677614808,14.1105045378208,0.));
#13837=CARTESIAN_POINT('',(38.539158346484,10.7488522605506,0.));
#13838=CARTESIAN_POINT('',(52.297749556601,13.3645971119404,0.));
#13839=CARTESIAN_POINT('Ctrl Pts',(51.8485677614808,14.1105045378208,0.));
#13840=CARTESIAN_POINT('Ctrl Pts',(51.8953121458927,13.9597693575247,0.));
#13841=CARTESIAN_POINT('Ctrl Pts',(51.9840405690008,13.6736495375105,0.));
#13842=CARTESIAN_POINT('Ctrl Pts',(52.1969881594629,13.4638628499978,0.));
#13843=CARTESIAN_POINT('Ctrl Pts',(52.297749556601,13.3645971119404,0.));
#13844=CARTESIAN_POINT('',(53.0907231941819,13.1077755987644,0.));
#13845=CARTESIAN_POINT('Ctrl Pts',(52.297749556601,13.3645971119404,0.));
#13846=CARTESIAN_POINT('Ctrl Pts',(52.4143618641131,13.2897146270396,0.));
#13847=CARTESIAN_POINT('Ctrl Pts',(52.6557572132445,13.1347028279242,0.));
#13848=CARTESIAN_POINT('Ctrl Pts',(52.9424993244144,13.1169516223688,0.));
#13849=CARTESIAN_POINT('Ctrl Pts',(53.0907231941819,13.1077755987644,0.));
#13850=CARTESIAN_POINT('',(53.8796043768525,13.3052517473698,0.));
#13851=CARTESIAN_POINT('Ctrl Pts',(53.0907231941819,13.1077755987644,0.));
#13852=CARTESIAN_POINT('Ctrl Pts',(53.2402004089162,13.1131561813316,0.));
#13853=CARTESIAN_POINT('Ctrl Pts',(53.5178038469133,13.1231487960705,0.));
#13854=CARTESIAN_POINT('Ctrl Pts',(53.7653506263832,13.247745073289,0.));
#13855=CARTESIAN_POINT('Ctrl Pts',(53.8796043768525,13.3052517473698,0.));
#13856=CARTESIAN_POINT('',(54.3420875445008,13.8772167265415,0.));
#13857=CARTESIAN_POINT('Ctrl Pts',(53.8796043768525,13.3052517473698,0.));
#13858=CARTESIAN_POINT('Ctrl Pts',(53.9755999364512,13.380271093167,0.));
#13859=CARTESIAN_POINT('Ctrl Pts',(54.1736821334697,13.5350698869499,0.));
#13860=CARTESIAN_POINT('Ctrl Pts',(54.2848133035969,13.7608534790942,0.));
#13861=CARTESIAN_POINT('Ctrl Pts',(54.3420875445008,13.8772167265415,0.));
#13862=CARTESIAN_POINT('',(54.5006823912263,14.6814455091953,0.));
#13863=CARTESIAN_POINT('Ctrl Pts',(54.3420875445008,13.8772167265415,0.));
#13864=CARTESIAN_POINT('Ctrl Pts',(54.3883415982204,14.0053379063176,0.));
#13865=CARTESIAN_POINT('Ctrl Pts',(54.4821825911502,14.2652722852244,0.));
#13866=CARTESIAN_POINT('Ctrl Pts',(54.4944576741686,14.5414136950385,0.));
#13867=CARTESIAN_POINT('Ctrl Pts',(54.5006823912263,14.6814455091953,0.));
#13868=CARTESIAN_POINT('',(54.3216234818101,15.4989768564701,0.));
#13869=CARTESIAN_POINT('Ctrl Pts',(54.5006823912263,14.6814455091953,0.));
#13870=CARTESIAN_POINT('Ctrl Pts',(54.4947042435172,14.8296877743523,0.));
#13871=CARTESIAN_POINT('Ctrl Pts',(54.4832771424163,15.1130496840596,0.));
#13872=CARTESIAN_POINT('Ctrl Pts',(54.3738183394786,15.3743683956481,0.));
#13873=CARTESIAN_POINT('Ctrl Pts',(54.3216234818101,15.4989768564701,0.));
#13874=CARTESIAN_POINT('',(53.8120741024613,16.0289897024632,0.));
#13875=CARTESIAN_POINT('Ctrl Pts',(54.3216234818101,15.4989768564701,0.));
#13876=CARTESIAN_POINT('Ctrl Pts',(54.2562251455536,15.6079580882836,0.));
#13877=CARTESIAN_POINT('Ctrl Pts',(54.126805685302,15.8236255349832,0.));
#13878=CARTESIAN_POINT('Ctrl Pts',(53.9162377130536,15.9610223476209,0.));
#13879=CARTESIAN_POINT('Ctrl Pts',(53.8120741024613,16.0289897024632,0.));
#13880=CARTESIAN_POINT('',(53.0845839157701,16.2100948393345,0.));
#13881=CARTESIAN_POINT('Ctrl Pts',(53.8120741024613,16.0289897024632,0.));
#13882=CARTESIAN_POINT('Ctrl Pts',(53.6982598257101,16.0818092637504,0.));
#13883=CARTESIAN_POINT('Ctrl Pts',(53.4674833633847,16.1889092853242,0.));
#13884=CARTESIAN_POINT('Ctrl Pts',(53.2133724657879,16.2029690604928,0.));
#13885=CARTESIAN_POINT('Ctrl Pts',(53.0845839157701,16.2100948393345,0.));
#13886=CARTESIAN_POINT('',(52.3274219408631,15.9809000790119,0.));
#13887=CARTESIAN_POINT('Ctrl Pts',(53.0845839157701,16.2100948393345,0.));
#13888=CARTESIAN_POINT('Ctrl Pts',(52.9429360483808,16.2023201477007,0.));
#13889=CARTESIAN_POINT('Ctrl Pts',(52.6714499400328,16.1874189648297,0.));
#13890=CARTESIAN_POINT('Ctrl Pts',(52.4387234114315,16.0477139887726,0.));
#13891=CARTESIAN_POINT('Ctrl Pts',(52.3274219408631,15.9809000790119,0.));
#13892=CARTESIAN_POINT('',(51.8997264280915,15.3362889587879,0.));
#13893=CARTESIAN_POINT('Ctrl Pts',(52.3274219408631,15.9809000790119,0.));
#13894=CARTESIAN_POINT('Ctrl Pts',(52.2322591427509,15.8945976107853,0.));
#13895=CARTESIAN_POINT('Ctrl Pts',(52.0354721674146,15.7161328953368,0.));
#13896=CARTESIAN_POINT('Ctrl Pts',(51.9459547575357,15.4656451413372,0.));
#13897=CARTESIAN_POINT('Ctrl Pts',(51.8997264280915,15.3362889587879,0.));
#13898=CARTESIAN_POINT('',(52.2905874624848,15.2442015707493,0.));
#13899=CARTESIAN_POINT('',(43.8550215037663,17.2316323131659,0.));
#13900=CARTESIAN_POINT('',(52.5934517756104,15.72100892663,0.));
#13901=CARTESIAN_POINT('Ctrl Pts',(52.2905874624848,15.2442015707493,0.));
#13902=CARTESIAN_POINT('Ctrl Pts',(52.3259691735947,15.3432496488486,0.));
#13903=CARTESIAN_POINT('Ctrl Pts',(52.391113087802,15.5256144723608,0.));
#13904=CARTESIAN_POINT('Ctrl Pts',(52.5299991205862,15.6597339572473,0.));
#13905=CARTESIAN_POINT('Ctrl Pts',(52.5934517756104,15.72100892663,0.));
#13906=CARTESIAN_POINT('',(53.0927700176835,15.8703954517841,0.));
#13907=CARTESIAN_POINT('Ctrl Pts',(52.5934517756104,15.72100892663,0.));
#13908=CARTESIAN_POINT('Ctrl Pts',(52.6662342636496,15.7645486109214,0.));
#13909=CARTESIAN_POINT('Ctrl Pts',(52.8197106507171,15.8563607159913,0.));
#13910=CARTESIAN_POINT('Ctrl Pts',(52.998675137611,15.8655591526454,0.));
#13911=CARTESIAN_POINT('Ctrl Pts',(53.0927700176835,15.8703954517841,0.));
#13912=CARTESIAN_POINT('',(53.6708730831742,15.704637914896,0.));
#13913=CARTESIAN_POINT('Ctrl Pts',(53.0927700176835,15.8703954517841,0.));
#13914=CARTESIAN_POINT('Ctrl Pts',(53.2010814595346,15.8650270704255,0.));
#13915=CARTESIAN_POINT('Ctrl Pts',(53.4070968959669,15.8548160584618,0.));
#13916=CARTESIAN_POINT('Ctrl Pts',(53.5860184952423,15.7529489645915,0.));
#13917=CARTESIAN_POINT('Ctrl Pts',(53.6708730831742,15.704637914896,0.));
#13918=CARTESIAN_POINT('',(53.997271694243,15.2595497667789,0.));
#13919=CARTESIAN_POINT('Ctrl Pts',(53.6708730831742,15.704637914896,0.));
#13920=CARTESIAN_POINT('Ctrl Pts',(53.7426730272494,15.6442528464509,0.));
#13921=CARTESIAN_POINT('Ctrl Pts',(53.88753931512,15.5224176441935,0.));
#13922=CARTESIAN_POINT('Ctrl Pts',(53.9604816840586,15.3476815649274,0.));
#13923=CARTESIAN_POINT('Ctrl Pts',(53.997271694243,15.2595497667789,0.));
#13924=CARTESIAN_POINT('',(54.0914053097367,14.6834923326969,0.));
#13925=CARTESIAN_POINT('Ctrl Pts',(53.997271694243,15.2595497667789,0.));
#13926=CARTESIAN_POINT('Ctrl Pts',(54.024727458574,15.1656312745094,0.));
#13927=CARTESIAN_POINT('Ctrl Pts',(54.079731941857,14.9774763182045,0.));
#13928=CARTESIAN_POINT('Ctrl Pts',(54.0875098057195,14.7815973361842,0.));
#13929=CARTESIAN_POINT('Ctrl Pts',(54.0914053097367,14.6834923326969,0.));
#13930=CARTESIAN_POINT('',(53.9798772707582,14.0153475105762,0.));
#13931=CARTESIAN_POINT('Ctrl Pts',(54.0914053097367,14.6834923326969,0.));
#13932=CARTESIAN_POINT('Ctrl Pts',(54.0879075759993,14.5630353783652,0.));
#13933=CARTESIAN_POINT('Ctrl Pts',(54.0812876206325,14.3350535703884,0.));
#13934=CARTESIAN_POINT('Ctrl Pts',(54.0123777670989,14.1178085082941,0.));
#13935=CARTESIAN_POINT('Ctrl Pts',(53.9798772707582,14.0153475105762,0.));
#13936=CARTESIAN_POINT('',(53.6330151930451,13.5886760056019,0.));
#13937=CARTESIAN_POINT('Ctrl Pts',(53.9798772707582,14.0153475105762,0.));
#13938=CARTESIAN_POINT('Ctrl Pts',(53.9387787062166,13.9269603293411,0.));
#13939=CARTESIAN_POINT('Ctrl Pts',(53.8589688104481,13.7553199861725,0.));
#13940=CARTESIAN_POINT('Ctrl Pts',(53.7068160264229,13.6431051613943,0.));
#13941=CARTESIAN_POINT('Ctrl Pts',(53.6330151930451,13.5886760056019,0.));
#13942=CARTESIAN_POINT('',(53.1234652176499,13.4474755823612,0.));
#13943=CARTESIAN_POINT('Ctrl Pts',(53.6330151930451,13.5886760056019,0.));
#13944=CARTESIAN_POINT('Ctrl Pts',(53.5529605298276,13.5474926239054,0.));
#13945=CARTESIAN_POINT('Ctrl Pts',(53.3928862869941,13.465143908947,0.));
#13946=CARTESIAN_POINT('Ctrl Pts',(53.2132591177539,13.4533641639644,0.));
#13947=CARTESIAN_POINT('Ctrl Pts',(53.1234652176499,13.4474755823612,0.));
#13948=CARTESIAN_POINT('',(52.5586635246873,13.6398358643055,0.));
#13949=CARTESIAN_POINT('Ctrl Pts',(53.1234652176499,13.4474755823612,0.));
#13950=CARTESIAN_POINT('Ctrl Pts',(53.0177018807648,13.4545445362503,0.));
#13951=CARTESIAN_POINT('Ctrl Pts',(52.8119920670912,13.4682936598144,0.));
#13952=CARTESIAN_POINT('Ctrl Pts',(52.6414993637435,13.5837433201819,0.));
#13953=CARTESIAN_POINT('Ctrl Pts',(52.5586635246873,13.6398358643055,0.));
#13954=CARTESIAN_POINT('Ctrl Pts',(52.5586635246873,13.6398358643055,0.));
#13955=CARTESIAN_POINT('Ctrl Pts',(52.4870494642219,13.7155390395309,0.));
#13956=CARTESIAN_POINT('Ctrl Pts',(52.3333289199919,13.8780369236051,0.));
#13957=CARTESIAN_POINT('Ctrl Pts',(52.2761224652107,14.0949291620849,0.));
#13958=CARTESIAN_POINT('Ctrl Pts',(52.2455668821931,14.2107774317265,0.));
#13959=CARTESIAN_POINT('',(60.1957713440061,13.158935457468,0.));
#13960=CARTESIAN_POINT('',(60.1957713440061,16.1589355766773,0.));
#13961=CARTESIAN_POINT('',(60.1957713440061,4.19171778833866,0.));
#13962=CARTESIAN_POINT('',(59.7987726703286,16.1589355766773,0.));
#13963=CARTESIAN_POINT('',(44.4291363351643,16.1589355766773,0.));
#13964=CARTESIAN_POINT('',(59.7987726703286,14.9270118772984,0.));
#13965=CARTESIAN_POINT('',(59.7987726703286,3.57575593864917,0.));
#13966=CARTESIAN_POINT('',(58.2394275441766,14.9270118772984,0.));
#13967=CARTESIAN_POINT('',(43.6494637720883,14.9270118772984,0.));
#13968=CARTESIAN_POINT('',(58.2394275441766,16.1589355766773,0.));
#13969=CARTESIAN_POINT('',(58.2394275441766,4.19171778833866,0.));
#13970=CARTESIAN_POINT('',(57.8424287214875,16.1589355766773,0.));
#13971=CARTESIAN_POINT('',(43.4509643607438,16.1589355766773,0.));
#13972=CARTESIAN_POINT('',(57.8424287214875,13.158935457468,0.));
#13973=CARTESIAN_POINT('',(57.8424287214875,2.69171772873401,0.));
#13974=CARTESIAN_POINT('',(58.2394275441766,13.158935457468,0.));
#13975=CARTESIAN_POINT('',(43.6494637720883,13.158935457468,0.));
#13976=CARTESIAN_POINT('',(58.2394275441766,14.5729871094227,0.));
#13977=CARTESIAN_POINT('',(58.2394275441766,3.39874355471134,0.));
#13978=CARTESIAN_POINT('',(59.7987726703286,14.5729871094227,0.));
#13979=CARTESIAN_POINT('',(44.4291363351643,14.5729871094227,0.));
#13980=CARTESIAN_POINT('',(59.7987726703286,13.158935457468,0.));
#13981=CARTESIAN_POINT('',(59.7987726703286,2.69171772873401,0.));
#13982=CARTESIAN_POINT('',(44.627635672003,13.158935457468,0.));
#13983=CARTESIAN_POINT('',(45.2172589674592,17.8410641849041,0.));
#13984=CARTESIAN_POINT('',(45.2172589674592,20.8410643041134,0.));
#13985=CARTESIAN_POINT('',(45.2172589674592,6.53278215205669,0.));
#13986=CARTESIAN_POINT('',(43.0480909720063,20.8410643041134,0.));
#13987=CARTESIAN_POINT('',(36.0537954860032,20.8410643041134,0.));
#13988=CARTESIAN_POINT('',(43.0480909720063,20.4870395362377,0.));
#13989=CARTESIAN_POINT('',(43.0480909720063,6.35576976811886,0.));
#13990=CARTESIAN_POINT('',(44.820258654654,20.4870395362377,0.));
#13991=CARTESIAN_POINT('',(36.939879327327,20.4870395362377,0.));
#13992=CARTESIAN_POINT('',(44.820258654654,19.5682127773762,0.));
#13993=CARTESIAN_POINT('',(44.820258654654,5.89635638868808,0.));
#13994=CARTESIAN_POINT('',(43.1606412306428,19.5682127773762,0.));
#13995=CARTESIAN_POINT('',(36.1100706153214,19.5682127773762,0.));
#13996=CARTESIAN_POINT('',(43.1606412306428,19.2162348330021,0.));
#13997=CARTESIAN_POINT('',(43.1606412306428,5.72036741650104,0.));
#13998=CARTESIAN_POINT('',(44.820258654654,19.2162348330021,0.));
#13999=CARTESIAN_POINT('',(36.939879327327,19.2162348330021,0.));
#14000=CARTESIAN_POINT('',(44.820258654654,18.1950886547565,0.));
#14001=CARTESIAN_POINT('',(44.820258654654,5.20979432737827,0.));
#14002=CARTESIAN_POINT('',(42.9785132780671,18.1950886547565,0.));
#14003=CARTESIAN_POINT('',(36.0190066390335,18.1950886547565,0.));
#14004=CARTESIAN_POINT('',(42.9785132780671,17.8410641849041,0.));
#14005=CARTESIAN_POINT('',(42.9785132780671,5.03278209245205,0.));
#14006=CARTESIAN_POINT('',(37.1383794837296,17.8410641849041,0.));
#14007=CARTESIAN_POINT('',(21.575,-3.025,0.));
#14008=CARTESIAN_POINT('',(22.075,-2.525,0.));
#14009=CARTESIAN_POINT('Origin',(22.075,-3.025,0.));
#14010=CARTESIAN_POINT('',(21.575,-16.025,0.));
#14011=CARTESIAN_POINT('',(21.575,-3.025,0.));
#14012=CARTESIAN_POINT('',(22.075,-16.525,0.));
#14013=CARTESIAN_POINT('Origin',(22.075,-16.025,0.));
#14014=CARTESIAN_POINT('',(35.075,-16.525,0.));
#14015=CARTESIAN_POINT('',(22.075,-16.525,0.));
#14016=CARTESIAN_POINT('',(35.575,-16.025,0.));
#14017=CARTESIAN_POINT('Origin',(35.075,-16.025,0.));
#14018=CARTESIAN_POINT('',(35.575,-3.025,0.));
#14019=CARTESIAN_POINT('',(35.575,-3.025,0.));
#14020=CARTESIAN_POINT('',(35.075,-2.525,0.));
#14021=CARTESIAN_POINT('Origin',(35.075,-3.025,0.));
#14022=CARTESIAN_POINT('',(22.075,-2.525,0.));
#14023=CARTESIAN_POINT('',(40.625,-22.075,0.));
#14024=CARTESIAN_POINT('',(41.125,-21.575,0.));
#14025=CARTESIAN_POINT('Origin',(41.125,-22.075,0.));
#14026=CARTESIAN_POINT('',(40.625,-35.075,0.));
#14027=CARTESIAN_POINT('',(40.625,-22.075,0.));
#14028=CARTESIAN_POINT('',(41.125,-35.575,0.));
#14029=CARTESIAN_POINT('Origin',(41.125,-35.075,0.));
#14030=CARTESIAN_POINT('',(54.125,-35.575,0.));
#14031=CARTESIAN_POINT('',(41.125,-35.575,0.));
#14032=CARTESIAN_POINT('',(54.625,-35.075,0.));
#14033=CARTESIAN_POINT('Origin',(54.125,-35.075,0.));
#14034=CARTESIAN_POINT('',(54.625,-22.075,0.));
#14035=CARTESIAN_POINT('',(54.625,-22.075,0.));
#14036=CARTESIAN_POINT('',(54.125,-21.575,0.));
#14037=CARTESIAN_POINT('Origin',(54.125,-22.075,0.));
#14038=CARTESIAN_POINT('',(41.125,-21.575,0.));
#14039=CARTESIAN_POINT('',(-13.359,29.445,0.));
#14040=CARTESIAN_POINT('Origin',(-11.659,29.445,0.));
#14041=CARTESIAN_POINT('',(2.525,-3.025,0.));
#14042=CARTESIAN_POINT('',(3.025,-2.525,0.));
#14043=CARTESIAN_POINT('Origin',(3.025,-3.025,0.));
#14044=CARTESIAN_POINT('',(2.525,-16.025,0.));
#14045=CARTESIAN_POINT('',(2.525,-3.025,0.));
#14046=CARTESIAN_POINT('',(3.025,-16.525,0.));
#14047=CARTESIAN_POINT('Origin',(3.025,-16.025,0.));
#14048=CARTESIAN_POINT('',(16.025,-16.525,0.));
#14049=CARTESIAN_POINT('',(3.025,-16.525,0.));
#14050=CARTESIAN_POINT('',(16.525,-16.025,0.));
#14051=CARTESIAN_POINT('Origin',(16.025,-16.025,0.));
#14052=CARTESIAN_POINT('',(16.525,-3.025,0.));
#14053=CARTESIAN_POINT('',(16.525,-3.025,0.));
#14054=CARTESIAN_POINT('',(16.025,-2.525,0.));
#14055=CARTESIAN_POINT('Origin',(16.025,-3.025,0.));
#14056=CARTESIAN_POINT('',(3.025,-2.525,0.));
#14057=CARTESIAN_POINT('',(2.525,-22.075,0.));
#14058=CARTESIAN_POINT('',(3.025,-21.575,0.));
#14059=CARTESIAN_POINT('Origin',(3.025,-22.075,0.));
#14060=CARTESIAN_POINT('',(2.525,-35.075,0.));
#14061=CARTESIAN_POINT('',(2.525,-22.075,0.));
#14062=CARTESIAN_POINT('',(3.025,-35.575,0.));
#14063=CARTESIAN_POINT('Origin',(3.025,-35.075,0.));
#14064=CARTESIAN_POINT('',(16.025,-35.575,0.));
#14065=CARTESIAN_POINT('',(3.025,-35.575,0.));
#14066=CARTESIAN_POINT('',(16.525,-35.075,0.));
#14067=CARTESIAN_POINT('Origin',(16.025,-35.075,0.));
#14068=CARTESIAN_POINT('',(16.525,-22.075,0.));
#14069=CARTESIAN_POINT('',(16.525,-22.075,0.));
#14070=CARTESIAN_POINT('',(16.025,-21.575,0.));
#14071=CARTESIAN_POINT('Origin',(16.025,-22.075,0.));
#14072=CARTESIAN_POINT('',(3.025,-21.575,0.));
#14073=CARTESIAN_POINT('',(33.6270446486007,6.96695535139931,0.));
#14074=CARTESIAN_POINT('',(-1.2410446486007,6.9669553513993,1.11022302462516E-15));
#14075=CARTESIAN_POINT('',(31.61625,6.96695535139931,-2.77555756156289E-16));
#14076=CARTESIAN_POINT('',(33.6270446486007,17.8750446486007,0.));
#14077=CARTESIAN_POINT('',(33.6270446486007,5.32275,0.));
#14078=CARTESIAN_POINT('',(-1.2410446486007,17.8750446486007,0.));
#14079=CARTESIAN_POINT('',(13.63625,17.8750446486007,0.));
#14080=CARTESIAN_POINT('',(-1.2410446486007,-0.677250000000003,1.11022302462516E-15));
#14081=CARTESIAN_POINT('',(21.575,-22.075,0.));
#14082=CARTESIAN_POINT('',(22.075,-21.575,0.));
#14083=CARTESIAN_POINT('Origin',(22.075,-22.075,0.));
#14084=CARTESIAN_POINT('',(21.575,-35.075,0.));
#14085=CARTESIAN_POINT('',(21.575,-22.075,0.));
#14086=CARTESIAN_POINT('',(22.075,-35.575,0.));
#14087=CARTESIAN_POINT('Origin',(22.075,-35.075,0.));
#14088=CARTESIAN_POINT('',(35.075,-35.575,0.));
#14089=CARTESIAN_POINT('',(22.075,-35.575,0.));
#14090=CARTESIAN_POINT('',(35.575,-35.075,0.));
#14091=CARTESIAN_POINT('Origin',(35.075,-35.075,0.));
#14092=CARTESIAN_POINT('',(35.575,-22.075,0.));
#14093=CARTESIAN_POINT('',(35.575,-22.075,0.));
#14094=CARTESIAN_POINT('',(35.075,-21.575,0.));
#14095=CARTESIAN_POINT('Origin',(35.075,-22.075,0.));
#14096=CARTESIAN_POINT('',(22.075,-21.575,0.));
#14097=CARTESIAN_POINT('',(40.625,-3.025,0.));
#14098=CARTESIAN_POINT('',(41.125,-2.525,0.));
#14099=CARTESIAN_POINT('Origin',(41.125,-3.025,0.));
#14100=CARTESIAN_POINT('',(40.625,-16.025,0.));
#14101=CARTESIAN_POINT('',(40.625,-3.025,0.));
#14102=CARTESIAN_POINT('',(41.125,-16.525,0.));
#14103=CARTESIAN_POINT('Origin',(41.125,-16.025,0.));
#14104=CARTESIAN_POINT('',(54.125,-16.525,0.));
#14105=CARTESIAN_POINT('',(41.125,-16.525,0.));
#14106=CARTESIAN_POINT('',(54.625,-16.025,0.));
#14107=CARTESIAN_POINT('Origin',(54.125,-16.025,0.));
#14108=CARTESIAN_POINT('',(54.625,-3.025,0.));
#14109=CARTESIAN_POINT('',(54.625,-3.025,0.));
#14110=CARTESIAN_POINT('',(54.125,-2.525,0.));
#14111=CARTESIAN_POINT('Origin',(54.125,-3.025,0.));
#14112=CARTESIAN_POINT('',(41.125,-2.525,0.));
#14113=CARTESIAN_POINT('',(68.078,-44.996,0.));
#14114=CARTESIAN_POINT('Origin',(69.778,-44.996,0.));
#14115=CARTESIAN_POINT('',(-13.359,-44.996,0.));
#14116=CARTESIAN_POINT('Origin',(-11.659,-44.996,0.));
#14117=CARTESIAN_POINT('',(68.078,29.445,0.));
#14118=CARTESIAN_POINT('Origin',(69.778,29.445,0.));
#14119=CARTESIAN_POINT('',(55.1729196682572,17.8410641849041,0.));
#14120=CARTESIAN_POINT('',(55.1729196682572,20.8410643041134,0.));
#14121=CARTESIAN_POINT('',(55.1729196682572,6.53278215205669,0.));
#14122=CARTESIAN_POINT('',(54.7759211435914,20.8410643041134,0.));
#14123=CARTESIAN_POINT('',(41.9177105717957,20.8410643041134,0.));
#14124=CARTESIAN_POINT('',(54.7759211435914,17.8410641849041,0.));
#14125=CARTESIAN_POINT('',(54.7759211435914,5.03278209245205,0.));
#14126=CARTESIAN_POINT('',(42.1162098341286,17.8410641849041,0.));
#14127=CARTESIAN_POINT('',(51.6101646795869,17.8410641849041,0.));
#14128=CARTESIAN_POINT('',(50.4580498114228,20.8410643041134,0.));
#14129=CARTESIAN_POINT('',(53.8715496265413,11.9526277989974,0.));
#14130=CARTESIAN_POINT('',(50.0303554907441,20.8410643041134,0.));
#14131=CARTESIAN_POINT('',(39.544927745372,20.8410643041134,0.));
#14132=CARTESIAN_POINT('',(48.802523650229,17.8410641849041,0.));
#14133=CARTESIAN_POINT('',(42.8961869294525,3.40992607483052,0.));
#14134=CARTESIAN_POINT('',(49.2547750845551,17.8410641849041,0.));
#14135=CARTESIAN_POINT('',(39.1571375422776,17.8410641849041,0.));
#14136=CARTESIAN_POINT('',(49.6047068014741,18.7496589124203,0.));
#14137=CARTESIAN_POINT('',(43.8296980897693,3.75489789728669,0.));
#14138=CARTESIAN_POINT('',(50.8591413870454,18.7496589124203,0.));
#14139=CARTESIAN_POINT('',(39.9593206935227,18.7496589124203,0.));
#14140=CARTESIAN_POINT('',(51.18860963732,17.8410641849041,0.));
#14141=CARTESIAN_POINT('',(54.0075443272115,10.0671157260991,0.));
#14142=CARTESIAN_POINT('',(40.3348323397934,17.8410641849041,0.));
#14143=CARTESIAN_POINT('',(46.4092779532075,13.158935457468,0.));
#14144=CARTESIAN_POINT('',(45.2571630850434,16.1589355766773,0.));
#14145=CARTESIAN_POINT('',(48.2213927826677,8.44035673357349,0.));
#14146=CARTESIAN_POINT('',(44.8294687643647,16.1589355766773,0.));
#14147=CARTESIAN_POINT('',(36.9444843821824,16.1589355766773,0.));
#14148=CARTESIAN_POINT('',(43.6016369238496,13.158935457468,0.));
#14149=CARTESIAN_POINT('',(38.8890730198263,1.64457998357865,0.));
#14150=CARTESIAN_POINT('',(44.0538883581758,13.158935457468,0.));
#14151=CARTESIAN_POINT('',(36.5566941790879,13.158935457468,0.));
#14152=CARTESIAN_POINT('',(44.4038200750947,14.0675301849842,0.));
#14153=CARTESIAN_POINT('',(39.7498727245785,1.98359546180968,0.));
#14154=CARTESIAN_POINT('',(45.658254660666,14.0675301849842,0.));
#14155=CARTESIAN_POINT('',(37.358877330333,14.0675301849842,0.));
#14156=CARTESIAN_POINT('',(45.9877229109406,13.158935457468,0.));
#14157=CARTESIAN_POINT('',(48.3585992021712,6.62062502540258,0.));
#14158=CARTESIAN_POINT('',(37.7343889766037,13.158935457468,0.));
#14159=CARTESIAN_POINT('Origin',(55.6282407417893,14.390859156847,0.));
#14160=CARTESIAN_POINT('',(56.6452938690782,14.390859156847,0.));
#14161=CARTESIAN_POINT('',(55.6282407417893,14.390859156847,0.));
#14162=CARTESIAN_POINT('',(42.3438703708947,14.390859156847,0.));
#14163=CARTESIAN_POINT('',(56.6452938690782,14.390859156847,-0.2));
#14164=CARTESIAN_POINT('',(56.6452938690782,14.390859156847,0.));
#14165=CARTESIAN_POINT('',(55.6282407417893,14.390859156847,-0.2));
#14166=CARTESIAN_POINT('',(56.6452938690782,14.390859156847,-0.2));
#14167=CARTESIAN_POINT('',(55.6282407417893,14.390859156847,0.));
#14168=CARTESIAN_POINT('Origin',(55.9413373842835,15.2216912806034,0.));
#14169=CARTESIAN_POINT('',(55.9413373842835,15.2216912806034,0.));
#14170=CARTESIAN_POINT('',(50.475547793284,0.71769169210589,0.));
#14171=CARTESIAN_POINT('',(55.9413373842835,15.2216912806034,-0.2));
#14172=CARTESIAN_POINT('',(55.6282407417893,14.390859156847,-0.2));
#14173=CARTESIAN_POINT('',(55.9413373842835,15.2216912806034,0.));
#14174=CARTESIAN_POINT('Ctrl Pts',(56.1541617289186,15.8437921106815,0.));
#14175=CARTESIAN_POINT('Ctrl Pts',(56.1541617289186,15.8437921106815,-0.2));
#14176=CARTESIAN_POINT('Ctrl Pts',(56.1256434171062,15.7510874351842,0.));
#14177=CARTESIAN_POINT('Ctrl Pts',(56.1256434171062,15.7510874351842,-0.2));
#14178=CARTESIAN_POINT('Ctrl Pts',(56.0611758932949,15.5415224050251,0.));
#14179=CARTESIAN_POINT('Ctrl Pts',(56.0611758932949,15.5415224050251,-0.2));
#14180=CARTESIAN_POINT('Ctrl Pts',(55.9842395950687,15.3361908886909,0.));
#14181=CARTESIAN_POINT('Ctrl Pts',(55.9842395950687,15.3361908886909,-0.2));
#14182=CARTESIAN_POINT('Ctrl Pts',(55.9413373842835,15.2216912806034,0.));
#14183=CARTESIAN_POINT('Ctrl Pts',(55.9413373842835,15.2216912806034,-0.2));
#14184=CARTESIAN_POINT('',(56.1541617289186,15.8437921106815,0.));
#14185=CARTESIAN_POINT('Ctrl Pts',(55.9413373842835,15.2216912806034,0.));
#14186=CARTESIAN_POINT('Ctrl Pts',(55.9842395950687,15.3361908886909,0.));
#14187=CARTESIAN_POINT('Ctrl Pts',(56.0611758932949,15.5415224050251,0.));
#14188=CARTESIAN_POINT('Ctrl Pts',(56.1256434171062,15.7510874351842,0.));
#14189=CARTESIAN_POINT('Ctrl Pts',(56.1541617289186,15.8437921106815,0.));
#14190=CARTESIAN_POINT('',(56.1541617289186,15.8437921106815,-0.2));
#14191=CARTESIAN_POINT('Ctrl Pts',(56.1541617289186,15.8437921106815,-0.2));
#14192=CARTESIAN_POINT('Ctrl Pts',(56.1256434171062,15.7510874351842,-0.2));
#14193=CARTESIAN_POINT('Ctrl Pts',(56.0611758932949,15.5415224050251,-0.2));
#14194=CARTESIAN_POINT('Ctrl Pts',(55.9842395950687,15.3361908886909,-0.2));
#14195=CARTESIAN_POINT('Ctrl Pts',(55.9413373842835,15.2216912806034,-0.2));
#14196=CARTESIAN_POINT('',(56.1541617289186,15.8437921106815,0.));
#14197=CARTESIAN_POINT('Ctrl Pts',(56.3158262148499,15.2708043158054,0.));
#14198=CARTESIAN_POINT('Ctrl Pts',(56.3158262148499,15.2708043158054,-0.2));
#14199=CARTESIAN_POINT('Ctrl Pts',(56.2830706345155,15.3654287328004,0.));
#14200=CARTESIAN_POINT('Ctrl Pts',(56.2830706345155,15.3654287328004,-0.2));
#14201=CARTESIAN_POINT('Ctrl Pts',(56.2180415931415,15.5532848191505,0.));
#14202=CARTESIAN_POINT('Ctrl Pts',(56.2180415931415,15.5532848191505,-0.2));
#14203=CARTESIAN_POINT('Ctrl Pts',(56.1753495119465,15.7474361535132,0.));
#14204=CARTESIAN_POINT('Ctrl Pts',(56.1753495119465,15.7474361535132,-0.2));
#14205=CARTESIAN_POINT('Ctrl Pts',(56.1541617289186,15.8437921106815,0.));
#14206=CARTESIAN_POINT('Ctrl Pts',(56.1541617289186,15.8437921106815,-0.2));
#14207=CARTESIAN_POINT('',(56.3158262148499,15.2708043158054,0.));
#14208=CARTESIAN_POINT('Ctrl Pts',(56.1541617289186,15.8437921106815,0.));
#14209=CARTESIAN_POINT('Ctrl Pts',(56.1753495119465,15.7474361535132,0.));
#14210=CARTESIAN_POINT('Ctrl Pts',(56.2180415931415,15.5532848191505,0.));
#14211=CARTESIAN_POINT('Ctrl Pts',(56.2830706345155,15.3654287328004,0.));
#14212=CARTESIAN_POINT('Ctrl Pts',(56.3158262148499,15.2708043158054,0.));
#14213=CARTESIAN_POINT('',(56.3158262148499,15.2708043158054,-0.2));
#14214=CARTESIAN_POINT('Ctrl Pts',(56.3158262148499,15.2708043158054,-0.2));
#14215=CARTESIAN_POINT('Ctrl Pts',(56.2830706345155,15.3654287328004,-0.2));
#14216=CARTESIAN_POINT('Ctrl Pts',(56.2180415931415,15.5532848191505,-0.2));
#14217=CARTESIAN_POINT('Ctrl Pts',(56.1753495119465,15.7474361535132,-0.2));
#14218=CARTESIAN_POINT('Ctrl Pts',(56.1541617289186,15.8437921106815,-0.2));
#14219=CARTESIAN_POINT('',(56.3158262148499,15.2708043158054,0.));
#14220=CARTESIAN_POINT('Origin',(56.6452938690782,14.390859156847,0.));
#14221=CARTESIAN_POINT('',(58.5889468634535,9.19973334784421,0.));
#14222=CARTESIAN_POINT('',(56.3158262148499,15.2708043158054,-0.2));
#14223=CARTESIAN_POINT('Origin',(56.3587999716401,16.1589355766773,0.));
#14224=CARTESIAN_POINT('',(57.5109145417809,13.158935457468,-0.2));
#14225=CARTESIAN_POINT('',(57.5109145417809,13.158935457468,0.));
#14226=CARTESIAN_POINT('',(56.3587999716401,16.1589355766773,-0.2));
#14227=CARTESIAN_POINT('',(57.5109145417809,13.158935457468,-0.2));
#14228=CARTESIAN_POINT('',(56.3587999716401,16.1589355766773,0.));
#14229=CARTESIAN_POINT('Origin',(55.9311056509614,16.1589355766773,0.));
#14230=CARTESIAN_POINT('',(55.9311056509614,16.1589355766773,-0.2));
#14231=CARTESIAN_POINT('',(56.3587999716401,16.1589355766773,-0.2));
#14232=CARTESIAN_POINT('',(55.9311056509614,16.1589355766773,0.));
#14233=CARTESIAN_POINT('Origin',(54.7032744064927,13.158935457468,0.));
#14234=CARTESIAN_POINT('',(54.7032744064927,13.158935457468,-0.2));
#14235=CARTESIAN_POINT('',(55.9311056509614,16.1589355766773,-0.2));
#14236=CARTESIAN_POINT('',(54.7032744064927,13.158935457468,0.));
#14237=CARTESIAN_POINT('Origin',(55.1555258408189,13.158935457468,0.));
#14238=CARTESIAN_POINT('',(55.1555258408189,13.158935457468,-0.2));
#14239=CARTESIAN_POINT('',(54.7032744064927,13.158935457468,-0.2));
#14240=CARTESIAN_POINT('',(55.1555258408189,13.158935457468,0.));
#14241=CARTESIAN_POINT('Origin',(55.5054575577378,14.0675301849842,0.));
#14242=CARTESIAN_POINT('',(55.5054575577378,14.0675301849842,-0.2));
#14243=CARTESIAN_POINT('',(55.1555258408189,13.158935457468,-0.2));
#14244=CARTESIAN_POINT('',(55.5054575577378,14.0675301849842,0.));
#14245=CARTESIAN_POINT('Origin',(56.7598915472627,14.0675301849842,0.));
#14246=CARTESIAN_POINT('',(56.7598915472627,14.0675301849842,-0.2));
#14247=CARTESIAN_POINT('',(55.5054575577378,14.0675301849842,-0.2));
#14248=CARTESIAN_POINT('',(56.7598915472627,14.0675301849842,0.));
#14249=CARTESIAN_POINT('Origin',(57.0893592014909,13.158935457468,0.));
#14250=CARTESIAN_POINT('',(57.0893592014909,13.158935457468,-0.2));
#14251=CARTESIAN_POINT('',(56.7598915472627,14.0675301849842,-0.2));
#14252=CARTESIAN_POINT('',(57.0893592014909,13.158935457468,0.));
#14253=CARTESIAN_POINT('Origin',(57.5109145417809,13.158935457468,0.));
#14254=CARTESIAN_POINT('',(57.0893592014909,13.158935457468,-0.2));
#14255=CARTESIAN_POINT('Origin',(50.5000000819564,16.9999997317791,-0.2));
#14256=CARTESIAN_POINT('Origin',(29.0595,-7.77550000000001,0.));
#14257=CARTESIAN_POINT('Origin',(51.3758528605103,16.1589355766773,0.));
#14258=CARTESIAN_POINT('',(51.3758528605103,13.158935457468,-0.2));
#14259=CARTESIAN_POINT('',(51.3758528605103,13.158935457468,0.));
#14260=CARTESIAN_POINT('',(51.3758528605103,16.1589355766773,-0.2));
#14261=CARTESIAN_POINT('',(51.3758528605103,13.158935457468,-0.2));
#14262=CARTESIAN_POINT('',(51.3758528605103,16.1589355766773,0.));
#14263=CARTESIAN_POINT('Origin',(50.9788537397981,16.1589355766773,0.));
#14264=CARTESIAN_POINT('',(50.9788537397981,16.1589355766773,-0.2));
#14265=CARTESIAN_POINT('',(51.3758528605103,16.1589355766773,-0.2));
#14266=CARTESIAN_POINT('',(50.9788537397981,16.1589355766773,0.));
#14267=CARTESIAN_POINT('Origin',(50.9788537397981,14.6712137758732,0.));
#14268=CARTESIAN_POINT('',(50.9788537397981,14.6712137758732,-0.2));
#14269=CARTESIAN_POINT('',(50.9788537397981,16.1589355766773,-0.2));
#14270=CARTESIAN_POINT('',(50.9788537397981,14.6712137758732,0.));
#14271=CARTESIAN_POINT('Origin',(49.4890857115388,16.1589355766773,0.));
#14272=CARTESIAN_POINT('',(49.4890857115388,16.1589355766773,-0.2));
#14273=CARTESIAN_POINT('',(50.9788537397981,14.6712137758732,-0.2));
#14274=CARTESIAN_POINT('',(49.4890857115388,16.1589355766773,0.));
#14275=CARTESIAN_POINT('Origin',(48.9508867636323,16.1589355766773,0.));
#14276=CARTESIAN_POINT('',(48.9508867636323,16.1589355766773,-0.2));
#14277=CARTESIAN_POINT('',(49.4890857115388,16.1589355766773,-0.2));
#14278=CARTESIAN_POINT('',(48.9508867636323,16.1589355766773,0.));
#14279=CARTESIAN_POINT('Origin',(50.209412612021,14.9433828890324,0.));
#14280=CARTESIAN_POINT('',(50.209412612021,14.9433828890324,-0.2));
#14281=CARTESIAN_POINT('',(48.9508867636323,16.1589355766773,-0.2));
#14282=CARTESIAN_POINT('',(50.209412612021,14.9433828890324,0.));
#14283=CARTESIAN_POINT('Origin',(48.8956356421113,13.158935457468,0.));
#14284=CARTESIAN_POINT('',(48.8956356421113,13.158935457468,-0.2));
#14285=CARTESIAN_POINT('',(50.209412612021,14.9433828890324,-0.2));
#14286=CARTESIAN_POINT('',(48.8956356421113,13.158935457468,0.));
#14287=CARTESIAN_POINT('Origin',(49.4195080175996,13.158935457468,0.));
#14288=CARTESIAN_POINT('',(49.4195080175996,13.158935457468,-0.2));
#14289=CARTESIAN_POINT('',(48.8956356421113,13.158935457468,-0.2));
#14290=CARTESIAN_POINT('',(49.4195080175996,13.158935457468,0.));
#14291=CARTESIAN_POINT('Origin',(50.487721003592,14.677353054285,0.));
#14292=CARTESIAN_POINT('',(50.487721003592,14.677353054285,-0.2));
#14293=CARTESIAN_POINT('',(49.4195080175996,13.158935457468,-0.2));
#14294=CARTESIAN_POINT('',(50.487721003592,14.677353054285,0.));
#14295=CARTESIAN_POINT('Origin',(50.9788537397981,14.1984988749027,0.));
#14296=CARTESIAN_POINT('',(50.9788537397981,14.1984988749027,-0.2));
#14297=CARTESIAN_POINT('',(50.487721003592,14.677353054285,-0.2));
#14298=CARTESIAN_POINT('',(50.9788537397981,14.1984988749027,0.));
#14299=CARTESIAN_POINT('Origin',(50.9788537397981,13.158935457468,0.));
#14300=CARTESIAN_POINT('',(50.9788537397981,13.158935457468,-0.2));
#14301=CARTESIAN_POINT('',(50.9788537397981,14.1984988749027,-0.2));
#14302=CARTESIAN_POINT('',(50.9788537397981,13.158935457468,0.));
#14303=CARTESIAN_POINT('Origin',(51.3758528605103,13.158935457468,0.));
#14304=CARTESIAN_POINT('',(50.9788537397981,13.158935457468,-0.2));
#14305=CARTESIAN_POINT('Origin',(50.5000000819564,16.9999997317791,-0.2));
#14306=CARTESIAN_POINT('Origin',(44.5266032591462,14.390859156847,0.));
#14307=CARTESIAN_POINT('',(45.543656386435,14.390859156847,0.));
#14308=CARTESIAN_POINT('',(44.5266032591462,14.390859156847,0.));
#14309=CARTESIAN_POINT('',(36.7930516295731,14.390859156847,0.));
#14310=CARTESIAN_POINT('',(45.543656386435,14.390859156847,-0.2));
#14311=CARTESIAN_POINT('',(45.543656386435,14.390859156847,0.));
#14312=CARTESIAN_POINT('',(44.5266032591462,14.390859156847,-0.2));
#14313=CARTESIAN_POINT('',(45.543656386435,14.390859156847,-0.2));
#14314=CARTESIAN_POINT('',(44.5266032591462,14.390859156847,0.));
#14315=CARTESIAN_POINT('Origin',(44.839699305594,15.2216912806034,0.));
#14316=CARTESIAN_POINT('',(44.839699305594,15.2216912806034,0.));
#14317=CARTESIAN_POINT('',(40.0641836686064,2.54937604786425,0.));
#14318=CARTESIAN_POINT('',(44.839699305594,15.2216912806034,-0.2));
#14319=CARTESIAN_POINT('',(44.5266032591462,14.390859156847,-0.2));
#14320=CARTESIAN_POINT('',(44.839699305594,15.2216912806034,0.));
#14321=CARTESIAN_POINT('Ctrl Pts',(45.052523650229,15.8437921106815,0.));
#14322=CARTESIAN_POINT('Ctrl Pts',(45.052523650229,15.8437921106815,-0.2));
#14323=CARTESIAN_POINT('Ctrl Pts',(45.0240050700239,15.7510874586605,0.));
#14324=CARTESIAN_POINT('Ctrl Pts',(45.0240050700239,15.7510874586605,-0.2));
#14325=CARTESIAN_POINT('Ctrl Pts',(44.9595369816625,15.5415226186498,0.));
#14326=CARTESIAN_POINT('Ctrl Pts',(44.9595369816625,15.5415226186498,-0.2));
#14327=CARTESIAN_POINT('Ctrl Pts',(44.8826012038932,15.3361909270246,0.));
#14328=CARTESIAN_POINT('Ctrl Pts',(44.8826012038932,15.3361909270246,-0.2));
#14329=CARTESIAN_POINT('Ctrl Pts',(44.839699305594,15.2216912806034,0.));
#14330=CARTESIAN_POINT('Ctrl Pts',(44.839699305594,15.2216912806034,-0.2));
#14331=CARTESIAN_POINT('',(45.052523650229,15.8437921106815,0.));
#14332=CARTESIAN_POINT('Ctrl Pts',(44.839699305594,15.2216912806034,0.));
#14333=CARTESIAN_POINT('Ctrl Pts',(44.8826012038932,15.3361909270246,0.));
#14334=CARTESIAN_POINT('Ctrl Pts',(44.9595369816625,15.5415226186498,0.));
#14335=CARTESIAN_POINT('Ctrl Pts',(45.0240050700239,15.7510874586605,0.));
#14336=CARTESIAN_POINT('Ctrl Pts',(45.052523650229,15.8437921106815,0.));
#14337=CARTESIAN_POINT('',(45.052523650229,15.8437921106815,-0.2));
#14338=CARTESIAN_POINT('Ctrl Pts',(45.052523650229,15.8437921106815,-0.2));
#14339=CARTESIAN_POINT('Ctrl Pts',(45.0240050700239,15.7510874586605,-0.2));
#14340=CARTESIAN_POINT('Ctrl Pts',(44.9595369816625,15.5415226186498,-0.2));
#14341=CARTESIAN_POINT('Ctrl Pts',(44.8826012038932,15.3361909270246,-0.2));
#14342=CARTESIAN_POINT('Ctrl Pts',(44.839699305594,15.2216912806034,-0.2));
#14343=CARTESIAN_POINT('',(45.052523650229,15.8437921106815,0.));
#14344=CARTESIAN_POINT('Ctrl Pts',(45.2141881361604,15.2708043158054,0.));
#14345=CARTESIAN_POINT('Ctrl Pts',(45.2141881361604,15.2708043158054,-0.2));
#14346=CARTESIAN_POINT('Ctrl Pts',(45.1814325558259,15.3654287328004,0.));
#14347=CARTESIAN_POINT('Ctrl Pts',(45.1814325558259,15.3654287328004,-0.2));
#14348=CARTESIAN_POINT('Ctrl Pts',(45.116403514452,15.5532848191505,0.));
#14349=CARTESIAN_POINT('Ctrl Pts',(45.116403514452,15.5532848191505,-0.2));
#14350=CARTESIAN_POINT('Ctrl Pts',(45.0737114332569,15.7474361535132,0.));
#14351=CARTESIAN_POINT('Ctrl Pts',(45.0737114332569,15.7474361535132,-0.2));
#14352=CARTESIAN_POINT('Ctrl Pts',(45.052523650229,15.8437921106815,0.));
#14353=CARTESIAN_POINT('Ctrl Pts',(45.052523650229,15.8437921106815,-0.2));
#14354=CARTESIAN_POINT('',(45.2141881361604,15.2708043158054,0.));
#14355=CARTESIAN_POINT('Ctrl Pts',(45.052523650229,15.8437921106815,0.));
#14356=CARTESIAN_POINT('Ctrl Pts',(45.0737114332569,15.7474361535132,0.));
#14357=CARTESIAN_POINT('Ctrl Pts',(45.116403514452,15.5532848191505,0.));
#14358=CARTESIAN_POINT('Ctrl Pts',(45.1814325558259,15.3654287328004,0.));
#14359=CARTESIAN_POINT('Ctrl Pts',(45.2141881361604,15.2708043158054,0.));
#14360=CARTESIAN_POINT('',(45.2141881361604,15.2708043158054,-0.2));
#14361=CARTESIAN_POINT('Ctrl Pts',(45.2141881361604,15.2708043158054,-0.2));
#14362=CARTESIAN_POINT('Ctrl Pts',(45.1814325558259,15.3654287328004,-0.2));
#14363=CARTESIAN_POINT('Ctrl Pts',(45.116403514452,15.5532848191505,-0.2));
#14364=CARTESIAN_POINT('Ctrl Pts',(45.0737114332569,15.7474361535132,-0.2));
#14365=CARTESIAN_POINT('Ctrl Pts',(45.052523650229,15.8437921106815,-0.2));
#14366=CARTESIAN_POINT('',(45.2141881361604,15.2708043158054,0.));
#14367=CARTESIAN_POINT('Origin',(45.543656386435,14.390859156847,0.));
#14368=CARTESIAN_POINT('',(48.1697983177386,7.37694847725374,0.));
#14369=CARTESIAN_POINT('',(45.2141881361604,15.2708043158054,-0.2));
#14370=CARTESIAN_POINT('Origin',(45.2571630850434,16.1589355766773,0.));
#14371=CARTESIAN_POINT('',(46.4092779532075,13.158935457468,-0.2));
#14372=CARTESIAN_POINT('',(46.4092779532075,13.158935457468,0.));
#14373=CARTESIAN_POINT('',(45.2571630850434,16.1589355766773,-0.2));
#14374=CARTESIAN_POINT('',(46.4092779532075,13.158935457468,-0.2));
#14375=CARTESIAN_POINT('',(45.2571630850434,16.1589355766773,0.));
#14376=CARTESIAN_POINT('Origin',(44.8294687643647,16.1589355766773,0.));
#14377=CARTESIAN_POINT('',(44.8294687643647,16.1589355766773,-0.2));
#14378=CARTESIAN_POINT('',(45.2571630850434,16.1589355766773,-0.2));
#14379=CARTESIAN_POINT('',(44.8294687643647,16.1589355766773,0.));
#14380=CARTESIAN_POINT('Origin',(43.6016369238496,13.158935457468,0.));
#14381=CARTESIAN_POINT('',(43.6016369238496,13.158935457468,-0.2));
#14382=CARTESIAN_POINT('',(44.8294687643647,16.1589355766773,-0.2));
#14383=CARTESIAN_POINT('',(43.6016369238496,13.158935457468,0.));
#14384=CARTESIAN_POINT('Origin',(44.0538883581758,13.158935457468,0.));
#14385=CARTESIAN_POINT('',(44.0538883581758,13.158935457468,-0.2));
#14386=CARTESIAN_POINT('',(43.6016369238496,13.158935457468,-0.2));
#14387=CARTESIAN_POINT('',(44.0538883581758,13.158935457468,0.));
#14388=CARTESIAN_POINT('Origin',(44.4038200750947,14.0675301849842,0.));
#14389=CARTESIAN_POINT('',(44.4038200750947,14.0675301849842,-0.2));
#14390=CARTESIAN_POINT('',(44.0538883581758,13.158935457468,-0.2));
#14391=CARTESIAN_POINT('',(44.4038200750947,14.0675301849842,0.));
#14392=CARTESIAN_POINT('Origin',(45.658254660666,14.0675301849842,0.));
#14393=CARTESIAN_POINT('',(45.658254660666,14.0675301849842,-0.2));
#14394=CARTESIAN_POINT('',(44.4038200750947,14.0675301849842,-0.2));
#14395=CARTESIAN_POINT('',(45.658254660666,14.0675301849842,0.));
#14396=CARTESIAN_POINT('Origin',(45.9877229109406,13.158935457468,0.));
#14397=CARTESIAN_POINT('',(45.9877229109406,13.158935457468,-0.2));
#14398=CARTESIAN_POINT('',(45.658254660666,14.0675301849842,-0.2));
#14399=CARTESIAN_POINT('',(45.9877229109406,13.158935457468,0.));
#14400=CARTESIAN_POINT('Origin',(46.4092779532075,13.158935457468,0.));
#14401=CARTESIAN_POINT('',(45.9877229109406,13.158935457468,-0.2));
#14402=CARTESIAN_POINT('Origin',(50.5000000819564,16.9999997317791,-0.2));
#14403=CARTESIAN_POINT('Origin',(29.0595,-7.77550000000001,0.));
#14404=CARTESIAN_POINT('Origin',(47.3915410414338,14.7326053678989,0.));
#14405=CARTESIAN_POINT('',(48.1671214476228,14.7326053678989,0.));
#14406=CARTESIAN_POINT('',(47.3915410414338,14.7326053678989,0.));
#14407=CARTESIAN_POINT('',(38.2255205207169,14.7326053678989,0.));
#14408=CARTESIAN_POINT('',(48.1671214476228,14.7326053678989,-0.2));
#14409=CARTESIAN_POINT('',(48.1671214476228,14.7326053678989,0.));
#14410=CARTESIAN_POINT('',(47.3915410414338,14.7326053678989,-0.2));
#14411=CARTESIAN_POINT('',(48.1671214476228,14.7326053678989,-0.2));
#14412=CARTESIAN_POINT('',(47.3915410414338,14.7326053678989,0.));
#14413=CARTESIAN_POINT('Ctrl Pts',(46.8451571837068,14.8758520185947,0.));
#14414=CARTESIAN_POINT('Ctrl Pts',(46.8451571837068,14.8758520185947,-0.2));
#14415=CARTESIAN_POINT('Ctrl Pts',(46.9159647499605,14.8343174290323,0.));
#14416=CARTESIAN_POINT('Ctrl Pts',(46.9159647499605,14.8343174290323,-0.2));
#14417=CARTESIAN_POINT('Ctrl Pts',(47.0833824900756,14.7361128516255,0.));
#14418=CARTESIAN_POINT('Ctrl Pts',(47.0833824900756,14.7361128516255,-0.2));
#14419=CARTESIAN_POINT('Ctrl Pts',(47.278783072872,14.7338887875478,0.));
#14420=CARTESIAN_POINT('Ctrl Pts',(47.278783072872,14.7338887875478,-0.2));
#14421=CARTESIAN_POINT('Ctrl Pts',(47.3915410414338,14.7326053678989,0.));
#14422=CARTESIAN_POINT('Ctrl Pts',(47.3915410414338,14.7326053678989,-0.2));
#14423=CARTESIAN_POINT('',(46.8451571837068,14.8758520185947,0.));
#14424=CARTESIAN_POINT('Ctrl Pts',(47.3915410414338,14.7326053678989,0.));
#14425=CARTESIAN_POINT('Ctrl Pts',(47.278783072872,14.7338887875478,0.));
#14426=CARTESIAN_POINT('Ctrl Pts',(47.0833824900756,14.7361128516255,0.));
#14427=CARTESIAN_POINT('Ctrl Pts',(46.9159647499605,14.8343174290323,0.));
#14428=CARTESIAN_POINT('Ctrl Pts',(46.8451571837068,14.8758520185947,0.));
#14429=CARTESIAN_POINT('',(46.8451571837068,14.8758520185947,-0.2));
#14430=CARTESIAN_POINT('Ctrl Pts',(46.8451571837068,14.8758520185947,-0.2));
#14431=CARTESIAN_POINT('Ctrl Pts',(46.9159647499605,14.8343174290323,-0.2));
#14432=CARTESIAN_POINT('Ctrl Pts',(47.0833824900756,14.7361128516255,-0.2));
#14433=CARTESIAN_POINT('Ctrl Pts',(47.278783072872,14.7338887875478,-0.2));
#14434=CARTESIAN_POINT('Ctrl Pts',(47.3915410414338,14.7326053678989,-0.2));
#14435=CARTESIAN_POINT('',(46.8451571837068,14.8758520185947,0.));
#14436=CARTESIAN_POINT('Ctrl Pts',(46.6834926977754,15.2789904177189,0.));
#14437=CARTESIAN_POINT('Ctrl Pts',(46.6834926977754,15.2789904177189,-0.2));
#14438=CARTESIAN_POINT('Ctrl Pts',(46.6886894488384,15.1986482755155,0.));
#14439=CARTESIAN_POINT('Ctrl Pts',(46.6886894488384,15.1986482755155,-0.2));
#14440=CARTESIAN_POINT('Ctrl Pts',(46.6985622973766,15.0460133327244,0.));
#14441=CARTESIAN_POINT('Ctrl Pts',(46.6985622973766,15.0460133327244,-0.2));
#14442=CARTESIAN_POINT('Ctrl Pts',(46.7980409199438,14.9305426395263,0.));
#14443=CARTESIAN_POINT('Ctrl Pts',(46.7980409199438,14.9305426395263,-0.2));
#14444=CARTESIAN_POINT('Ctrl Pts',(46.8451571837068,14.8758520185947,0.));
#14445=CARTESIAN_POINT('Ctrl Pts',(46.8451571837068,14.8758520185947,-0.2));
#14446=CARTESIAN_POINT('',(46.6834926977754,15.2789904177189,0.));
#14447=CARTESIAN_POINT('Ctrl Pts',(46.8451571837068,14.8758520185947,0.));
#14448=CARTESIAN_POINT('Ctrl Pts',(46.7980409199438,14.9305426395263,0.));
#14449=CARTESIAN_POINT('Ctrl Pts',(46.6985622973766,15.0460133327244,0.));
#14450=CARTESIAN_POINT('Ctrl Pts',(46.6886894488384,15.1986482755155,0.));
#14451=CARTESIAN_POINT('Ctrl Pts',(46.6834926977754,15.2789904177189,0.));
#14452=CARTESIAN_POINT('',(46.6834926977754,15.2789904177189,-0.2));
#14453=CARTESIAN_POINT('Ctrl Pts',(46.6834926977754,15.2789904177189,-0.2));
#14454=CARTESIAN_POINT('Ctrl Pts',(46.6886894488384,15.1986482755155,-0.2));
#14455=CARTESIAN_POINT('Ctrl Pts',(46.6985622973766,15.0460133327244,-0.2));
#14456=CARTESIAN_POINT('Ctrl Pts',(46.7980409199438,14.9305426395263,-0.2));
#14457=CARTESIAN_POINT('Ctrl Pts',(46.8451571837068,14.8758520185947,-0.2));
#14458=CARTESIAN_POINT('',(46.6834926977754,15.2789904177189,0.));
#14459=CARTESIAN_POINT('Ctrl Pts',(46.7786503210664,15.6012953817844,0.));
#14460=CARTESIAN_POINT('Ctrl Pts',(46.7786503210664,15.6012953817844,-0.2));
#14461=CARTESIAN_POINT('Ctrl Pts',(46.7509061382502,15.553289410437,0.));
#14462=CARTESIAN_POINT('Ctrl Pts',(46.7509061382502,15.553289410437,-0.2));
#14463=CARTESIAN_POINT('Ctrl Pts',(46.6933231936587,15.4536532017773,0.));
#14464=CARTESIAN_POINT('Ctrl Pts',(46.6933231936587,15.4536532017773,-0.2));
#14465=CARTESIAN_POINT('Ctrl Pts',(46.6868480409388,15.3386062891212,0.));
#14466=CARTESIAN_POINT('Ctrl Pts',(46.6868480409388,15.3386062891212,-0.2));
#14467=CARTESIAN_POINT('Ctrl Pts',(46.6834926977754,15.2789904177189,0.));
#14468=CARTESIAN_POINT('Ctrl Pts',(46.6834926977754,15.2789904177189,-0.2));
#14469=CARTESIAN_POINT('',(46.7786503210664,15.6012953817844,0.));
#14470=CARTESIAN_POINT('Ctrl Pts',(46.6834926977754,15.2789904177189,0.));
#14471=CARTESIAN_POINT('Ctrl Pts',(46.6868480409388,15.3386062891212,0.));
#14472=CARTESIAN_POINT('Ctrl Pts',(46.6933231936587,15.4536532017773,0.));
#14473=CARTESIAN_POINT('Ctrl Pts',(46.7509061382502,15.553289410437,0.));
#14474=CARTESIAN_POINT('Ctrl Pts',(46.7786503210664,15.6012953817844,0.));
#14475=CARTESIAN_POINT('',(46.7786503210664,15.6012953817844,-0.2));
#14476=CARTESIAN_POINT('Ctrl Pts',(46.7786503210664,15.6012953817844,-0.2));
#14477=CARTESIAN_POINT('Ctrl Pts',(46.7509061382502,15.553289410437,-0.2));
#14478=CARTESIAN_POINT('Ctrl Pts',(46.6933231936587,15.4536532017773,-0.2));
#14479=CARTESIAN_POINT('Ctrl Pts',(46.6868480409388,15.3386062891212,-0.2));
#14480=CARTESIAN_POINT('Ctrl Pts',(46.6834926977754,15.2789904177189,-0.2));
#14481=CARTESIAN_POINT('',(46.7786503210664,15.6012953817844,0.));
#14482=CARTESIAN_POINT('Ctrl Pts',(47.0293307676911,15.7783080637455,0.));
#14483=CARTESIAN_POINT('Ctrl Pts',(47.0293307676911,15.7783080637455,-0.2));
#14484=CARTESIAN_POINT('Ctrl Pts',(46.9799251707075,15.7600764813002,0.));
#14485=CARTESIAN_POINT('Ctrl Pts',(46.9799251707075,15.7600764813002,-0.2));
#14486=CARTESIAN_POINT('Ctrl Pts',(46.8806097602009,15.7234272511464,0.));
#14487=CARTESIAN_POINT('Ctrl Pts',(46.8806097602009,15.7234272511464,-0.2));
#14488=CARTESIAN_POINT('Ctrl Pts',(46.8127516375643,15.642143561874,0.));
#14489=CARTESIAN_POINT('Ctrl Pts',(46.8127516375643,15.642143561874,-0.2));
#14490=CARTESIAN_POINT('Ctrl Pts',(46.7786503210664,15.6012953817844,0.));
#14491=CARTESIAN_POINT('Ctrl Pts',(46.7786503210664,15.6012953817844,-0.2));
#14492=CARTESIAN_POINT('',(47.0293307676911,15.7783080637455,0.));
#14493=CARTESIAN_POINT('Ctrl Pts',(46.7786503210664,15.6012953817844,0.));
#14494=CARTESIAN_POINT('Ctrl Pts',(46.8127516375643,15.642143561874,0.));
#14495=CARTESIAN_POINT('Ctrl Pts',(46.8806097602009,15.7234272511464,0.));
#14496=CARTESIAN_POINT('Ctrl Pts',(46.9799251707075,15.7600764813002,0.));
#14497=CARTESIAN_POINT('Ctrl Pts',(47.0293307676911,15.7783080637455,0.));
#14498=CARTESIAN_POINT('',(47.0293307676911,15.7783080637455,-0.2));
#14499=CARTESIAN_POINT('Ctrl Pts',(47.0293307676911,15.7783080637455,-0.2));
#14500=CARTESIAN_POINT('Ctrl Pts',(46.9799251707075,15.7600764813002,-0.2));
#14501=CARTESIAN_POINT('Ctrl Pts',(46.8806097602009,15.7234272511464,-0.2));
#14502=CARTESIAN_POINT('Ctrl Pts',(46.8127516375643,15.642143561874,-0.2));
#14503=CARTESIAN_POINT('Ctrl Pts',(46.7786503210664,15.6012953817844,-0.2));
#14504=CARTESIAN_POINT('',(47.0293307676911,15.7783080637455,0.));
#14505=CARTESIAN_POINT('Ctrl Pts',(47.3997259512544,15.8049108088017,0.));
#14506=CARTESIAN_POINT('Ctrl Pts',(47.3997259512544,15.8049108088017,-0.2));
#14507=CARTESIAN_POINT('Ctrl Pts',(47.3236257677647,15.8052334206886,0.));
#14508=CARTESIAN_POINT('Ctrl Pts',(47.3236257677647,15.8052334206886,-0.2));
#14509=CARTESIAN_POINT('Ctrl Pts',(47.1993693054985,15.805760181728,0.));
#14510=CARTESIAN_POINT('Ctrl Pts',(47.1993693054985,15.805760181728,-0.2));
#14511=CARTESIAN_POINT('Ctrl Pts',(47.0768239122226,15.7859756632429,0.));
#14512=CARTESIAN_POINT('Ctrl Pts',(47.0768239122226,15.7859756632429,-0.2));
#14513=CARTESIAN_POINT('Ctrl Pts',(47.0293307676911,15.7783080637455,0.));
#14514=CARTESIAN_POINT('Ctrl Pts',(47.0293307676911,15.7783080637455,-0.2));
#14515=CARTESIAN_POINT('',(47.3997259512544,15.8049108088017,0.));
#14516=CARTESIAN_POINT('Ctrl Pts',(47.0293307676911,15.7783080637455,0.));
#14517=CARTESIAN_POINT('Ctrl Pts',(47.0768239122226,15.7859756632429,0.));
#14518=CARTESIAN_POINT('Ctrl Pts',(47.1993693054985,15.805760181728,0.));
#14519=CARTESIAN_POINT('Ctrl Pts',(47.3236257677647,15.8052334206886,0.));
#14520=CARTESIAN_POINT('Ctrl Pts',(47.3997259512544,15.8049108088017,0.));
#14521=CARTESIAN_POINT('',(47.3997259512544,15.8049108088017,-0.2));
#14522=CARTESIAN_POINT('Ctrl Pts',(47.3997259512544,15.8049108088017,-0.2));
#14523=CARTESIAN_POINT('Ctrl Pts',(47.3236257677647,15.8052334206886,-0.2));
#14524=CARTESIAN_POINT('Ctrl Pts',(47.1993693054985,15.805760181728,-0.2));
#14525=CARTESIAN_POINT('Ctrl Pts',(47.0768239122226,15.7859756632429,-0.2));
#14526=CARTESIAN_POINT('Ctrl Pts',(47.0293307676911,15.7783080637455,-0.2));
#14527=CARTESIAN_POINT('',(47.3997259512544,15.8049108088017,0.));
#14528=CARTESIAN_POINT('Origin',(48.1671214476228,15.8049108088017,0.));
#14529=CARTESIAN_POINT('',(48.1671214476228,15.8049108088017,0.));
#14530=CARTESIAN_POINT('',(38.6133107238114,15.8049108088017,0.));
#14531=CARTESIAN_POINT('',(48.1671214476228,15.8049108088017,-0.2));
#14532=CARTESIAN_POINT('',(47.3997259512544,15.8049108088017,-0.2));
#14533=CARTESIAN_POINT('',(48.1671214476228,15.8049108088017,0.));
#14534=CARTESIAN_POINT('Origin',(48.1671214476228,14.7326053678989,0.));
#14535=CARTESIAN_POINT('',(48.1671214476228,3.47855268394947,0.));
#14536=CARTESIAN_POINT('',(48.1671214476228,15.8049108088017,-0.2));
#14537=CARTESIAN_POINT('Origin',(48.5641193762422,16.1589355766773,0.));
#14538=CARTESIAN_POINT('',(48.5641193762422,13.158935457468,-0.2));
#14539=CARTESIAN_POINT('',(48.5641193762422,13.158935457468,0.));
#14540=CARTESIAN_POINT('',(48.5641193762422,16.1589355766773,-0.2));
#14541=CARTESIAN_POINT('',(48.5641193762422,13.158935457468,-0.2));
#14542=CARTESIAN_POINT('',(48.5641193762422,16.1589355766773,0.));
#14543=CARTESIAN_POINT('Origin',(47.4324679747224,16.1589355766773,0.));
#14544=CARTESIAN_POINT('',(47.4324679747224,16.1589355766773,-0.2));
#14545=CARTESIAN_POINT('',(48.5641193762422,16.1589355766773,-0.2));
#14546=CARTESIAN_POINT('',(47.4324679747224,16.1589355766773,0.));
#14547=CARTESIAN_POINT('Ctrl Pts',(46.9761252775788,16.1302860081196,0.));
#14548=CARTESIAN_POINT('Ctrl Pts',(46.9761252775788,16.1302860081196,-0.2));
#14549=CARTESIAN_POINT('Ctrl Pts',(47.0403363717363,16.1385944578433,0.));
#14550=CARTESIAN_POINT('Ctrl Pts',(47.0403363717363,16.1385944578433,-0.2));
#14551=CARTESIAN_POINT('Ctrl Pts',(47.191755908866,16.1581870473786,0.));
#14552=CARTESIAN_POINT('Ctrl Pts',(47.191755908866,16.1581870473786,-0.2));
#14553=CARTESIAN_POINT('Ctrl Pts',(47.3444978864745,16.1586620208494,0.));
#14554=CARTESIAN_POINT('Ctrl Pts',(47.3444978864745,16.1586620208494,-0.2));
#14555=CARTESIAN_POINT('Ctrl Pts',(47.4324679747224,16.1589355766773,0.));
#14556=CARTESIAN_POINT('Ctrl Pts',(47.4324679747224,16.1589355766773,-0.2));
#14557=CARTESIAN_POINT('',(46.9761252775788,16.1302860081196,-0.2));
#14558=CARTESIAN_POINT('Ctrl Pts',(46.9761252775788,16.1302860081196,-0.2));
#14559=CARTESIAN_POINT('Ctrl Pts',(47.0403363717363,16.1385944578433,-0.2));
#14560=CARTESIAN_POINT('Ctrl Pts',(47.191755908866,16.1581870473786,-0.2));
#14561=CARTESIAN_POINT('Ctrl Pts',(47.3444978864745,16.1586620208494,-0.2));
#14562=CARTESIAN_POINT('Ctrl Pts',(47.4324679747224,16.1589355766773,-0.2));
#14563=CARTESIAN_POINT('',(46.9761252775788,16.1302860081196,0.));
#14564=CARTESIAN_POINT('Ctrl Pts',(46.6057300940156,15.9901084005833,0.));
#14565=CARTESIAN_POINT('Ctrl Pts',(46.6057300940156,15.9901084005833,-0.2));
#14566=CARTESIAN_POINT('Ctrl Pts',(46.6603169124423,16.0220678800145,0.));
#14567=CARTESIAN_POINT('Ctrl Pts',(46.6603169124423,16.0220678800145,-0.2));
#14568=CARTESIAN_POINT('Ctrl Pts',(46.7757456233763,16.0896490583866,0.));
#14569=CARTESIAN_POINT('Ctrl Pts',(46.7757456233763,16.0896490583866,-0.2));
#14570=CARTESIAN_POINT('Ctrl Pts',(46.9069618598357,16.1162596822365,0.));
#14571=CARTESIAN_POINT('Ctrl Pts',(46.9069618598357,16.1162596822365,-0.2));
#14572=CARTESIAN_POINT('Ctrl Pts',(46.9761252775788,16.1302860081196,0.));
#14573=CARTESIAN_POINT('Ctrl Pts',(46.9761252775788,16.1302860081196,-0.2));
#14574=CARTESIAN_POINT('',(46.6057300940156,15.9901084005833,-0.2));
#14575=CARTESIAN_POINT('Ctrl Pts',(46.6057300940156,15.9901084005833,-0.2));
#14576=CARTESIAN_POINT('Ctrl Pts',(46.6603169124423,16.0220678800145,-0.2));
#14577=CARTESIAN_POINT('Ctrl Pts',(46.7757456233763,16.0896490583866,-0.2));
#14578=CARTESIAN_POINT('Ctrl Pts',(46.9069618598357,16.1162596822365,-0.2));
#14579=CARTESIAN_POINT('Ctrl Pts',(46.9761252775788,16.1302860081196,-0.2));
#14580=CARTESIAN_POINT('',(46.6057300940156,15.9901084005833,0.));
#14581=CARTESIAN_POINT('Ctrl Pts',(46.3652801886201,15.7005454599857,0.));
#14582=CARTESIAN_POINT('Ctrl Pts',(46.3652801886201,15.7005454599857,-0.2));
#14583=CARTESIAN_POINT('Ctrl Pts',(46.3971476853276,15.7585178251948,0.));
#14584=CARTESIAN_POINT('Ctrl Pts',(46.3971476853276,15.7585178251948,-0.2));
#14585=CARTESIAN_POINT('Ctrl Pts',(46.4587497765897,15.8705824459292,0.));
#14586=CARTESIAN_POINT('Ctrl Pts',(46.4587497765897,15.8705824459292,-0.2));
#14587=CARTESIAN_POINT('Ctrl Pts',(46.5578807538837,15.9511968091608,0.));
#14588=CARTESIAN_POINT('Ctrl Pts',(46.5578807538837,15.9511968091608,-0.2));
#14589=CARTESIAN_POINT('Ctrl Pts',(46.6057300940156,15.9901084005833,0.));
#14590=CARTESIAN_POINT('Ctrl Pts',(46.6057300940156,15.9901084005833,-0.2));
#14591=CARTESIAN_POINT('',(46.3652801886201,15.7005454599857,-0.2));
#14592=CARTESIAN_POINT('Ctrl Pts',(46.3652801886201,15.7005454599857,-0.2));
#14593=CARTESIAN_POINT('Ctrl Pts',(46.3971476853276,15.7585178251948,-0.2));
#14594=CARTESIAN_POINT('Ctrl Pts',(46.4587497765897,15.8705824459292,-0.2));
#14595=CARTESIAN_POINT('Ctrl Pts',(46.5578807538837,15.9511968091608,-0.2));
#14596=CARTESIAN_POINT('Ctrl Pts',(46.6057300940156,15.9901084005833,-0.2));
#14597=CARTESIAN_POINT('',(46.3652801886201,15.7005454599857,0.));
#14598=CARTESIAN_POINT('Ctrl Pts',(46.2742162123322,15.2912683784962,0.));
#14599=CARTESIAN_POINT('Ctrl Pts',(46.2742162123322,15.2912683784962,-0.2));
#14600=CARTESIAN_POINT('Ctrl Pts',(46.2777134929726,15.3634705942214,0.));
#14601=CARTESIAN_POINT('Ctrl Pts',(46.2777134929726,15.3634705942214,-0.2));
#14602=CARTESIAN_POINT('Ctrl Pts',(46.2845773812497,15.5051772494927,0.));
#14603=CARTESIAN_POINT('Ctrl Pts',(46.2845773812497,15.5051772494927,-0.2));
#14604=CARTESIAN_POINT('Ctrl Pts',(46.3387228555362,15.6362545287391,0.));
#14605=CARTESIAN_POINT('Ctrl Pts',(46.3387228555362,15.6362545287391,-0.2));
#14606=CARTESIAN_POINT('Ctrl Pts',(46.3652801886201,15.7005454599857,0.));
#14607=CARTESIAN_POINT('Ctrl Pts',(46.3652801886201,15.7005454599857,-0.2));
#14608=CARTESIAN_POINT('',(46.2742162123322,15.2912683784962,-0.2));
#14609=CARTESIAN_POINT('Ctrl Pts',(46.2742162123322,15.2912683784962,-0.2));
#14610=CARTESIAN_POINT('Ctrl Pts',(46.2777134929726,15.3634705942214,-0.2));
#14611=CARTESIAN_POINT('Ctrl Pts',(46.2845773812497,15.5051772494927,-0.2));
#14612=CARTESIAN_POINT('Ctrl Pts',(46.3387228555362,15.6362545287391,-0.2));
#14613=CARTESIAN_POINT('Ctrl Pts',(46.3652801886201,15.7005454599857,-0.2));
#14614=CARTESIAN_POINT('',(46.2742162123322,15.2912683784962,0.));
#14615=CARTESIAN_POINT('Ctrl Pts',(46.5177345648408,14.6435876190662,0.));
#14616=CARTESIAN_POINT('Ctrl Pts',(46.5177345648408,14.6435876190662,-0.2));
#14617=CARTESIAN_POINT('Ctrl Pts',(46.4467144496438,14.7378777025816,0.));
#14618=CARTESIAN_POINT('Ctrl Pts',(46.4467144496438,14.7378777025816,-0.2));
#14619=CARTESIAN_POINT('Ctrl Pts',(46.3022156895106,14.9297219444984,0.));
#14620=CARTESIAN_POINT('Ctrl Pts',(46.3022156895106,14.9297219444984,-0.2));
#14621=CARTESIAN_POINT('Ctrl Pts',(46.2836546384908,15.1693936271053,0.));
#14622=CARTESIAN_POINT('Ctrl Pts',(46.2836546384908,15.1693936271053,-0.2));
#14623=CARTESIAN_POINT('Ctrl Pts',(46.2742162123322,15.2912683784962,0.));
#14624=CARTESIAN_POINT('Ctrl Pts',(46.2742162123322,15.2912683784962,-0.2));
#14625=CARTESIAN_POINT('',(46.5177345648408,14.6435876190662,-0.2));
#14626=CARTESIAN_POINT('Ctrl Pts',(46.5177345648408,14.6435876190662,-0.2));
#14627=CARTESIAN_POINT('Ctrl Pts',(46.4467144496438,14.7378777025816,-0.2));
#14628=CARTESIAN_POINT('Ctrl Pts',(46.3022156895106,14.9297219444984,-0.2));
#14629=CARTESIAN_POINT('Ctrl Pts',(46.2836546384908,15.1693936271053,-0.2));
#14630=CARTESIAN_POINT('Ctrl Pts',(46.2742162123322,15.2912683784962,-0.2));
#14631=CARTESIAN_POINT('',(46.5177345648408,14.6435876190662,0.));
#14632=CARTESIAN_POINT('Ctrl Pts',(47.3976803198457,14.3785806000233,0.));
#14633=CARTESIAN_POINT('Ctrl Pts',(47.3976803198457,14.3785806000233,-0.2));
#14634=CARTESIAN_POINT('Ctrl Pts',(47.2115863788273,14.3807725139936,0.));
#14635=CARTESIAN_POINT('Ctrl Pts',(47.2115863788273,14.3807725139936,-0.2));
#14636=CARTESIAN_POINT('Ctrl Pts',(46.8898188042462,14.3845624645855,0.));
#14637=CARTESIAN_POINT('Ctrl Pts',(46.8898188042462,14.3845624645855,-0.2));
#14638=CARTESIAN_POINT('Ctrl Pts',(46.628091961273,14.5667626997828,0.));
#14639=CARTESIAN_POINT('Ctrl Pts',(46.628091961273,14.5667626997828,-0.2));
#14640=CARTESIAN_POINT('Ctrl Pts',(46.5177345648408,14.6435876190662,0.));
#14641=CARTESIAN_POINT('Ctrl Pts',(46.5177345648408,14.6435876190662,-0.2));
#14642=CARTESIAN_POINT('',(47.3976803198457,14.3785806000233,-0.2));
#14643=CARTESIAN_POINT('Ctrl Pts',(47.3976803198457,14.3785806000233,-0.2));
#14644=CARTESIAN_POINT('Ctrl Pts',(47.2115863788273,14.3807725139936,-0.2));
#14645=CARTESIAN_POINT('Ctrl Pts',(46.8898188042462,14.3845624645855,-0.2));
#14646=CARTESIAN_POINT('Ctrl Pts',(46.628091961273,14.5667626997828,-0.2));
#14647=CARTESIAN_POINT('Ctrl Pts',(46.5177345648408,14.6435876190662,-0.2));
#14648=CARTESIAN_POINT('',(47.3976803198457,14.3785806000233,0.));
#14649=CARTESIAN_POINT('Origin',(48.1671214476228,14.3785806000233,0.));
#14650=CARTESIAN_POINT('',(48.1671214476228,14.3785806000233,-0.2));
#14651=CARTESIAN_POINT('',(47.3976803198457,14.3785806000233,-0.2));
#14652=CARTESIAN_POINT('',(48.1671214476228,14.3785806000233,0.));
#14653=CARTESIAN_POINT('Origin',(48.1671214476228,13.158935457468,0.));
#14654=CARTESIAN_POINT('',(48.1671214476228,13.158935457468,-0.2));
#14655=CARTESIAN_POINT('',(48.1671214476228,14.3785806000233,-0.2));
#14656=CARTESIAN_POINT('',(48.1671214476228,13.158935457468,0.));
#14657=CARTESIAN_POINT('Origin',(48.5641193762422,13.158935457468,0.));
#14658=CARTESIAN_POINT('',(48.1671214476228,13.158935457468,-0.2));
#14659=CARTESIAN_POINT('Origin',(50.5000000819564,16.9999997317791,-0.2));
#14660=CARTESIAN_POINT('Origin',(29.0595,-7.77550000000001,0.));
#14661=CARTESIAN_POINT('Origin',(51.8485677614808,14.1105045378208,0.));
#14662=CARTESIAN_POINT('',(52.2455668821931,14.2107774317265,-0.2));
#14663=CARTESIAN_POINT('',(52.2455668821931,14.2107774317265,0.));
#14664=CARTESIAN_POINT('',(51.8485677614808,14.1105045378208,-0.2));
#14665=CARTESIAN_POINT('',(52.2455668821931,14.2107774317265,-0.2));
#14666=CARTESIAN_POINT('',(51.8485677614808,14.1105045378208,0.));
#14667=CARTESIAN_POINT('Ctrl Pts',(52.297749556601,13.3645971119404,0.));
#14668=CARTESIAN_POINT('Ctrl Pts',(52.297749556601,13.3645971119404,-0.2));
#14669=CARTESIAN_POINT('Ctrl Pts',(52.1969881594629,13.4638628499978,0.));
#14670=CARTESIAN_POINT('Ctrl Pts',(52.1969881594629,13.4638628499978,-0.2));
#14671=CARTESIAN_POINT('Ctrl Pts',(51.9840405690008,13.6736495375105,0.));
#14672=CARTESIAN_POINT('Ctrl Pts',(51.9840405690008,13.6736495375105,-0.2));
#14673=CARTESIAN_POINT('Ctrl Pts',(51.8953121458927,13.9597693575247,0.));
#14674=CARTESIAN_POINT('Ctrl Pts',(51.8953121458927,13.9597693575247,-0.2));
#14675=CARTESIAN_POINT('Ctrl Pts',(51.8485677614808,14.1105045378208,0.));
#14676=CARTESIAN_POINT('Ctrl Pts',(51.8485677614808,14.1105045378208,-0.2));
#14677=CARTESIAN_POINT('',(52.297749556601,13.3645971119404,-0.2));
#14678=CARTESIAN_POINT('Ctrl Pts',(52.297749556601,13.3645971119404,-0.2));
#14679=CARTESIAN_POINT('Ctrl Pts',(52.1969881594629,13.4638628499978,-0.2));
#14680=CARTESIAN_POINT('Ctrl Pts',(51.9840405690008,13.6736495375105,-0.2));
#14681=CARTESIAN_POINT('Ctrl Pts',(51.8953121458927,13.9597693575247,-0.2));
#14682=CARTESIAN_POINT('Ctrl Pts',(51.8485677614808,14.1105045378208,-0.2));
#14683=CARTESIAN_POINT('',(52.297749556601,13.3645971119404,0.));
#14684=CARTESIAN_POINT('Ctrl Pts',(53.0907231941819,13.1077755987644,0.));
#14685=CARTESIAN_POINT('Ctrl Pts',(53.0907231941819,13.1077755987644,-0.2));
#14686=CARTESIAN_POINT('Ctrl Pts',(52.9424993244144,13.1169516223688,0.));
#14687=CARTESIAN_POINT('Ctrl Pts',(52.9424993244144,13.1169516223688,-0.2));
#14688=CARTESIAN_POINT('Ctrl Pts',(52.6557572132445,13.1347028279242,0.));
#14689=CARTESIAN_POINT('Ctrl Pts',(52.6557572132445,13.1347028279242,-0.2));
#14690=CARTESIAN_POINT('Ctrl Pts',(52.4143618641131,13.2897146270396,0.));
#14691=CARTESIAN_POINT('Ctrl Pts',(52.4143618641131,13.2897146270396,-0.2));
#14692=CARTESIAN_POINT('Ctrl Pts',(52.297749556601,13.3645971119404,0.));
#14693=CARTESIAN_POINT('Ctrl Pts',(52.297749556601,13.3645971119404,-0.2));
#14694=CARTESIAN_POINT('',(53.0907231941819,13.1077755987644,-0.2));
#14695=CARTESIAN_POINT('Ctrl Pts',(53.0907231941819,13.1077755987644,-0.2));
#14696=CARTESIAN_POINT('Ctrl Pts',(52.9424993244144,13.1169516223688,-0.2));
#14697=CARTESIAN_POINT('Ctrl Pts',(52.6557572132445,13.1347028279242,-0.2));
#14698=CARTESIAN_POINT('Ctrl Pts',(52.4143618641131,13.2897146270396,-0.2));
#14699=CARTESIAN_POINT('Ctrl Pts',(52.297749556601,13.3645971119404,-0.2));
#14700=CARTESIAN_POINT('',(53.0907231941819,13.1077755987644,0.));
#14701=CARTESIAN_POINT('Ctrl Pts',(53.8796043768525,13.3052517473698,0.));
#14702=CARTESIAN_POINT('Ctrl Pts',(53.8796043768525,13.3052517473698,-0.2));
#14703=CARTESIAN_POINT('Ctrl Pts',(53.7653506263832,13.247745073289,0.));
#14704=CARTESIAN_POINT('Ctrl Pts',(53.7653506263832,13.247745073289,-0.2));
#14705=CARTESIAN_POINT('Ctrl Pts',(53.5178038469133,13.1231487960705,0.));
#14706=CARTESIAN_POINT('Ctrl Pts',(53.5178038469133,13.1231487960705,-0.2));
#14707=CARTESIAN_POINT('Ctrl Pts',(53.2402004089162,13.1131561813316,0.));
#14708=CARTESIAN_POINT('Ctrl Pts',(53.2402004089162,13.1131561813316,-0.2));
#14709=CARTESIAN_POINT('Ctrl Pts',(53.0907231941819,13.1077755987644,0.));
#14710=CARTESIAN_POINT('Ctrl Pts',(53.0907231941819,13.1077755987644,-0.2));
#14711=CARTESIAN_POINT('',(53.8796043768525,13.3052517473698,-0.2));
#14712=CARTESIAN_POINT('Ctrl Pts',(53.8796043768525,13.3052517473698,-0.2));
#14713=CARTESIAN_POINT('Ctrl Pts',(53.7653506263832,13.247745073289,-0.2));
#14714=CARTESIAN_POINT('Ctrl Pts',(53.5178038469133,13.1231487960705,-0.2));
#14715=CARTESIAN_POINT('Ctrl Pts',(53.2402004089162,13.1131561813316,-0.2));
#14716=CARTESIAN_POINT('Ctrl Pts',(53.0907231941819,13.1077755987644,-0.2));
#14717=CARTESIAN_POINT('',(53.8796043768525,13.3052517473698,0.));
#14718=CARTESIAN_POINT('Ctrl Pts',(54.3420875445008,13.8772167265415,0.));
#14719=CARTESIAN_POINT('Ctrl Pts',(54.3420875445008,13.8772167265415,-0.2));
#14720=CARTESIAN_POINT('Ctrl Pts',(54.2848133035969,13.7608534790942,0.));
#14721=CARTESIAN_POINT('Ctrl Pts',(54.2848133035969,13.7608534790942,-0.2));
#14722=CARTESIAN_POINT('Ctrl Pts',(54.1736821334697,13.5350698869499,0.));
#14723=CARTESIAN_POINT('Ctrl Pts',(54.1736821334697,13.5350698869499,-0.2));
#14724=CARTESIAN_POINT('Ctrl Pts',(53.9755999364512,13.380271093167,0.));
#14725=CARTESIAN_POINT('Ctrl Pts',(53.9755999364512,13.380271093167,-0.2));
#14726=CARTESIAN_POINT('Ctrl Pts',(53.8796043768525,13.3052517473698,0.));
#14727=CARTESIAN_POINT('Ctrl Pts',(53.8796043768525,13.3052517473698,-0.2));
#14728=CARTESIAN_POINT('',(54.3420875445008,13.8772167265415,-0.2));
#14729=CARTESIAN_POINT('Ctrl Pts',(54.3420875445008,13.8772167265415,-0.2));
#14730=CARTESIAN_POINT('Ctrl Pts',(54.2848133035969,13.7608534790942,-0.2));
#14731=CARTESIAN_POINT('Ctrl Pts',(54.1736821334697,13.5350698869499,-0.2));
#14732=CARTESIAN_POINT('Ctrl Pts',(53.9755999364512,13.380271093167,-0.2));
#14733=CARTESIAN_POINT('Ctrl Pts',(53.8796043768525,13.3052517473698,-0.2));
#14734=CARTESIAN_POINT('',(54.3420875445008,13.8772167265415,0.));
#14735=CARTESIAN_POINT('Ctrl Pts',(54.5006823912263,14.6814455091953,0.));
#14736=CARTESIAN_POINT('Ctrl Pts',(54.5006823912263,14.6814455091953,-0.2));
#14737=CARTESIAN_POINT('Ctrl Pts',(54.4944576741686,14.5414136950385,0.));
#14738=CARTESIAN_POINT('Ctrl Pts',(54.4944576741686,14.5414136950385,-0.2));
#14739=CARTESIAN_POINT('Ctrl Pts',(54.4821825911502,14.2652722852244,0.));
#14740=CARTESIAN_POINT('Ctrl Pts',(54.4821825911502,14.2652722852244,-0.2));
#14741=CARTESIAN_POINT('Ctrl Pts',(54.3883415982204,14.0053379063176,0.));
#14742=CARTESIAN_POINT('Ctrl Pts',(54.3883415982204,14.0053379063176,-0.2));
#14743=CARTESIAN_POINT('Ctrl Pts',(54.3420875445008,13.8772167265415,0.));
#14744=CARTESIAN_POINT('Ctrl Pts',(54.3420875445008,13.8772167265415,-0.2));
#14745=CARTESIAN_POINT('',(54.5006823912263,14.6814455091953,-0.2));
#14746=CARTESIAN_POINT('Ctrl Pts',(54.5006823912263,14.6814455091953,-0.2));
#14747=CARTESIAN_POINT('Ctrl Pts',(54.4944576741686,14.5414136950385,-0.2));
#14748=CARTESIAN_POINT('Ctrl Pts',(54.4821825911502,14.2652722852244,-0.2));
#14749=CARTESIAN_POINT('Ctrl Pts',(54.3883415982204,14.0053379063176,-0.2));
#14750=CARTESIAN_POINT('Ctrl Pts',(54.3420875445008,13.8772167265415,-0.2));
#14751=CARTESIAN_POINT('',(54.5006823912263,14.6814455091953,0.));
#14752=CARTESIAN_POINT('Ctrl Pts',(54.3216234818101,15.4989768564701,0.));
#14753=CARTESIAN_POINT('Ctrl Pts',(54.3216234818101,15.4989768564701,-0.2));
#14754=CARTESIAN_POINT('Ctrl Pts',(54.3738183394786,15.3743683956481,0.));
#14755=CARTESIAN_POINT('Ctrl Pts',(54.3738183394786,15.3743683956481,-0.2));
#14756=CARTESIAN_POINT('Ctrl Pts',(54.4832771424163,15.1130496840596,0.));
#14757=CARTESIAN_POINT('Ctrl Pts',(54.4832771424163,15.1130496840596,-0.2));
#14758=CARTESIAN_POINT('Ctrl Pts',(54.4947042435172,14.8296877743523,0.));
#14759=CARTESIAN_POINT('Ctrl Pts',(54.4947042435172,14.8296877743523,-0.2));
#14760=CARTESIAN_POINT('Ctrl Pts',(54.5006823912263,14.6814455091953,0.));
#14761=CARTESIAN_POINT('Ctrl Pts',(54.5006823912263,14.6814455091953,-0.2));
#14762=CARTESIAN_POINT('',(54.3216234818101,15.4989768564701,-0.2));
#14763=CARTESIAN_POINT('Ctrl Pts',(54.3216234818101,15.4989768564701,-0.2));
#14764=CARTESIAN_POINT('Ctrl Pts',(54.3738183394786,15.3743683956481,-0.2));
#14765=CARTESIAN_POINT('Ctrl Pts',(54.4832771424163,15.1130496840596,-0.2));
#14766=CARTESIAN_POINT('Ctrl Pts',(54.4947042435172,14.8296877743523,-0.2));
#14767=CARTESIAN_POINT('Ctrl Pts',(54.5006823912263,14.6814455091953,-0.2));
#14768=CARTESIAN_POINT('',(54.3216234818101,15.4989768564701,0.));
#14769=CARTESIAN_POINT('Ctrl Pts',(53.8120741024613,16.0289897024632,0.));
#14770=CARTESIAN_POINT('Ctrl Pts',(53.8120741024613,16.0289897024632,-0.2));
#14771=CARTESIAN_POINT('Ctrl Pts',(53.9162377130536,15.9610223476209,0.));
#14772=CARTESIAN_POINT('Ctrl Pts',(53.9162377130536,15.9610223476209,-0.2));
#14773=CARTESIAN_POINT('Ctrl Pts',(54.126805685302,15.8236255349832,0.));
#14774=CARTESIAN_POINT('Ctrl Pts',(54.126805685302,15.8236255349832,-0.2));
#14775=CARTESIAN_POINT('Ctrl Pts',(54.2562251455536,15.6079580882836,0.));
#14776=CARTESIAN_POINT('Ctrl Pts',(54.2562251455536,15.6079580882836,-0.2));
#14777=CARTESIAN_POINT('Ctrl Pts',(54.3216234818101,15.4989768564701,0.));
#14778=CARTESIAN_POINT('Ctrl Pts',(54.3216234818101,15.4989768564701,-0.2));
#14779=CARTESIAN_POINT('',(53.8120741024613,16.0289897024632,-0.2));
#14780=CARTESIAN_POINT('Ctrl Pts',(53.8120741024613,16.0289897024632,-0.2));
#14781=CARTESIAN_POINT('Ctrl Pts',(53.9162377130536,15.9610223476209,-0.2));
#14782=CARTESIAN_POINT('Ctrl Pts',(54.126805685302,15.8236255349832,-0.2));
#14783=CARTESIAN_POINT('Ctrl Pts',(54.2562251455536,15.6079580882836,-0.2));
#14784=CARTESIAN_POINT('Ctrl Pts',(54.3216234818101,15.4989768564701,-0.2));
#14785=CARTESIAN_POINT('',(53.8120741024613,16.0289897024632,0.));
#14786=CARTESIAN_POINT('Ctrl Pts',(53.0845839157701,16.2100948393345,0.));
#14787=CARTESIAN_POINT('Ctrl Pts',(53.0845839157701,16.2100948393345,-0.2));
#14788=CARTESIAN_POINT('Ctrl Pts',(53.2133724657879,16.2029690604928,0.));
#14789=CARTESIAN_POINT('Ctrl Pts',(53.2133724657879,16.2029690604928,-0.2));
#14790=CARTESIAN_POINT('Ctrl Pts',(53.4674833633847,16.1889092853242,0.));
#14791=CARTESIAN_POINT('Ctrl Pts',(53.4674833633847,16.1889092853242,-0.2));
#14792=CARTESIAN_POINT('Ctrl Pts',(53.6982598257101,16.0818092637504,0.));
#14793=CARTESIAN_POINT('Ctrl Pts',(53.6982598257101,16.0818092637504,-0.2));
#14794=CARTESIAN_POINT('Ctrl Pts',(53.8120741024613,16.0289897024632,0.));
#14795=CARTESIAN_POINT('Ctrl Pts',(53.8120741024613,16.0289897024632,-0.2));
#14796=CARTESIAN_POINT('',(53.0845839157701,16.2100948393345,-0.2));
#14797=CARTESIAN_POINT('Ctrl Pts',(53.0845839157701,16.2100948393345,-0.2));
#14798=CARTESIAN_POINT('Ctrl Pts',(53.2133724657879,16.2029690604928,-0.2));
#14799=CARTESIAN_POINT('Ctrl Pts',(53.4674833633847,16.1889092853242,-0.2));
#14800=CARTESIAN_POINT('Ctrl Pts',(53.6982598257101,16.0818092637504,-0.2));
#14801=CARTESIAN_POINT('Ctrl Pts',(53.8120741024613,16.0289897024632,-0.2));
#14802=CARTESIAN_POINT('',(53.0845839157701,16.2100948393345,0.));
#14803=CARTESIAN_POINT('Ctrl Pts',(52.3274219408631,15.9809000790119,0.));
#14804=CARTESIAN_POINT('Ctrl Pts',(52.3274219408631,15.9809000790119,-0.2));
#14805=CARTESIAN_POINT('Ctrl Pts',(52.4387234114315,16.0477139887726,0.));
#14806=CARTESIAN_POINT('Ctrl Pts',(52.4387234114315,16.0477139887726,-0.2));
#14807=CARTESIAN_POINT('Ctrl Pts',(52.6714499400328,16.1874189648297,0.));
#14808=CARTESIAN_POINT('Ctrl Pts',(52.6714499400328,16.1874189648297,-0.2));
#14809=CARTESIAN_POINT('Ctrl Pts',(52.9429360483808,16.2023201477007,0.));
#14810=CARTESIAN_POINT('Ctrl Pts',(52.9429360483808,16.2023201477007,-0.2));
#14811=CARTESIAN_POINT('Ctrl Pts',(53.0845839157701,16.2100948393345,0.));
#14812=CARTESIAN_POINT('Ctrl Pts',(53.0845839157701,16.2100948393345,-0.2));
#14813=CARTESIAN_POINT('',(52.3274219408631,15.9809000790119,-0.2));
#14814=CARTESIAN_POINT('Ctrl Pts',(52.3274219408631,15.9809000790119,-0.2));
#14815=CARTESIAN_POINT('Ctrl Pts',(52.4387234114315,16.0477139887726,-0.2));
#14816=CARTESIAN_POINT('Ctrl Pts',(52.6714499400328,16.1874189648297,-0.2));
#14817=CARTESIAN_POINT('Ctrl Pts',(52.9429360483808,16.2023201477007,-0.2));
#14818=CARTESIAN_POINT('Ctrl Pts',(53.0845839157701,16.2100948393345,-0.2));
#14819=CARTESIAN_POINT('',(52.3274219408631,15.9809000790119,0.));
#14820=CARTESIAN_POINT('Ctrl Pts',(51.8997264280915,15.3362889587879,0.));
#14821=CARTESIAN_POINT('Ctrl Pts',(51.8997264280915,15.3362889587879,-0.2));
#14822=CARTESIAN_POINT('Ctrl Pts',(51.9459547575357,15.4656451413372,0.));
#14823=CARTESIAN_POINT('Ctrl Pts',(51.9459547575357,15.4656451413372,-0.2));
#14824=CARTESIAN_POINT('Ctrl Pts',(52.0354721674146,15.7161328953368,0.));
#14825=CARTESIAN_POINT('Ctrl Pts',(52.0354721674146,15.7161328953368,-0.2));
#14826=CARTESIAN_POINT('Ctrl Pts',(52.2322591427509,15.8945976107853,0.));
#14827=CARTESIAN_POINT('Ctrl Pts',(52.2322591427509,15.8945976107853,-0.2));
#14828=CARTESIAN_POINT('Ctrl Pts',(52.3274219408631,15.9809000790119,0.));
#14829=CARTESIAN_POINT('Ctrl Pts',(52.3274219408631,15.9809000790119,-0.2));
#14830=CARTESIAN_POINT('',(51.8997264280915,15.3362889587879,-0.2));
#14831=CARTESIAN_POINT('Ctrl Pts',(51.8997264280915,15.3362889587879,-0.2));
#14832=CARTESIAN_POINT('Ctrl Pts',(51.9459547575357,15.4656451413372,-0.2));
#14833=CARTESIAN_POINT('Ctrl Pts',(52.0354721674146,15.7161328953368,-0.2));
#14834=CARTESIAN_POINT('Ctrl Pts',(52.2322591427509,15.8945976107853,-0.2));
#14835=CARTESIAN_POINT('Ctrl Pts',(52.3274219408631,15.9809000790119,-0.2));
#14836=CARTESIAN_POINT('',(51.8997264280915,15.3362889587879,0.));
#14837=CARTESIAN_POINT('Origin',(52.2905874624848,15.2442015707493,0.));
#14838=CARTESIAN_POINT('',(52.2905874624848,15.2442015707493,-0.2));
#14839=CARTESIAN_POINT('',(51.8997264280915,15.3362889587879,-0.2));
#14840=CARTESIAN_POINT('',(52.2905874624848,15.2442015707493,0.));
#14841=CARTESIAN_POINT('Ctrl Pts',(52.5934517756104,15.72100892663,0.));
#14842=CARTESIAN_POINT('Ctrl Pts',(52.5934517756104,15.72100892663,-0.2));
#14843=CARTESIAN_POINT('Ctrl Pts',(52.5299991205862,15.6597339572473,0.));
#14844=CARTESIAN_POINT('Ctrl Pts',(52.5299991205862,15.6597339572473,-0.2));
#14845=CARTESIAN_POINT('Ctrl Pts',(52.391113087802,15.5256144723608,0.));
#14846=CARTESIAN_POINT('Ctrl Pts',(52.391113087802,15.5256144723608,-0.2));
#14847=CARTESIAN_POINT('Ctrl Pts',(52.3259691735947,15.3432496488486,0.));
#14848=CARTESIAN_POINT('Ctrl Pts',(52.3259691735947,15.3432496488486,-0.2));
#14849=CARTESIAN_POINT('Ctrl Pts',(52.2905874624848,15.2442015707493,0.));
#14850=CARTESIAN_POINT('Ctrl Pts',(52.2905874624848,15.2442015707493,-0.2));
#14851=CARTESIAN_POINT('',(52.5934517756104,15.72100892663,-0.2));
#14852=CARTESIAN_POINT('Ctrl Pts',(52.5934517756104,15.72100892663,-0.2));
#14853=CARTESIAN_POINT('Ctrl Pts',(52.5299991205862,15.6597339572473,-0.2));
#14854=CARTESIAN_POINT('Ctrl Pts',(52.391113087802,15.5256144723608,-0.2));
#14855=CARTESIAN_POINT('Ctrl Pts',(52.3259691735947,15.3432496488486,-0.2));
#14856=CARTESIAN_POINT('Ctrl Pts',(52.2905874624848,15.2442015707493,-0.2));
#14857=CARTESIAN_POINT('',(52.5934517756104,15.72100892663,0.));
#14858=CARTESIAN_POINT('Ctrl Pts',(53.0927700176835,15.8703954517841,0.));
#14859=CARTESIAN_POINT('Ctrl Pts',(53.0927700176835,15.8703954517841,-0.2));
#14860=CARTESIAN_POINT('Ctrl Pts',(52.998675137611,15.8655591526454,0.));
#14861=CARTESIAN_POINT('Ctrl Pts',(52.998675137611,15.8655591526454,-0.2));
#14862=CARTESIAN_POINT('Ctrl Pts',(52.8197106507171,15.8563607159913,0.));
#14863=CARTESIAN_POINT('Ctrl Pts',(52.8197106507171,15.8563607159913,-0.2));
#14864=CARTESIAN_POINT('Ctrl Pts',(52.6662342636496,15.7645486109214,0.));
#14865=CARTESIAN_POINT('Ctrl Pts',(52.6662342636496,15.7645486109214,-0.2));
#14866=CARTESIAN_POINT('Ctrl Pts',(52.5934517756104,15.72100892663,0.));
#14867=CARTESIAN_POINT('Ctrl Pts',(52.5934517756104,15.72100892663,-0.2));
#14868=CARTESIAN_POINT('',(53.0927700176835,15.8703954517841,-0.2));
#14869=CARTESIAN_POINT('Ctrl Pts',(53.0927700176835,15.8703954517841,-0.2));
#14870=CARTESIAN_POINT('Ctrl Pts',(52.998675137611,15.8655591526454,-0.2));
#14871=CARTESIAN_POINT('Ctrl Pts',(52.8197106507171,15.8563607159913,-0.2));
#14872=CARTESIAN_POINT('Ctrl Pts',(52.6662342636496,15.7645486109214,-0.2));
#14873=CARTESIAN_POINT('Ctrl Pts',(52.5934517756104,15.72100892663,-0.2));
#14874=CARTESIAN_POINT('',(53.0927700176835,15.8703954517841,0.));
#14875=CARTESIAN_POINT('Ctrl Pts',(53.6708730831742,15.704637914896,0.));
#14876=CARTESIAN_POINT('Ctrl Pts',(53.6708730831742,15.704637914896,-0.2));
#14877=CARTESIAN_POINT('Ctrl Pts',(53.5860184952423,15.7529489645915,0.));
#14878=CARTESIAN_POINT('Ctrl Pts',(53.5860184952423,15.7529489645915,-0.2));
#14879=CARTESIAN_POINT('Ctrl Pts',(53.4070968959669,15.8548160584618,0.));
#14880=CARTESIAN_POINT('Ctrl Pts',(53.4070968959669,15.8548160584618,-0.2));
#14881=CARTESIAN_POINT('Ctrl Pts',(53.2010814595346,15.8650270704255,0.));
#14882=CARTESIAN_POINT('Ctrl Pts',(53.2010814595346,15.8650270704255,-0.2));
#14883=CARTESIAN_POINT('Ctrl Pts',(53.0927700176835,15.8703954517841,0.));
#14884=CARTESIAN_POINT('Ctrl Pts',(53.0927700176835,15.8703954517841,-0.2));
#14885=CARTESIAN_POINT('',(53.6708730831742,15.704637914896,-0.2));
#14886=CARTESIAN_POINT('Ctrl Pts',(53.6708730831742,15.704637914896,-0.2));
#14887=CARTESIAN_POINT('Ctrl Pts',(53.5860184952423,15.7529489645915,-0.2));
#14888=CARTESIAN_POINT('Ctrl Pts',(53.4070968959669,15.8548160584618,-0.2));
#14889=CARTESIAN_POINT('Ctrl Pts',(53.2010814595346,15.8650270704255,-0.2));
#14890=CARTESIAN_POINT('Ctrl Pts',(53.0927700176835,15.8703954517841,-0.2));
#14891=CARTESIAN_POINT('',(53.6708730831742,15.704637914896,0.));
#14892=CARTESIAN_POINT('Ctrl Pts',(53.997271694243,15.2595497667789,0.));
#14893=CARTESIAN_POINT('Ctrl Pts',(53.997271694243,15.2595497667789,-0.2));
#14894=CARTESIAN_POINT('Ctrl Pts',(53.9604816840586,15.3476815649274,0.));
#14895=CARTESIAN_POINT('Ctrl Pts',(53.9604816840586,15.3476815649274,-0.2));
#14896=CARTESIAN_POINT('Ctrl Pts',(53.88753931512,15.5224176441935,0.));
#14897=CARTESIAN_POINT('Ctrl Pts',(53.88753931512,15.5224176441935,-0.2));
#14898=CARTESIAN_POINT('Ctrl Pts',(53.7426730272494,15.6442528464509,0.));
#14899=CARTESIAN_POINT('Ctrl Pts',(53.7426730272494,15.6442528464509,-0.2));
#14900=CARTESIAN_POINT('Ctrl Pts',(53.6708730831742,15.704637914896,0.));
#14901=CARTESIAN_POINT('Ctrl Pts',(53.6708730831742,15.704637914896,-0.2));
#14902=CARTESIAN_POINT('',(53.997271694243,15.2595497667789,-0.2));
#14903=CARTESIAN_POINT('Ctrl Pts',(53.997271694243,15.2595497667789,-0.2));
#14904=CARTESIAN_POINT('Ctrl Pts',(53.9604816840586,15.3476815649274,-0.2));
#14905=CARTESIAN_POINT('Ctrl Pts',(53.88753931512,15.5224176441935,-0.2));
#14906=CARTESIAN_POINT('Ctrl Pts',(53.7426730272494,15.6442528464509,-0.2));
#14907=CARTESIAN_POINT('Ctrl Pts',(53.6708730831742,15.704637914896,-0.2));
#14908=CARTESIAN_POINT('',(53.997271694243,15.2595497667789,0.));
#14909=CARTESIAN_POINT('Ctrl Pts',(54.0914053097367,14.6834923326969,0.));
#14910=CARTESIAN_POINT('Ctrl Pts',(54.0914053097367,14.6834923326969,-0.2));
#14911=CARTESIAN_POINT('Ctrl Pts',(54.0875098057195,14.7815973361842,0.));
#14912=CARTESIAN_POINT('Ctrl Pts',(54.0875098057195,14.7815973361842,-0.2));
#14913=CARTESIAN_POINT('Ctrl Pts',(54.079731941857,14.9774763182045,0.));
#14914=CARTESIAN_POINT('Ctrl Pts',(54.079731941857,14.9774763182045,-0.2));
#14915=CARTESIAN_POINT('Ctrl Pts',(54.024727458574,15.1656312745094,0.));
#14916=CARTESIAN_POINT('Ctrl Pts',(54.024727458574,15.1656312745094,-0.2));
#14917=CARTESIAN_POINT('Ctrl Pts',(53.997271694243,15.2595497667789,0.));
#14918=CARTESIAN_POINT('Ctrl Pts',(53.997271694243,15.2595497667789,-0.2));
#14919=CARTESIAN_POINT('',(54.0914053097367,14.6834923326969,-0.2));
#14920=CARTESIAN_POINT('Ctrl Pts',(54.0914053097367,14.6834923326969,-0.2));
#14921=CARTESIAN_POINT('Ctrl Pts',(54.0875098057195,14.7815973361842,-0.2));
#14922=CARTESIAN_POINT('Ctrl Pts',(54.079731941857,14.9774763182045,-0.2));
#14923=CARTESIAN_POINT('Ctrl Pts',(54.024727458574,15.1656312745094,-0.2));
#14924=CARTESIAN_POINT('Ctrl Pts',(53.997271694243,15.2595497667789,-0.2));
#14925=CARTESIAN_POINT('',(54.0914053097367,14.6834923326969,0.));
#14926=CARTESIAN_POINT('Ctrl Pts',(53.9798772707582,14.0153475105762,0.));
#14927=CARTESIAN_POINT('Ctrl Pts',(53.9798772707582,14.0153475105762,-0.2));
#14928=CARTESIAN_POINT('Ctrl Pts',(54.0123777670989,14.1178085082941,0.));
#14929=CARTESIAN_POINT('Ctrl Pts',(54.0123777670989,14.1178085082941,-0.2));
#14930=CARTESIAN_POINT('Ctrl Pts',(54.0812876206325,14.3350535703884,0.));
#14931=CARTESIAN_POINT('Ctrl Pts',(54.0812876206325,14.3350535703884,-0.2));
#14932=CARTESIAN_POINT('Ctrl Pts',(54.0879075759993,14.5630353783652,0.));
#14933=CARTESIAN_POINT('Ctrl Pts',(54.0879075759993,14.5630353783652,-0.2));
#14934=CARTESIAN_POINT('Ctrl Pts',(54.0914053097367,14.6834923326969,0.));
#14935=CARTESIAN_POINT('Ctrl Pts',(54.0914053097367,14.6834923326969,-0.2));
#14936=CARTESIAN_POINT('',(53.9798772707582,14.0153475105762,-0.2));
#14937=CARTESIAN_POINT('Ctrl Pts',(53.9798772707582,14.0153475105762,-0.2));
#14938=CARTESIAN_POINT('Ctrl Pts',(54.0123777670989,14.1178085082941,-0.2));
#14939=CARTESIAN_POINT('Ctrl Pts',(54.0812876206325,14.3350535703884,-0.2));
#14940=CARTESIAN_POINT('Ctrl Pts',(54.0879075759993,14.5630353783652,-0.2));
#14941=CARTESIAN_POINT('Ctrl Pts',(54.0914053097367,14.6834923326969,-0.2));
#14942=CARTESIAN_POINT('',(53.9798772707582,14.0153475105762,0.));
#14943=CARTESIAN_POINT('Ctrl Pts',(53.6330151930451,13.5886760056019,0.));
#14944=CARTESIAN_POINT('Ctrl Pts',(53.6330151930451,13.5886760056019,-0.2));
#14945=CARTESIAN_POINT('Ctrl Pts',(53.7068160264229,13.6431051613943,0.));
#14946=CARTESIAN_POINT('Ctrl Pts',(53.7068160264229,13.6431051613943,-0.2));
#14947=CARTESIAN_POINT('Ctrl Pts',(53.8589688104481,13.7553199861725,0.));
#14948=CARTESIAN_POINT('Ctrl Pts',(53.8589688104481,13.7553199861725,-0.2));
#14949=CARTESIAN_POINT('Ctrl Pts',(53.9387787062166,13.9269603293411,0.));
#14950=CARTESIAN_POINT('Ctrl Pts',(53.9387787062166,13.9269603293411,-0.2));
#14951=CARTESIAN_POINT('Ctrl Pts',(53.9798772707582,14.0153475105762,0.));
#14952=CARTESIAN_POINT('Ctrl Pts',(53.9798772707582,14.0153475105762,-0.2));
#14953=CARTESIAN_POINT('',(53.6330151930451,13.5886760056019,-0.2));
#14954=CARTESIAN_POINT('Ctrl Pts',(53.6330151930451,13.5886760056019,-0.2));
#14955=CARTESIAN_POINT('Ctrl Pts',(53.7068160264229,13.6431051613943,-0.2));
#14956=CARTESIAN_POINT('Ctrl Pts',(53.8589688104481,13.7553199861725,-0.2));
#14957=CARTESIAN_POINT('Ctrl Pts',(53.9387787062166,13.9269603293411,-0.2));
#14958=CARTESIAN_POINT('Ctrl Pts',(53.9798772707582,14.0153475105762,-0.2));
#14959=CARTESIAN_POINT('',(53.6330151930451,13.5886760056019,0.));
#14960=CARTESIAN_POINT('Ctrl Pts',(53.1234652176499,13.4474755823612,0.));
#14961=CARTESIAN_POINT('Ctrl Pts',(53.1234652176499,13.4474755823612,-0.2));
#14962=CARTESIAN_POINT('Ctrl Pts',(53.2132591177539,13.4533641639644,0.));
#14963=CARTESIAN_POINT('Ctrl Pts',(53.2132591177539,13.4533641639644,-0.2));
#14964=CARTESIAN_POINT('Ctrl Pts',(53.3928862869941,13.465143908947,0.));
#14965=CARTESIAN_POINT('Ctrl Pts',(53.3928862869941,13.465143908947,-0.2));
#14966=CARTESIAN_POINT('Ctrl Pts',(53.5529605298276,13.5474926239054,0.));
#14967=CARTESIAN_POINT('Ctrl Pts',(53.5529605298276,13.5474926239054,-0.2));
#14968=CARTESIAN_POINT('Ctrl Pts',(53.6330151930451,13.5886760056019,0.));
#14969=CARTESIAN_POINT('Ctrl Pts',(53.6330151930451,13.5886760056019,-0.2));
#14970=CARTESIAN_POINT('',(53.1234652176499,13.4474755823612,-0.2));
#14971=CARTESIAN_POINT('Ctrl Pts',(53.1234652176499,13.4474755823612,-0.2));
#14972=CARTESIAN_POINT('Ctrl Pts',(53.2132591177539,13.4533641639644,-0.2));
#14973=CARTESIAN_POINT('Ctrl Pts',(53.3928862869941,13.465143908947,-0.2));
#14974=CARTESIAN_POINT('Ctrl Pts',(53.5529605298276,13.5474926239054,-0.2));
#14975=CARTESIAN_POINT('Ctrl Pts',(53.6330151930451,13.5886760056019,-0.2));
#14976=CARTESIAN_POINT('',(53.1234652176499,13.4474755823612,0.));
#14977=CARTESIAN_POINT('Ctrl Pts',(52.5586635246873,13.6398358643055,0.));
#14978=CARTESIAN_POINT('Ctrl Pts',(52.5586635246873,13.6398358643055,-0.2));
#14979=CARTESIAN_POINT('Ctrl Pts',(52.6414993637435,13.5837433201819,0.));
#14980=CARTESIAN_POINT('Ctrl Pts',(52.6414993637435,13.5837433201819,-0.2));
#14981=CARTESIAN_POINT('Ctrl Pts',(52.8119920670912,13.4682936598144,0.));
#14982=CARTESIAN_POINT('Ctrl Pts',(52.8119920670912,13.4682936598144,-0.2));
#14983=CARTESIAN_POINT('Ctrl Pts',(53.0177018807648,13.4545445362503,0.));
#14984=CARTESIAN_POINT('Ctrl Pts',(53.0177018807648,13.4545445362503,-0.2));
#14985=CARTESIAN_POINT('Ctrl Pts',(53.1234652176499,13.4474755823612,0.));
#14986=CARTESIAN_POINT('Ctrl Pts',(53.1234652176499,13.4474755823612,-0.2));
#14987=CARTESIAN_POINT('',(52.5586635246873,13.6398358643055,-0.2));
#14988=CARTESIAN_POINT('Ctrl Pts',(52.5586635246873,13.6398358643055,-0.2));
#14989=CARTESIAN_POINT('Ctrl Pts',(52.6414993637435,13.5837433201819,-0.2));
#14990=CARTESIAN_POINT('Ctrl Pts',(52.8119920670912,13.4682936598144,-0.2));
#14991=CARTESIAN_POINT('Ctrl Pts',(53.0177018807648,13.4545445362503,-0.2));
#14992=CARTESIAN_POINT('Ctrl Pts',(53.1234652176499,13.4474755823612,-0.2));
#14993=CARTESIAN_POINT('',(52.5586635246873,13.6398358643055,0.));
#14994=CARTESIAN_POINT('Ctrl Pts',(52.2455668821931,14.2107774317265,0.));
#14995=CARTESIAN_POINT('Ctrl Pts',(52.2455668821931,14.2107774317265,-0.2));
#14996=CARTESIAN_POINT('Ctrl Pts',(52.2761224652107,14.0949291620849,0.));
#14997=CARTESIAN_POINT('Ctrl Pts',(52.2761224652107,14.0949291620849,-0.2));
#14998=CARTESIAN_POINT('Ctrl Pts',(52.3333289199919,13.8780369236051,0.));
#14999=CARTESIAN_POINT('Ctrl Pts',(52.3333289199919,13.8780369236051,-0.2));
#15000=CARTESIAN_POINT('Ctrl Pts',(52.4870494642219,13.7155390395309,0.));
#15001=CARTESIAN_POINT('Ctrl Pts',(52.4870494642219,13.7155390395309,-0.2));
#15002=CARTESIAN_POINT('Ctrl Pts',(52.5586635246873,13.6398358643055,0.));
#15003=CARTESIAN_POINT('Ctrl Pts',(52.5586635246873,13.6398358643055,-0.2));
#15004=CARTESIAN_POINT('Ctrl Pts',(52.2455668821931,14.2107774317265,-0.2));
#15005=CARTESIAN_POINT('Ctrl Pts',(52.2761224652107,14.0949291620849,-0.2));
#15006=CARTESIAN_POINT('Ctrl Pts',(52.3333289199919,13.8780369236051,-0.2));
#15007=CARTESIAN_POINT('Ctrl Pts',(52.4870494642219,13.7155390395309,-0.2));
#15008=CARTESIAN_POINT('Ctrl Pts',(52.5586635246873,13.6398358643055,-0.2));
#15009=CARTESIAN_POINT('Origin',(50.5000000819564,16.9999997317791,-0.2));
#15010=CARTESIAN_POINT('Origin',(60.1957713440061,16.1589355766773,0.));
#15011=CARTESIAN_POINT('',(60.1957713440061,13.158935457468,-0.2));
#15012=CARTESIAN_POINT('',(60.1957713440061,13.158935457468,0.));
#15013=CARTESIAN_POINT('',(60.1957713440061,16.1589355766773,-0.2));
#15014=CARTESIAN_POINT('',(60.1957713440061,13.158935457468,-0.2));
#15015=CARTESIAN_POINT('',(60.1957713440061,16.1589355766773,0.));
#15016=CARTESIAN_POINT('Origin',(59.7987726703286,16.1589355766773,0.));
#15017=CARTESIAN_POINT('',(59.7987726703286,16.1589355766773,-0.2));
#15018=CARTESIAN_POINT('',(60.1957713440061,16.1589355766773,-0.2));
#15019=CARTESIAN_POINT('',(59.7987726703286,16.1589355766773,0.));
#15020=CARTESIAN_POINT('Origin',(59.7987726703286,14.9270118772984,0.));
#15021=CARTESIAN_POINT('',(59.7987726703286,14.9270118772984,-0.2));
#15022=CARTESIAN_POINT('',(59.7987726703286,16.1589355766773,-0.2));
#15023=CARTESIAN_POINT('',(59.7987726703286,14.9270118772984,0.));
#15024=CARTESIAN_POINT('Origin',(58.2394275441766,14.9270118772984,0.));
#15025=CARTESIAN_POINT('',(58.2394275441766,14.9270118772984,-0.2));
#15026=CARTESIAN_POINT('',(59.7987726703286,14.9270118772984,-0.2));
#15027=CARTESIAN_POINT('',(58.2394275441766,14.9270118772984,0.));
#15028=CARTESIAN_POINT('Origin',(58.2394275441766,16.1589355766773,0.));
#15029=CARTESIAN_POINT('',(58.2394275441766,16.1589355766773,-0.2));
#15030=CARTESIAN_POINT('',(58.2394275441766,14.9270118772984,-0.2));
#15031=CARTESIAN_POINT('',(58.2394275441766,16.1589355766773,0.));
#15032=CARTESIAN_POINT('Origin',(57.8424287214875,16.1589355766773,0.));
#15033=CARTESIAN_POINT('',(57.8424287214875,16.1589355766773,-0.2));
#15034=CARTESIAN_POINT('',(58.2394275441766,16.1589355766773,-0.2));
#15035=CARTESIAN_POINT('',(57.8424287214875,16.1589355766773,0.));
#15036=CARTESIAN_POINT('Origin',(57.8424287214875,13.158935457468,0.));
#15037=CARTESIAN_POINT('',(57.8424287214875,13.158935457468,-0.2));
#15038=CARTESIAN_POINT('',(57.8424287214875,16.1589355766773,-0.2));
#15039=CARTESIAN_POINT('',(57.8424287214875,13.158935457468,0.));
#15040=CARTESIAN_POINT('Origin',(58.2394275441766,13.158935457468,0.));
#15041=CARTESIAN_POINT('',(58.2394275441766,13.158935457468,-0.2));
#15042=CARTESIAN_POINT('',(57.8424287214875,13.158935457468,-0.2));
#15043=CARTESIAN_POINT('',(58.2394275441766,13.158935457468,0.));
#15044=CARTESIAN_POINT('Origin',(58.2394275441766,14.5729871094227,0.));
#15045=CARTESIAN_POINT('',(58.2394275441766,14.5729871094227,-0.2));
#15046=CARTESIAN_POINT('',(58.2394275441766,13.158935457468,-0.2));
#15047=CARTESIAN_POINT('',(58.2394275441766,14.5729871094227,0.));
#15048=CARTESIAN_POINT('Origin',(59.7987726703286,14.5729871094227,0.));
#15049=CARTESIAN_POINT('',(59.7987726703286,14.5729871094227,-0.2));
#15050=CARTESIAN_POINT('',(58.2394275441766,14.5729871094227,-0.2));
#15051=CARTESIAN_POINT('',(59.7987726703286,14.5729871094227,0.));
#15052=CARTESIAN_POINT('Origin',(59.7987726703286,13.158935457468,0.));
#15053=CARTESIAN_POINT('',(59.7987726703286,13.158935457468,-0.2));
#15054=CARTESIAN_POINT('',(59.7987726703286,14.5729871094227,-0.2));
#15055=CARTESIAN_POINT('',(59.7987726703286,13.158935457468,0.));
#15056=CARTESIAN_POINT('Origin',(60.1957713440061,13.158935457468,0.));
#15057=CARTESIAN_POINT('',(59.7987726703286,13.158935457468,-0.2));
#15058=CARTESIAN_POINT('Origin',(50.5000000819564,16.9999997317791,-0.2));
#15059=CARTESIAN_POINT('Origin',(45.2172589674592,20.8410643041134,0.));
#15060=CARTESIAN_POINT('',(45.2172589674592,17.8410641849041,-0.2));
#15061=CARTESIAN_POINT('',(45.2172589674592,17.8410641849041,0.));
#15062=CARTESIAN_POINT('',(45.2172589674592,20.8410643041134,-0.2));
#15063=CARTESIAN_POINT('',(45.2172589674592,17.8410641849041,-0.2));
#15064=CARTESIAN_POINT('',(45.2172589674592,20.8410643041134,0.));
#15065=CARTESIAN_POINT('Origin',(43.0480909720063,20.8410643041134,0.));
#15066=CARTESIAN_POINT('',(43.0480909720063,20.8410643041134,-0.2));
#15067=CARTESIAN_POINT('',(45.2172589674592,20.8410643041134,-0.2));
#15068=CARTESIAN_POINT('',(43.0480909720063,20.8410643041134,0.));
#15069=CARTESIAN_POINT('Origin',(43.0480909720063,20.4870395362377,0.));
#15070=CARTESIAN_POINT('',(43.0480909720063,20.4870395362377,-0.2));
#15071=CARTESIAN_POINT('',(43.0480909720063,20.8410643041134,-0.2));
#15072=CARTESIAN_POINT('',(43.0480909720063,20.4870395362377,0.));
#15073=CARTESIAN_POINT('Origin',(44.820258654654,20.4870395362377,0.));
#15074=CARTESIAN_POINT('',(44.820258654654,20.4870395362377,-0.2));
#15075=CARTESIAN_POINT('',(43.0480909720063,20.4870395362377,-0.2));
#15076=CARTESIAN_POINT('',(44.820258654654,20.4870395362377,0.));
#15077=CARTESIAN_POINT('Origin',(44.820258654654,19.5682127773762,0.));
#15078=CARTESIAN_POINT('',(44.820258654654,19.5682127773762,-0.2));
#15079=CARTESIAN_POINT('',(44.820258654654,20.4870395362377,-0.2));
#15080=CARTESIAN_POINT('',(44.820258654654,19.5682127773762,0.));
#15081=CARTESIAN_POINT('Origin',(43.1606412306428,19.5682127773762,0.));
#15082=CARTESIAN_POINT('',(43.1606412306428,19.5682127773762,-0.2));
#15083=CARTESIAN_POINT('',(44.820258654654,19.5682127773762,-0.2));
#15084=CARTESIAN_POINT('',(43.1606412306428,19.5682127773762,0.));
#15085=CARTESIAN_POINT('Origin',(43.1606412306428,19.2162348330021,0.));
#15086=CARTESIAN_POINT('',(43.1606412306428,19.2162348330021,-0.2));
#15087=CARTESIAN_POINT('',(43.1606412306428,19.5682127773762,-0.2));
#15088=CARTESIAN_POINT('',(43.1606412306428,19.2162348330021,0.));
#15089=CARTESIAN_POINT('Origin',(44.820258654654,19.2162348330021,0.));
#15090=CARTESIAN_POINT('',(44.820258654654,19.2162348330021,-0.2));
#15091=CARTESIAN_POINT('',(43.1606412306428,19.2162348330021,-0.2));
#15092=CARTESIAN_POINT('',(44.820258654654,19.2162348330021,0.));
#15093=CARTESIAN_POINT('Origin',(44.820258654654,18.1950886547565,0.));
#15094=CARTESIAN_POINT('',(44.820258654654,18.1950886547565,-0.2));
#15095=CARTESIAN_POINT('',(44.820258654654,19.2162348330021,-0.2));
#15096=CARTESIAN_POINT('',(44.820258654654,18.1950886547565,0.));
#15097=CARTESIAN_POINT('Origin',(42.9785132780671,18.1950886547565,0.));
#15098=CARTESIAN_POINT('',(42.9785132780671,18.1950886547565,-0.2));
#15099=CARTESIAN_POINT('',(44.820258654654,18.1950886547565,-0.2));
#15100=CARTESIAN_POINT('',(42.9785132780671,18.1950886547565,0.));
#15101=CARTESIAN_POINT('Origin',(42.9785132780671,17.8410641849041,0.));
#15102=CARTESIAN_POINT('',(42.9785132780671,17.8410641849041,-0.2));
#15103=CARTESIAN_POINT('',(42.9785132780671,18.1950886547565,-0.2));
#15104=CARTESIAN_POINT('',(42.9785132780671,17.8410641849041,0.));
#15105=CARTESIAN_POINT('Origin',(45.2172589674592,17.8410641849041,0.));
#15106=CARTESIAN_POINT('',(42.9785132780671,17.8410641849041,-0.2));
#15107=CARTESIAN_POINT('Origin',(50.5000000819564,16.9999997317791,-0.2));
#15108=CARTESIAN_POINT('Origin',(49.7274899855256,19.0729878842831,0.));
#15109=CARTESIAN_POINT('',(50.7445431128144,19.0729878842831,0.));
#15110=CARTESIAN_POINT('',(49.7274899855256,19.0729878842831,0.));
#15111=CARTESIAN_POINT('',(39.3934949927628,19.0729878842831,0.));
#15112=CARTESIAN_POINT('',(50.7445431128144,19.0729878842831,-0.2));
#15113=CARTESIAN_POINT('',(50.7445431128144,19.0729878842831,0.));
#15114=CARTESIAN_POINT('',(49.7274899855256,19.0729878842831,-0.2));
#15115=CARTESIAN_POINT('',(50.7445431128144,19.0729878842831,-0.2));
#15116=CARTESIAN_POINT('',(49.7274899855256,19.0729878842831,0.));
#15117=CARTESIAN_POINT('Origin',(50.0405860319734,19.9038200080395,0.));
#15118=CARTESIAN_POINT('',(50.0405860319734,19.9038200080395,0.));
#15119=CARTESIAN_POINT('',(44.1691822104372,4.32345429654718,0.));
#15120=CARTESIAN_POINT('',(50.0405860319734,19.9038200080395,-0.2));
#15121=CARTESIAN_POINT('',(49.7274899855256,19.0729878842831,-0.2));
#15122=CARTESIAN_POINT('',(50.0405860319734,19.9038200080395,0.));
#15123=CARTESIAN_POINT('Ctrl Pts',(50.2534103766084,20.5259211361408,0.));
#15124=CARTESIAN_POINT('Ctrl Pts',(50.2534103766084,20.5259211361408,-0.2));
#15125=CARTESIAN_POINT('Ctrl Pts',(50.2248923272629,20.4332164393048,0.));
#15126=CARTESIAN_POINT('Ctrl Pts',(50.2248923272629,20.4332164393048,-0.2));
#15127=CARTESIAN_POINT('Ctrl Pts',(50.1604253271364,20.22365113453,0.));
#15128=CARTESIAN_POINT('Ctrl Pts',(50.1604253271364,20.22365113453,-0.2));
#15129=CARTESIAN_POINT('Ctrl Pts',(50.083488547804,20.01831967986,0.));
#15130=CARTESIAN_POINT('Ctrl Pts',(50.083488547804,20.01831967986,-0.2));
#15131=CARTESIAN_POINT('Ctrl Pts',(50.0405860319734,19.9038200080395,0.));
#15132=CARTESIAN_POINT('Ctrl Pts',(50.0405860319734,19.9038200080395,-0.2));
#15133=CARTESIAN_POINT('',(50.2534103766084,20.5259211361408,0.));
#15134=CARTESIAN_POINT('Ctrl Pts',(50.0405860319734,19.9038200080395,0.));
#15135=CARTESIAN_POINT('Ctrl Pts',(50.083488547804,20.01831967986,0.));
#15136=CARTESIAN_POINT('Ctrl Pts',(50.1604253271364,20.22365113453,0.));
#15137=CARTESIAN_POINT('Ctrl Pts',(50.2248923272629,20.4332164393048,0.));
#15138=CARTESIAN_POINT('Ctrl Pts',(50.2534103766084,20.5259211361408,0.));
#15139=CARTESIAN_POINT('',(50.2534103766084,20.5259211361408,-0.2));
#15140=CARTESIAN_POINT('Ctrl Pts',(50.2534103766084,20.5259211361408,-0.2));
#15141=CARTESIAN_POINT('Ctrl Pts',(50.2248923272629,20.4332164393048,-0.2));
#15142=CARTESIAN_POINT('Ctrl Pts',(50.1604253271364,20.22365113453,-0.2));
#15143=CARTESIAN_POINT('Ctrl Pts',(50.083488547804,20.01831967986,-0.2));
#15144=CARTESIAN_POINT('Ctrl Pts',(50.0405860319734,19.9038200080395,-0.2));
#15145=CARTESIAN_POINT('',(50.2534103766084,20.5259211361408,0.));
#15146=CARTESIAN_POINT('Ctrl Pts',(50.4150748625398,19.9529333412647,0.));
#15147=CARTESIAN_POINT('Ctrl Pts',(50.4150748625398,19.9529333412647,-0.2));
#15148=CARTESIAN_POINT('Ctrl Pts',(50.3823192822053,20.0475577582597,0.));
#15149=CARTESIAN_POINT('Ctrl Pts',(50.3823192822053,20.0475577582597,-0.2));
#15150=CARTESIAN_POINT('Ctrl Pts',(50.3172902408313,20.2354138446098,0.));
#15151=CARTESIAN_POINT('Ctrl Pts',(50.3172902408313,20.2354138446098,-0.2));
#15152=CARTESIAN_POINT('Ctrl Pts',(50.2745981596363,20.4295651789725,0.));
#15153=CARTESIAN_POINT('Ctrl Pts',(50.2745981596363,20.4295651789725,-0.2));
#15154=CARTESIAN_POINT('Ctrl Pts',(50.2534103766084,20.5259211361408,0.));
#15155=CARTESIAN_POINT('Ctrl Pts',(50.2534103766084,20.5259211361408,-0.2));
#15156=CARTESIAN_POINT('',(50.4150748625398,19.9529333412647,0.));
#15157=CARTESIAN_POINT('Ctrl Pts',(50.2534103766084,20.5259211361408,0.));
#15158=CARTESIAN_POINT('Ctrl Pts',(50.2745981596363,20.4295651789725,0.));
#15159=CARTESIAN_POINT('Ctrl Pts',(50.3172902408313,20.2354138446098,0.));
#15160=CARTESIAN_POINT('Ctrl Pts',(50.3823192822053,20.0475577582597,0.));
#15161=CARTESIAN_POINT('Ctrl Pts',(50.4150748625398,19.9529333412647,0.));
#15162=CARTESIAN_POINT('',(50.4150748625398,19.9529333412647,-0.2));
#15163=CARTESIAN_POINT('Ctrl Pts',(50.4150748625398,19.9529333412647,-0.2));
#15164=CARTESIAN_POINT('Ctrl Pts',(50.3823192822053,20.0475577582597,-0.2));
#15165=CARTESIAN_POINT('Ctrl Pts',(50.3172902408313,20.2354138446098,-0.2));
#15166=CARTESIAN_POINT('Ctrl Pts',(50.2745981596363,20.4295651789725,-0.2));
#15167=CARTESIAN_POINT('Ctrl Pts',(50.2534103766084,20.5259211361408,-0.2));
#15168=CARTESIAN_POINT('',(50.4150748625398,19.9529333412647,0.));
#15169=CARTESIAN_POINT('Origin',(50.7445431128144,19.0729878842831,0.));
#15170=CARTESIAN_POINT('',(53.8197187175453,10.8597934397564,0.));
#15171=CARTESIAN_POINT('',(50.4150748625398,19.9529333412647,-0.2));
#15172=CARTESIAN_POINT('Origin',(50.4580498114228,20.8410643041134,0.));
#15173=CARTESIAN_POINT('',(51.6101646795869,17.8410641849041,-0.2));
#15174=CARTESIAN_POINT('',(51.6101646795869,17.8410641849041,0.));
#15175=CARTESIAN_POINT('',(50.4580498114228,20.8410643041134,-0.2));
#15176=CARTESIAN_POINT('',(51.6101646795869,17.8410641849041,-0.2));
#15177=CARTESIAN_POINT('',(50.4580498114228,20.8410643041134,0.));
#15178=CARTESIAN_POINT('Origin',(50.0303554907441,20.8410643041134,0.));
#15179=CARTESIAN_POINT('',(50.0303554907441,20.8410643041134,-0.2));
#15180=CARTESIAN_POINT('',(50.4580498114228,20.8410643041134,-0.2));
#15181=CARTESIAN_POINT('',(50.0303554907441,20.8410643041134,0.));
#15182=CARTESIAN_POINT('Origin',(48.802523650229,17.8410641849041,0.));
#15183=CARTESIAN_POINT('',(48.802523650229,17.8410641849041,-0.2));
#15184=CARTESIAN_POINT('',(50.0303554907441,20.8410643041134,-0.2));
#15185=CARTESIAN_POINT('',(48.802523650229,17.8410641849041,0.));
#15186=CARTESIAN_POINT('Origin',(49.2547750845551,17.8410641849041,0.));
#15187=CARTESIAN_POINT('',(49.2547750845551,17.8410641849041,-0.2));
#15188=CARTESIAN_POINT('',(48.802523650229,17.8410641849041,-0.2));
#15189=CARTESIAN_POINT('',(49.2547750845551,17.8410641849041,0.));
#15190=CARTESIAN_POINT('Origin',(49.6047068014741,18.7496589124203,0.));
#15191=CARTESIAN_POINT('',(49.6047068014741,18.7496589124203,-0.2));
#15192=CARTESIAN_POINT('',(49.2547750845551,17.8410641849041,-0.2));
#15193=CARTESIAN_POINT('',(49.6047068014741,18.7496589124203,0.));
#15194=CARTESIAN_POINT('Origin',(50.8591413870454,18.7496589124203,0.));
#15195=CARTESIAN_POINT('',(50.8591413870454,18.7496589124203,-0.2));
#15196=CARTESIAN_POINT('',(49.6047068014741,18.7496589124203,-0.2));
#15197=CARTESIAN_POINT('',(50.8591413870454,18.7496589124203,0.));
#15198=CARTESIAN_POINT('Origin',(51.18860963732,17.8410641849041,0.));
#15199=CARTESIAN_POINT('',(51.18860963732,17.8410641849041,-0.2));
#15200=CARTESIAN_POINT('',(50.8591413870454,18.7496589124203,-0.2));
#15201=CARTESIAN_POINT('',(51.18860963732,17.8410641849041,0.));
#15202=CARTESIAN_POINT('Origin',(51.6101646795869,17.8410641849041,0.));
#15203=CARTESIAN_POINT('',(51.18860963732,17.8410641849041,-0.2));
#15204=CARTESIAN_POINT('Origin',(50.5000000819564,16.9999997317791,-0.2));
#15205=CARTESIAN_POINT('Origin',(29.0595,-7.77550000000001,0.));
#15206=CARTESIAN_POINT('Origin',(55.1729196682572,20.8410643041134,0.));
#15207=CARTESIAN_POINT('',(55.1729196682572,17.8410641849041,-0.2));
#15208=CARTESIAN_POINT('',(55.1729196682572,17.8410641849041,0.));
#15209=CARTESIAN_POINT('',(55.1729196682572,20.8410643041134,-0.2));
#15210=CARTESIAN_POINT('',(55.1729196682572,17.8410641849041,-0.2));
#15211=CARTESIAN_POINT('',(55.1729196682572,20.8410643041134,0.));
#15212=CARTESIAN_POINT('Origin',(54.7759211435914,20.8410643041134,0.));
#15213=CARTESIAN_POINT('',(54.7759211435914,20.8410643041134,-0.2));
#15214=CARTESIAN_POINT('',(55.1729196682572,20.8410643041134,-0.2));
#15215=CARTESIAN_POINT('',(54.7759211435914,20.8410643041134,0.));
#15216=CARTESIAN_POINT('Origin',(54.7759211435914,17.8410641849041,0.));
#15217=CARTESIAN_POINT('',(54.7759211435914,17.8410641849041,-0.2));
#15218=CARTESIAN_POINT('',(54.7759211435914,20.8410643041134,-0.2));
#15219=CARTESIAN_POINT('',(54.7759211435914,17.8410641849041,0.));
#15220=CARTESIAN_POINT('Origin',(55.1729196682572,17.8410641849041,0.));
#15221=CARTESIAN_POINT('',(54.7759211435914,17.8410641849041,-0.2));
#15222=CARTESIAN_POINT('Origin',(50.5000000819564,16.9999997317791,-0.2));
#15223=CARTESIAN_POINT('Origin',(46.8214095533471,12.7346597362976,1.5));
#15224=CARTESIAN_POINT('',(47.1757752597909,12.7346597362976,1.5));
#15225=CARTESIAN_POINT('',(46.8214095533471,12.7346597362976,1.5));
#15226=CARTESIAN_POINT('',(37.9404547766736,12.7346597362976,1.5));
#15227=CARTESIAN_POINT('',(47.1757752597909,12.7346597362976,1.7));
#15228=CARTESIAN_POINT('',(47.1757752597909,12.7346597362976,1.5));
#15229=CARTESIAN_POINT('',(46.8214095533471,12.7346597362976,1.7));
#15230=CARTESIAN_POINT('',(47.1757752597909,12.7346597362976,1.7));
#15231=CARTESIAN_POINT('',(46.8214095533471,12.7346597362976,1.5));
#15232=CARTESIAN_POINT('Origin',(46.8214095533471,14.6518043924789,1.5));
#15233=CARTESIAN_POINT('',(46.8214095533471,14.6518043924789,1.5));
#15234=CARTESIAN_POINT('',(46.8214095533471,3.43815219623947,1.5));
#15235=CARTESIAN_POINT('',(46.8214095533471,14.6518043924789,1.7));
#15236=CARTESIAN_POINT('',(46.8214095533471,12.7346597362976,1.7));
#15237=CARTESIAN_POINT('',(46.8214095533471,14.6518043924789,1.5));
#15238=CARTESIAN_POINT('Origin',(45.8602876365762,14.6518043924789,1.5));
#15239=CARTESIAN_POINT('',(45.8602876365762,14.6518043924789,1.5));
#15240=CARTESIAN_POINT('',(37.4598938182881,14.6518043924789,1.5));
#15241=CARTESIAN_POINT('',(45.8602876365762,14.6518043924789,1.7));
#15242=CARTESIAN_POINT('',(46.8214095533471,14.6518043924789,1.7));
#15243=CARTESIAN_POINT('',(45.8602876365762,14.6518043924789,1.5));
#15244=CARTESIAN_POINT('Origin',(45.8602876365762,12.7346597362976,1.5));
#15245=CARTESIAN_POINT('',(45.8602876365762,12.7346597362976,1.5));
#15246=CARTESIAN_POINT('',(45.8602876365762,2.4795798681488,1.5));
#15247=CARTESIAN_POINT('',(45.8602876365762,12.7346597362976,1.7));
#15248=CARTESIAN_POINT('',(45.8602876365762,14.6518043924789,1.7));
#15249=CARTESIAN_POINT('',(45.8602876365762,12.7346597362976,1.5));
#15250=CARTESIAN_POINT('Origin',(45.5059219301324,12.7346597362976,1.5));
#15251=CARTESIAN_POINT('',(45.5059219301324,12.7346597362976,1.5));
#15252=CARTESIAN_POINT('',(37.2827109650662,12.7346597362976,1.5));
#15253=CARTESIAN_POINT('',(45.5059219301324,12.7346597362976,1.7));
#15254=CARTESIAN_POINT('',(45.8602876365762,12.7346597362976,1.7));
#15255=CARTESIAN_POINT('',(45.5059219301324,12.7346597362976,1.5));
#15256=CARTESIAN_POINT('Origin',(45.5059219301324,16.7244623352509,1.5));
#15257=CARTESIAN_POINT('',(45.5059219301324,16.7244623352509,1.5));
#15258=CARTESIAN_POINT('',(45.5059219301324,4.47448116762543,1.5));
#15259=CARTESIAN_POINT('',(45.5059219301324,16.7244623352509,1.7));
#15260=CARTESIAN_POINT('',(45.5059219301324,12.7346597362976,1.7));
#15261=CARTESIAN_POINT('',(45.5059219301324,16.7244623352509,1.5));
#15262=CARTESIAN_POINT('Origin',(45.8602876365762,16.7244623352509,1.5));
#15263=CARTESIAN_POINT('',(45.8602876365762,16.7244623352509,1.5));
#15264=CARTESIAN_POINT('',(37.4598938182881,16.7244623352509,1.5));
#15265=CARTESIAN_POINT('',(45.8602876365762,16.7244623352509,1.7));
#15266=CARTESIAN_POINT('',(45.5059219301324,16.7244623352509,1.7));
#15267=CARTESIAN_POINT('',(45.8602876365762,16.7244623352509,1.5));
#15268=CARTESIAN_POINT('Origin',(45.8602876365762,14.9704788376312,1.5));
#15269=CARTESIAN_POINT('',(45.8602876365762,14.9704788376312,1.5));
#15270=CARTESIAN_POINT('',(45.8602876365762,3.59748941881561,1.5));
#15271=CARTESIAN_POINT('',(45.8602876365762,14.9704788376312,1.7));
#15272=CARTESIAN_POINT('',(45.8602876365762,16.7244623352509,1.7));
#15273=CARTESIAN_POINT('',(45.8602876365762,14.9704788376312,1.5));
#15274=CARTESIAN_POINT('Origin',(46.8214095533471,14.9704788376312,1.5));
#15275=CARTESIAN_POINT('',(46.8214095533471,14.9704788376312,1.5));
#15276=CARTESIAN_POINT('',(37.9404547766736,14.9704788376312,1.5));
#15277=CARTESIAN_POINT('',(46.8214095533471,14.9704788376312,1.7));
#15278=CARTESIAN_POINT('',(45.8602876365762,14.9704788376312,1.7));
#15279=CARTESIAN_POINT('',(46.8214095533471,14.9704788376312,1.5));
#15280=CARTESIAN_POINT('Origin',(46.8214095533471,16.7244623352509,1.5));
#15281=CARTESIAN_POINT('',(46.8214095533471,16.7244623352509,1.5));
#15282=CARTESIAN_POINT('',(46.8214095533471,4.47448116762542,1.5));
#15283=CARTESIAN_POINT('',(46.8214095533471,16.7244623352509,1.7));
#15284=CARTESIAN_POINT('',(46.8214095533471,14.9704788376312,1.7));
#15285=CARTESIAN_POINT('',(46.8214095533471,16.7244623352509,1.5));
#15286=CARTESIAN_POINT('Origin',(47.1757752597909,16.7244623352509,1.5));
#15287=CARTESIAN_POINT('',(47.1757752597909,16.7244623352509,1.5));
#15288=CARTESIAN_POINT('',(38.1176376298954,16.7244623352509,1.5));
#15289=CARTESIAN_POINT('',(47.1757752597909,16.7244623352509,1.7));
#15290=CARTESIAN_POINT('',(46.8214095533471,16.7244623352509,1.7));
#15291=CARTESIAN_POINT('',(47.1757752597909,16.7244623352509,1.5));
#15292=CARTESIAN_POINT('Origin',(47.1757752597909,12.7346597362976,1.5));
#15293=CARTESIAN_POINT('',(47.1757752597909,2.4795798681488,1.5));
#15294=CARTESIAN_POINT('',(47.1757752597909,16.7244623352509,1.7));
#15295=CARTESIAN_POINT('Origin',(53.2494519055467,14.7346597660999,1.7));
#15296=CARTESIAN_POINT('Ctrl Pts',(51.7483694255929,12.8136907268982,1.5));
#15297=CARTESIAN_POINT('Ctrl Pts',(51.7483694255929,12.8136907268982,1.7));
#15298=CARTESIAN_POINT('Ctrl Pts',(51.7721589395727,12.8424784921273,1.5));
#15299=CARTESIAN_POINT('Ctrl Pts',(51.7721589395727,12.8424784921273,1.7));
#15300=CARTESIAN_POINT('Ctrl Pts',(51.8210491615974,12.9016407026222,1.5));
#15301=CARTESIAN_POINT('Ctrl Pts',(51.8210491615974,12.9016407026222,1.7));
#15302=CARTESIAN_POINT('Ctrl Pts',(51.8269306767236,12.9782898949559,1.5));
#15303=CARTESIAN_POINT('Ctrl Pts',(51.8269306767236,12.9782898949559,1.7));
#15304=CARTESIAN_POINT('Ctrl Pts',(51.829950302897,13.0176423241119,1.5));
#15305=CARTESIAN_POINT('Ctrl Pts',(51.829950302897,13.0176423241119,1.7));
#15306=CARTESIAN_POINT('',(51.829950302897,13.0176423241119,1.5));
#15307=CARTESIAN_POINT('',(51.7483694255929,12.8136907268982,1.5));
#15308=CARTESIAN_POINT('Ctrl Pts',(51.829950302897,13.0176423241119,1.5));
#15309=CARTESIAN_POINT('Ctrl Pts',(51.8269306767236,12.9782898949559,1.5));
#15310=CARTESIAN_POINT('Ctrl Pts',(51.8210491615974,12.9016407026222,1.5));
#15311=CARTESIAN_POINT('Ctrl Pts',(51.7721589395727,12.8424784921273,1.5));
#15312=CARTESIAN_POINT('Ctrl Pts',(51.7483694255929,12.8136907268982,1.5));
#15313=CARTESIAN_POINT('',(51.829950302897,13.0176423241119,1.7));
#15314=CARTESIAN_POINT('',(51.829950302897,13.0176423241119,1.5));
#15315=CARTESIAN_POINT('',(51.7483694255929,12.8136907268982,1.7));
#15316=CARTESIAN_POINT('Ctrl Pts',(51.7483694255929,12.8136907268982,1.7));
#15317=CARTESIAN_POINT('Ctrl Pts',(51.7721589395727,12.8424784921273,1.7));
#15318=CARTESIAN_POINT('Ctrl Pts',(51.8210491615974,12.9016407026222,1.7));
#15319=CARTESIAN_POINT('Ctrl Pts',(51.8269306767236,12.9782898949559,1.7));
#15320=CARTESIAN_POINT('Ctrl Pts',(51.829950302897,13.0176423241119,1.7));
#15321=CARTESIAN_POINT('',(51.7483694255929,12.8136907268982,1.5));
#15322=CARTESIAN_POINT('Ctrl Pts',(51.5418679416757,12.7346597362976,1.5));
#15323=CARTESIAN_POINT('Ctrl Pts',(51.5418679416757,12.7346597362976,1.7));
#15324=CARTESIAN_POINT('Ctrl Pts',(51.5813187359414,12.7375884106242,1.5));
#15325=CARTESIAN_POINT('Ctrl Pts',(51.5813187359414,12.7375884106242,1.7));
#15326=CARTESIAN_POINT('Ctrl Pts',(51.658178279298,12.7432941657446,1.5));
#15327=CARTESIAN_POINT('Ctrl Pts',(51.658178279298,12.7432941657446,1.7));
#15328=CARTESIAN_POINT('Ctrl Pts',(51.7188429673804,12.7906445498997,1.5));
#15329=CARTESIAN_POINT('Ctrl Pts',(51.7188429673804,12.7906445498997,1.7));
#15330=CARTESIAN_POINT('Ctrl Pts',(51.7483694255929,12.8136907268982,1.5));
#15331=CARTESIAN_POINT('Ctrl Pts',(51.7483694255929,12.8136907268982,1.7));
#15332=CARTESIAN_POINT('',(51.5418679416757,12.7346597362976,1.5));
#15333=CARTESIAN_POINT('Ctrl Pts',(51.7483694255929,12.8136907268982,1.5));
#15334=CARTESIAN_POINT('Ctrl Pts',(51.7188429673804,12.7906445498997,1.5));
#15335=CARTESIAN_POINT('Ctrl Pts',(51.658178279298,12.7432941657446,1.5));
#15336=CARTESIAN_POINT('Ctrl Pts',(51.5813187359414,12.7375884106242,1.5));
#15337=CARTESIAN_POINT('Ctrl Pts',(51.5418679416757,12.7346597362976,1.5));
#15338=CARTESIAN_POINT('',(51.5418679416757,12.7346597362976,1.7));
#15339=CARTESIAN_POINT('Ctrl Pts',(51.5418679416757,12.7346597362976,1.7));
#15340=CARTESIAN_POINT('Ctrl Pts',(51.5813187359414,12.7375884106242,1.7));
#15341=CARTESIAN_POINT('Ctrl Pts',(51.658178279298,12.7432941657446,1.7));
#15342=CARTESIAN_POINT('Ctrl Pts',(51.7188429673804,12.7906445498997,1.7));
#15343=CARTESIAN_POINT('Ctrl Pts',(51.7483694255929,12.8136907268982,1.7));
#15344=CARTESIAN_POINT('',(51.5418679416757,12.7346597362976,1.5));
#15345=CARTESIAN_POINT('Origin',(50.5144614875894,12.7346597362976,1.5));
#15346=CARTESIAN_POINT('',(50.5144614875894,12.7346597362976,1.5));
#15347=CARTESIAN_POINT('',(39.7869807437947,12.7346597362976,1.5));
#15348=CARTESIAN_POINT('',(50.5144614875894,12.7346597362976,1.7));
#15349=CARTESIAN_POINT('',(51.5418679416757,12.7346597362976,1.7));
#15350=CARTESIAN_POINT('',(50.5144614875894,12.7346597362976,1.5));
#15351=CARTESIAN_POINT('Ctrl Pts',(50.3105110824685,12.8136907268982,1.5));
#15352=CARTESIAN_POINT('Ctrl Pts',(50.3105110824685,12.8136907268982,1.7));
#15353=CARTESIAN_POINT('Ctrl Pts',(50.3393809402581,12.7906462383555,1.5));
#15354=CARTESIAN_POINT('Ctrl Pts',(50.3393809402581,12.7906462383555,1.7));
#15355=CARTESIAN_POINT('Ctrl Pts',(50.3989801553359,12.743072972182,1.5));
#15356=CARTESIAN_POINT('Ctrl Pts',(50.3989801553359,12.743072972182,1.7));
#15357=CARTESIAN_POINT('Ctrl Pts',(50.475175279184,12.7375218797442,1.5));
#15358=CARTESIAN_POINT('Ctrl Pts',(50.475175279184,12.7375218797442,1.7));
#15359=CARTESIAN_POINT('Ctrl Pts',(50.5144614875894,12.7346597362976,1.5));
#15360=CARTESIAN_POINT('Ctrl Pts',(50.5144614875894,12.7346597362976,1.7));
#15361=CARTESIAN_POINT('',(50.3105110824685,12.8136907268982,1.5));
#15362=CARTESIAN_POINT('Ctrl Pts',(50.5144614875894,12.7346597362976,1.5));
#15363=CARTESIAN_POINT('Ctrl Pts',(50.475175279184,12.7375218797442,1.5));
#15364=CARTESIAN_POINT('Ctrl Pts',(50.3989801553359,12.743072972182,1.5));
#15365=CARTESIAN_POINT('Ctrl Pts',(50.3393809402581,12.7906462383555,1.5));
#15366=CARTESIAN_POINT('Ctrl Pts',(50.3105110824685,12.8136907268982,1.5));
#15367=CARTESIAN_POINT('',(50.3105110824685,12.8136907268982,1.7));
#15368=CARTESIAN_POINT('Ctrl Pts',(50.3105110824685,12.8136907268982,1.7));
#15369=CARTESIAN_POINT('Ctrl Pts',(50.3393809402581,12.7906462383555,1.7));
#15370=CARTESIAN_POINT('Ctrl Pts',(50.3989801553359,12.743072972182,1.7));
#15371=CARTESIAN_POINT('Ctrl Pts',(50.475175279184,12.7375218797442,1.7));
#15372=CARTESIAN_POINT('Ctrl Pts',(50.5144614875894,12.7346597362976,1.7));
#15373=CARTESIAN_POINT('',(50.3105110824685,12.8136907268982,1.5));
#15374=CARTESIAN_POINT('Ctrl Pts',(50.2314800918679,13.0176423241119,1.5));
#15375=CARTESIAN_POINT('Ctrl Pts',(50.2314800918679,13.0176423241119,1.7));
#15376=CARTESIAN_POINT('Ctrl Pts',(50.2343421616251,12.9783556930628,1.5));
#15377=CARTESIAN_POINT('Ctrl Pts',(50.2343421616251,12.9783556930628,1.7));
#15378=CARTESIAN_POINT('Ctrl Pts',(50.2398930837205,12.9021601259225,1.5));
#15379=CARTESIAN_POINT('Ctrl Pts',(50.2398930837205,12.9021601259225,1.7));
#15380=CARTESIAN_POINT('Ctrl Pts',(50.2874665959255,12.8425605888517,1.5));
#15381=CARTESIAN_POINT('Ctrl Pts',(50.2874665959255,12.8425605888517,1.7));
#15382=CARTESIAN_POINT('Ctrl Pts',(50.3105110824685,12.8136907268982,1.5));
#15383=CARTESIAN_POINT('Ctrl Pts',(50.3105110824685,12.8136907268982,1.7));
#15384=CARTESIAN_POINT('',(50.2314800918679,13.0176423241119,1.5));
#15385=CARTESIAN_POINT('Ctrl Pts',(50.3105110824685,12.8136907268982,1.5));
#15386=CARTESIAN_POINT('Ctrl Pts',(50.2874665959255,12.8425605888517,1.5));
#15387=CARTESIAN_POINT('Ctrl Pts',(50.2398930837205,12.9021601259225,1.5));
#15388=CARTESIAN_POINT('Ctrl Pts',(50.2343421616251,12.9783556930628,1.5));
#15389=CARTESIAN_POINT('Ctrl Pts',(50.2314800918679,13.0176423241119,1.5));
#15390=CARTESIAN_POINT('',(50.2314800918679,13.0176423241119,1.7));
#15391=CARTESIAN_POINT('Ctrl Pts',(50.2314800918679,13.0176423241119,1.7));
#15392=CARTESIAN_POINT('Ctrl Pts',(50.2343421616251,12.9783556930628,1.7));
#15393=CARTESIAN_POINT('Ctrl Pts',(50.2398930837205,12.9021601259225,1.7));
#15394=CARTESIAN_POINT('Ctrl Pts',(50.2874665959255,12.8425605888517,1.7));
#15395=CARTESIAN_POINT('Ctrl Pts',(50.3105110824685,12.8136907268982,1.7));
#15396=CARTESIAN_POINT('',(50.2314800918679,13.0176423241119,1.5));
#15397=CARTESIAN_POINT('Origin',(50.2314800918679,16.4414794494133,1.5));
#15398=CARTESIAN_POINT('',(50.2314800918679,16.4414794494133,1.5));
#15399=CARTESIAN_POINT('',(50.2314800918679,4.33298972470665,1.5));
#15400=CARTESIAN_POINT('',(50.2314800918679,16.4414794494133,1.7));
#15401=CARTESIAN_POINT('',(50.2314800918679,13.0176423241119,1.7));
#15402=CARTESIAN_POINT('',(50.2314800918679,16.4414794494133,1.5));
#15403=CARTESIAN_POINT('Ctrl Pts',(50.3105110824685,16.645431046627,1.5));
#15404=CARTESIAN_POINT('Ctrl Pts',(50.3105110824685,16.645431046627,1.7));
#15405=CARTESIAN_POINT('Ctrl Pts',(50.2874665968773,16.6165612856623,1.5));
#15406=CARTESIAN_POINT('Ctrl Pts',(50.2874665968773,16.6165612856623,1.7));
#15407=CARTESIAN_POINT('Ctrl Pts',(50.2398929675705,16.5569618079098,1.5));
#15408=CARTESIAN_POINT('Ctrl Pts',(50.2398929675705,16.5569618079098,1.7));
#15409=CARTESIAN_POINT('Ctrl Pts',(50.2343421265515,16.480766195948,1.5));
#15410=CARTESIAN_POINT('Ctrl Pts',(50.2343421265515,16.480766195948,1.7));
#15411=CARTESIAN_POINT('Ctrl Pts',(50.2314800918679,16.4414794494133,1.5));
#15412=CARTESIAN_POINT('Ctrl Pts',(50.2314800918679,16.4414794494133,1.7));
#15413=CARTESIAN_POINT('',(50.3105110824685,16.645431046627,1.5));
#15414=CARTESIAN_POINT('Ctrl Pts',(50.2314800918679,16.4414794494133,1.5));
#15415=CARTESIAN_POINT('Ctrl Pts',(50.2343421265515,16.480766195948,1.5));
#15416=CARTESIAN_POINT('Ctrl Pts',(50.2398929675705,16.5569618079098,1.5));
#15417=CARTESIAN_POINT('Ctrl Pts',(50.2874665968773,16.6165612856623,1.5));
#15418=CARTESIAN_POINT('Ctrl Pts',(50.3105110824685,16.645431046627,1.5));
#15419=CARTESIAN_POINT('',(50.3105110824685,16.645431046627,1.7));
#15420=CARTESIAN_POINT('Ctrl Pts',(50.3105110824685,16.645431046627,1.7));
#15421=CARTESIAN_POINT('Ctrl Pts',(50.2874665968773,16.6165612856623,1.7));
#15422=CARTESIAN_POINT('Ctrl Pts',(50.2398929675705,16.5569618079098,1.7));
#15423=CARTESIAN_POINT('Ctrl Pts',(50.2343421265515,16.480766195948,1.7));
#15424=CARTESIAN_POINT('Ctrl Pts',(50.2314800918679,16.4414794494133,1.7));
#15425=CARTESIAN_POINT('',(50.3105110824685,16.645431046627,1.5));
#15426=CARTESIAN_POINT('Ctrl Pts',(50.5144614875894,16.7244623352509,1.5));
#15427=CARTESIAN_POINT('Ctrl Pts',(50.5144614875894,16.7244623352509,1.7));
#15428=CARTESIAN_POINT('Ctrl Pts',(50.4751752677651,16.7216002081588,1.5));
#15429=CARTESIAN_POINT('Ctrl Pts',(50.4751752677651,16.7216002081588,1.7));
#15430=CARTESIAN_POINT('Ctrl Pts',(50.3989800660648,16.7160491433821,1.5));
#15431=CARTESIAN_POINT('Ctrl Pts',(50.3989800660648,16.7160491433821,1.7));
#15432=CARTESIAN_POINT('Ctrl Pts',(50.3393809262612,16.6684756588672,1.5));
#15433=CARTESIAN_POINT('Ctrl Pts',(50.3393809262612,16.6684756588672,1.7));
#15434=CARTESIAN_POINT('Ctrl Pts',(50.3105110824685,16.645431046627,1.5));
#15435=CARTESIAN_POINT('Ctrl Pts',(50.3105110824685,16.645431046627,1.7));
#15436=CARTESIAN_POINT('',(50.5144614875894,16.7244623352509,1.5));
#15437=CARTESIAN_POINT('Ctrl Pts',(50.3105110824685,16.645431046627,1.5));
#15438=CARTESIAN_POINT('Ctrl Pts',(50.3393809262612,16.6684756588672,1.5));
#15439=CARTESIAN_POINT('Ctrl Pts',(50.3989800660648,16.7160491433821,1.5));
#15440=CARTESIAN_POINT('Ctrl Pts',(50.4751752677651,16.7216002081588,1.5));
#15441=CARTESIAN_POINT('Ctrl Pts',(50.5144614875894,16.7244623352509,1.5));
#15442=CARTESIAN_POINT('',(50.5144614875894,16.7244623352509,1.7));
#15443=CARTESIAN_POINT('Ctrl Pts',(50.5144614875894,16.7244623352509,1.7));
#15444=CARTESIAN_POINT('Ctrl Pts',(50.4751752677651,16.7216002081588,1.7));
#15445=CARTESIAN_POINT('Ctrl Pts',(50.3989800660648,16.7160491433821,1.7));
#15446=CARTESIAN_POINT('Ctrl Pts',(50.3393809262612,16.6684756588672,1.7));
#15447=CARTESIAN_POINT('Ctrl Pts',(50.3105110824685,16.645431046627,1.7));
#15448=CARTESIAN_POINT('',(50.5144614875894,16.7244623352509,1.5));
#15449=CARTESIAN_POINT('Origin',(51.5418679416757,16.7244623352509,1.5));
#15450=CARTESIAN_POINT('',(51.5418679416757,16.7244623352509,1.5));
#15451=CARTESIAN_POINT('',(40.3006839708378,16.7244623352509,1.5));
#15452=CARTESIAN_POINT('',(51.5418679416757,16.7244623352509,1.7));
#15453=CARTESIAN_POINT('',(50.5144614875894,16.7244623352509,1.7));
#15454=CARTESIAN_POINT('',(51.5418679416757,16.7244623352509,1.5));
#15455=CARTESIAN_POINT('Ctrl Pts',(51.7483694255929,16.645431046627,1.5));
#15456=CARTESIAN_POINT('Ctrl Pts',(51.7483694255929,16.645431046627,1.7));
#15457=CARTESIAN_POINT('Ctrl Pts',(51.7188429812026,16.6684773473884,1.5));
#15458=CARTESIAN_POINT('Ctrl Pts',(51.7188429812026,16.6684773473884,1.7));
#15459=CARTESIAN_POINT('Ctrl Pts',(51.6581783671514,16.7158279502079,1.5));
#15460=CARTESIAN_POINT('Ctrl Pts',(51.6581783671514,16.7158279502079,1.7));
#15461=CARTESIAN_POINT('Ctrl Pts',(51.5813187471453,16.7215336773658,1.5));
#15462=CARTESIAN_POINT('Ctrl Pts',(51.5813187471453,16.7215336773658,1.7));
#15463=CARTESIAN_POINT('Ctrl Pts',(51.5418679416757,16.7244623352509,1.5));
#15464=CARTESIAN_POINT('Ctrl Pts',(51.5418679416757,16.7244623352509,1.7));
#15465=CARTESIAN_POINT('',(51.7483694255929,16.645431046627,1.5));
#15466=CARTESIAN_POINT('Ctrl Pts',(51.5418679416757,16.7244623352509,1.5));
#15467=CARTESIAN_POINT('Ctrl Pts',(51.5813187471453,16.7215336773658,1.5));
#15468=CARTESIAN_POINT('Ctrl Pts',(51.6581783671514,16.7158279502079,1.5));
#15469=CARTESIAN_POINT('Ctrl Pts',(51.7188429812026,16.6684773473884,1.5));
#15470=CARTESIAN_POINT('Ctrl Pts',(51.7483694255929,16.645431046627,1.5));
#15471=CARTESIAN_POINT('',(51.7483694255929,16.645431046627,1.7));
#15472=CARTESIAN_POINT('Ctrl Pts',(51.7483694255929,16.645431046627,1.7));
#15473=CARTESIAN_POINT('Ctrl Pts',(51.7188429812026,16.6684773473884,1.7));
#15474=CARTESIAN_POINT('Ctrl Pts',(51.6581783671514,16.7158279502079,1.7));
#15475=CARTESIAN_POINT('Ctrl Pts',(51.5813187471453,16.7215336773658,1.7));
#15476=CARTESIAN_POINT('Ctrl Pts',(51.5418679416757,16.7244623352509,1.7));
#15477=CARTESIAN_POINT('',(51.7483694255929,16.645431046627,1.5));
#15478=CARTESIAN_POINT('Ctrl Pts',(51.829950302897,16.4414794494133,1.5));
#15479=CARTESIAN_POINT('Ctrl Pts',(51.829950302897,16.4414794494133,1.7));
#15480=CARTESIAN_POINT('Ctrl Pts',(51.8269307121002,16.480831994651,1.5));
#15481=CARTESIAN_POINT('Ctrl Pts',(51.8269307121002,16.480831994651,1.7));
#15482=CARTESIAN_POINT('Ctrl Pts',(51.8210492796295,16.5574812338839,1.5));
#15483=CARTESIAN_POINT('Ctrl Pts',(51.8210492796295,16.5574812338839,1.7));
#15484=CARTESIAN_POINT('Ctrl Pts',(51.7721589387315,16.616643382514,1.5));
#15485=CARTESIAN_POINT('Ctrl Pts',(51.7721589387315,16.616643382514,1.7));
#15486=CARTESIAN_POINT('Ctrl Pts',(51.7483694255929,16.645431046627,1.5));
#15487=CARTESIAN_POINT('Ctrl Pts',(51.7483694255929,16.645431046627,1.7));
#15488=CARTESIAN_POINT('',(51.829950302897,16.4414794494133,1.5));
#15489=CARTESIAN_POINT('Ctrl Pts',(51.7483694255929,16.645431046627,1.5));
#15490=CARTESIAN_POINT('Ctrl Pts',(51.7721589387315,16.616643382514,1.5));
#15491=CARTESIAN_POINT('Ctrl Pts',(51.8210492796295,16.5574812338839,1.5));
#15492=CARTESIAN_POINT('Ctrl Pts',(51.8269307121002,16.480831994651,1.5));
#15493=CARTESIAN_POINT('Ctrl Pts',(51.829950302897,16.4414794494133,1.5));
#15494=CARTESIAN_POINT('',(51.829950302897,16.4414794494133,1.7));
#15495=CARTESIAN_POINT('Ctrl Pts',(51.829950302897,16.4414794494133,1.7));
#15496=CARTESIAN_POINT('Ctrl Pts',(51.8269307121002,16.480831994651,1.7));
#15497=CARTESIAN_POINT('Ctrl Pts',(51.8210492796295,16.5574812338839,1.7));
#15498=CARTESIAN_POINT('Ctrl Pts',(51.7721589387315,16.616643382514,1.7));
#15499=CARTESIAN_POINT('Ctrl Pts',(51.7483694255929,16.645431046627,1.7));
#15500=CARTESIAN_POINT('',(51.829950302897,16.4414794494133,1.5));
#15501=CARTESIAN_POINT('Origin',(51.829950302897,15.5134998013,1.5));
#15502=CARTESIAN_POINT('',(51.829950302897,15.5134998013,1.5));
#15503=CARTESIAN_POINT('',(51.829950302897,3.86899990065002,1.5));
#15504=CARTESIAN_POINT('',(51.829950302897,15.5134998013,1.7));
#15505=CARTESIAN_POINT('',(51.829950302897,16.4414794494133,1.7));
#15506=CARTESIAN_POINT('',(51.829950302897,15.5134998013,1.5));
#15507=CARTESIAN_POINT('Origin',(51.4730353057962,15.5134998013,1.5));
#15508=CARTESIAN_POINT('',(51.4730353057962,15.5134998013,1.5));
#15509=CARTESIAN_POINT('',(40.2662676528981,15.5134998013,1.5));
#15510=CARTESIAN_POINT('',(51.4730353057962,15.5134998013,1.7));
#15511=CARTESIAN_POINT('',(51.829950302897,15.5134998013,1.7));
#15512=CARTESIAN_POINT('',(51.4730353057962,15.5134998013,1.5));
#15513=CARTESIAN_POINT('Origin',(51.4730353057962,16.4108867694359,1.5));
#15514=CARTESIAN_POINT('',(51.4730353057962,16.4108867694359,1.5));
#15515=CARTESIAN_POINT('',(51.4730353057961,4.31769338471794,1.5));
#15516=CARTESIAN_POINT('',(51.4730353057962,16.4108867694359,1.7));
#15517=CARTESIAN_POINT('',(51.4730353057962,15.5134998013,1.7));
#15518=CARTESIAN_POINT('',(51.4730353057962,16.4108867694359,1.5));
#15519=CARTESIAN_POINT('Origin',(50.5858452022653,16.4108867694359,1.5));
#15520=CARTESIAN_POINT('',(50.5858452022653,16.4108867694359,1.5));
#15521=CARTESIAN_POINT('',(39.8226726011326,16.4108867694359,1.5));
#15522=CARTESIAN_POINT('',(50.5858452022653,16.4108867694359,1.7));
#15523=CARTESIAN_POINT('',(51.4730353057962,16.4108867694359,1.7));
#15524=CARTESIAN_POINT('',(50.5858452022653,16.4108867694359,1.5));
#15525=CARTESIAN_POINT('Origin',(50.5858452022653,13.0482350040894,1.5));
#15526=CARTESIAN_POINT('',(50.5858452022653,13.0482350040894,1.5));
#15527=CARTESIAN_POINT('',(50.5858452022653,2.63636750204467,1.5));
#15528=CARTESIAN_POINT('',(50.5858452022653,13.0482350040894,1.7));
#15529=CARTESIAN_POINT('',(50.5858452022653,16.4108867694359,1.7));
#15530=CARTESIAN_POINT('',(50.5858452022653,13.0482350040894,1.5));
#15531=CARTESIAN_POINT('Origin',(51.4730353057962,13.0482350040894,1.5));
#15532=CARTESIAN_POINT('',(51.4730353057962,13.0482350040894,1.5));
#15533=CARTESIAN_POINT('',(40.2662676528981,13.0482350040894,1.5));
#15534=CARTESIAN_POINT('',(51.4730353057962,13.0482350040894,1.7));
#15535=CARTESIAN_POINT('',(50.5858452022653,13.0482350040894,1.7));
#15536=CARTESIAN_POINT('',(51.4730353057962,13.0482350040894,1.5));
#15537=CARTESIAN_POINT('Origin',(51.4730353057962,14.0297521401863,1.5));
#15538=CARTESIAN_POINT('',(51.4730353057962,14.0297521401863,1.5));
#15539=CARTESIAN_POINT('',(51.4730353057961,3.12712607009315,1.5));
#15540=CARTESIAN_POINT('',(51.4730353057962,14.0297521401863,1.7));
#15541=CARTESIAN_POINT('',(51.4730353057962,13.0482350040894,1.7));
#15542=CARTESIAN_POINT('',(51.4730353057962,14.0297521401863,1.5));
#15543=CARTESIAN_POINT('Origin',(51.829950302897,14.0297521401863,1.5));
#15544=CARTESIAN_POINT('',(51.829950302897,14.0297521401863,1.5));
#15545=CARTESIAN_POINT('',(40.4447251514485,14.0297521401863,1.5));
#15546=CARTESIAN_POINT('',(51.829950302897,14.0297521401863,1.7));
#15547=CARTESIAN_POINT('',(51.4730353057962,14.0297521401863,1.7));
#15548=CARTESIAN_POINT('',(51.829950302897,14.0297521401863,1.5));
#15549=CARTESIAN_POINT('Origin',(51.829950302897,13.0176423241119,1.5));
#15550=CARTESIAN_POINT('',(51.829950302897,2.62107116205597,1.5));
#15551=CARTESIAN_POINT('',(51.829950302897,14.0297521401863,1.7));
#15552=CARTESIAN_POINT('Origin',(53.2494519055467,14.7346597660999,1.7));
#15553=CARTESIAN_POINT('Origin',(53.8893503845315,12.7346597362976,1.5));
#15554=CARTESIAN_POINT('',(54.2794079483132,12.7346597362976,1.5));
#15555=CARTESIAN_POINT('',(53.8893503845315,12.7346597362976,1.5));
#15556=CARTESIAN_POINT('',(41.4744251922657,12.7346597362976,1.5));
#15557=CARTESIAN_POINT('',(54.2794079483132,12.7346597362976,1.7));
#15558=CARTESIAN_POINT('',(54.2794079483132,12.7346597362976,1.5));
#15559=CARTESIAN_POINT('',(53.8893503845315,12.7346597362976,1.7));
#15560=CARTESIAN_POINT('',(54.2794079483132,12.7346597362976,1.7));
#15561=CARTESIAN_POINT('',(53.8893503845315,12.7346597362976,1.5));
#15562=CARTESIAN_POINT('Origin',(52.9690189064126,14.6518043924789,1.5));
#15563=CARTESIAN_POINT('',(52.9690189064126,14.6518043924789,1.5));
#15564=CARTESIAN_POINT('',(55.1049529937364,10.2024350958445,1.5));
#15565=CARTESIAN_POINT('',(52.9690189064126,14.6518043924789,1.7));
#15566=CARTESIAN_POINT('',(53.8893503845315,12.7346597362976,1.7));
#15567=CARTESIAN_POINT('',(52.9690189064126,14.6518043924789,1.5));
#15568=CARTESIAN_POINT('Origin',(52.9690189064126,12.7346597362976,1.5));
#15569=CARTESIAN_POINT('',(52.9690189064126,12.7346597362976,1.5));
#15570=CARTESIAN_POINT('',(52.9690189064126,2.4795798681488,1.5));
#15571=CARTESIAN_POINT('',(52.9690189064126,12.7346597362976,1.7));
#15572=CARTESIAN_POINT('',(52.9690189064126,14.6518043924789,1.7));
#15573=CARTESIAN_POINT('',(52.9690189064126,12.7346597362976,1.5));
#15574=CARTESIAN_POINT('Origin',(52.6146537960153,12.7346597362976,1.5));
#15575=CARTESIAN_POINT('',(52.6146537960153,12.7346597362976,1.5));
#15576=CARTESIAN_POINT('',(40.8370768980076,12.7346597362976,1.5));
#15577=CARTESIAN_POINT('',(52.6146537960153,12.7346597362976,1.7));
#15578=CARTESIAN_POINT('',(52.9690189064126,12.7346597362976,1.7));
#15579=CARTESIAN_POINT('',(52.6146537960153,12.7346597362976,1.5));
#15580=CARTESIAN_POINT('Origin',(52.6146537960153,16.7244623352509,1.5));
#15581=CARTESIAN_POINT('',(52.6146537960153,16.7244623352509,1.5));
#15582=CARTESIAN_POINT('',(52.6146537960153,4.47448116762542,1.5));
#15583=CARTESIAN_POINT('',(52.6146537960153,16.7244623352509,1.7));
#15584=CARTESIAN_POINT('',(52.6146537960153,12.7346597362976,1.7));
#15585=CARTESIAN_POINT('',(52.6146537960153,16.7244623352509,1.5));
#15586=CARTESIAN_POINT('Origin',(52.9690189064126,16.7244623352509,1.5));
#15587=CARTESIAN_POINT('',(52.9690189064126,16.7244623352509,1.5));
#15588=CARTESIAN_POINT('',(41.0142594532063,16.7244623352509,1.5));
#15589=CARTESIAN_POINT('',(52.9690189064126,16.7244623352509,1.7));
#15590=CARTESIAN_POINT('',(52.6146537960153,16.7244623352509,1.7));
#15591=CARTESIAN_POINT('',(52.9690189064126,16.7244623352509,1.5));
#15592=CARTESIAN_POINT('Origin',(52.9690189064126,14.9322376896362,1.5));
#15593=CARTESIAN_POINT('',(52.9690189064126,14.9322376896362,1.5));
#15594=CARTESIAN_POINT('',(52.9690189064126,3.57836884481811,1.5));
#15595=CARTESIAN_POINT('',(52.9690189064126,14.9322376896362,1.7));
#15596=CARTESIAN_POINT('',(52.9690189064126,16.7244623352509,1.7));
#15597=CARTESIAN_POINT('',(52.9690189064126,14.9322376896362,1.5));
#15598=CARTESIAN_POINT('Origin',(53.8052208126168,16.7244623352509,1.5));
#15599=CARTESIAN_POINT('',(53.8052208126168,16.7244623352509,1.5));
#15600=CARTESIAN_POINT('',(46.8995685103551,1.92363473807462,1.5));
#15601=CARTESIAN_POINT('',(53.8052208126168,16.7244623352509,1.7));
#15602=CARTESIAN_POINT('',(52.9690189064126,14.9322376896362,1.7));
#15603=CARTESIAN_POINT('',(53.8052208126168,16.7244623352509,1.5));
#15604=CARTESIAN_POINT('Origin',(54.1901797950845,16.7244623352509,1.5));
#15605=CARTESIAN_POINT('',(54.1901797950845,16.7244623352509,1.5));
#15606=CARTESIAN_POINT('',(41.6248398975422,16.7244623352509,1.5));
#15607=CARTESIAN_POINT('',(54.1901797950845,16.7244623352509,1.7));
#15608=CARTESIAN_POINT('',(53.8052208126168,16.7244623352509,1.7));
#15609=CARTESIAN_POINT('',(54.1901797950845,16.7244623352509,1.5));
#15610=CARTESIAN_POINT('Origin',(54.1901797950845,16.7015175272446,1.5));
#15611=CARTESIAN_POINT('',(54.1901797950845,16.7015175272446,1.5));
#15612=CARTESIAN_POINT('',(54.1901797950845,4.46300876362228,1.5));
#15613=CARTESIAN_POINT('',(54.1901797950845,16.7015175272446,1.7));
#15614=CARTESIAN_POINT('',(54.1901797950845,16.7244623352509,1.7));
#15615=CARTESIAN_POINT('',(54.1901797950845,16.7015175272446,1.5));
#15616=CARTESIAN_POINT('Origin',(53.2876939476113,14.802218501709,1.5));
#15617=CARTESIAN_POINT('',(53.2876939476113,14.802218501709,1.5));
#15618=CARTESIAN_POINT('',(46.6802696070522,0.896765417363047,1.5));
#15619=CARTESIAN_POINT('',(53.2876939476113,14.802218501709,1.7));
#15620=CARTESIAN_POINT('',(54.1901797950845,16.7015175272446,1.7));
#15621=CARTESIAN_POINT('',(53.2876939476113,14.802218501709,1.5));
#15622=CARTESIAN_POINT('Origin',(54.2794079483132,12.7346597362976,1.5));
#15623=CARTESIAN_POINT('',(55.9197577759339,9.3148031425239,1.5));
#15624=CARTESIAN_POINT('',(53.2876939476113,14.802218501709,1.7));
#15625=CARTESIAN_POINT('Origin',(53.2494519055467,14.7346597660999,1.7));
#15626=CARTESIAN_POINT('Origin',(57.8169483841043,16.0973112036209,1.5));
#15627=CARTESIAN_POINT('',(58.1662149131875,13.9354245115738,1.5));
#15628=CARTESIAN_POINT('',(57.8169483841043,16.0973112036209,1.5));
#15629=CARTESIAN_POINT('',(59.3305535102336,6.72841236357939,1.5));
#15630=CARTESIAN_POINT('',(58.1662149131875,13.9354245115738,1.7));
#15631=CARTESIAN_POINT('',(58.1662149131875,13.9354245115738,1.5));
#15632=CARTESIAN_POINT('',(57.8169483841043,16.0973112036209,1.7));
#15633=CARTESIAN_POINT('',(58.1662149131875,13.9354245115738,1.7));
#15634=CARTESIAN_POINT('',(57.8169483841043,16.0973112036209,1.5));
#15635=CARTESIAN_POINT('Origin',(57.4651319683175,13.9354245115738,1.5));
#15636=CARTESIAN_POINT('',(57.4651319683175,13.9354245115738,1.5));
#15637=CARTESIAN_POINT('',(55.3777080458666,1.10835392558107,1.5));
#15638=CARTESIAN_POINT('',(57.4651319683175,13.9354245115738,1.7));
#15639=CARTESIAN_POINT('',(57.8169483841043,16.0973112036209,1.7));
#15640=CARTESIAN_POINT('',(57.4651319683175,13.9354245115738,1.5));
#15641=CARTESIAN_POINT('Origin',(58.1662149131875,13.9354245115738,1.5));
#15642=CARTESIAN_POINT('',(43.6128574565937,13.9354245115738,1.5));
#15643=CARTESIAN_POINT('',(57.4651319683175,13.9354245115738,1.7));
#15644=CARTESIAN_POINT('Origin',(58.3523208797555,12.7346597362976,1.5));
#15645=CARTESIAN_POINT('',(58.7041372955423,12.7346597362976,1.5));
#15646=CARTESIAN_POINT('',(58.3523208797555,12.7346597362976,1.5));
#15647=CARTESIAN_POINT('',(43.7059104398777,12.7346597362976,1.5));
#15648=CARTESIAN_POINT('',(58.7041372955423,12.7346597362976,1.7));
#15649=CARTESIAN_POINT('',(58.7041372955423,12.7346597362976,1.5));
#15650=CARTESIAN_POINT('',(58.3523208797555,12.7346597362976,1.7));
#15651=CARTESIAN_POINT('',(58.7041372955423,12.7346597362976,1.7));
#15652=CARTESIAN_POINT('',(58.3523208797555,12.7346597362976,1.5));
#15653=CARTESIAN_POINT('Origin',(58.2121045292001,13.621849243782,1.5));
#15654=CARTESIAN_POINT('',(58.2121045292001,13.621849243782,1.5));
#15655=CARTESIAN_POINT('',(59.5065564434636,5.43147663938468,1.5));
#15656=CARTESIAN_POINT('',(58.2121045292001,13.621849243782,1.7));
#15657=CARTESIAN_POINT('',(58.3523208797555,12.7346597362976,1.7));
#15658=CARTESIAN_POINT('',(58.2121045292001,13.621849243782,1.5));
#15659=CARTESIAN_POINT('Origin',(57.4192423523049,13.621849243782,1.5));
#15660=CARTESIAN_POINT('',(57.4192423523049,13.621849243782,1.5));
#15661=CARTESIAN_POINT('',(43.2393711761525,13.621849243782,1.5));
#15662=CARTESIAN_POINT('',(57.4192423523049,13.621849243782,1.7));
#15663=CARTESIAN_POINT('',(58.2121045292001,13.621849243782,1.7));
#15664=CARTESIAN_POINT('',(57.4192423523049,13.621849243782,1.5));
#15665=CARTESIAN_POINT('Origin',(57.2790260017495,12.7346597362976,1.5));
#15666=CARTESIAN_POINT('',(57.2790260017495,12.7346597362976,1.5));
#15667=CARTESIAN_POINT('',(55.3539035381975,0.55385169557684,1.5));
#15668=CARTESIAN_POINT('',(57.2790260017495,12.7346597362976,1.7));
#15669=CARTESIAN_POINT('',(57.4192423523049,13.621849243782,1.7));
#15670=CARTESIAN_POINT('',(57.2790260017495,12.7346597362976,1.5));
#15671=CARTESIAN_POINT('Origin',(56.937406748591,12.7346597362976,1.5));
#15672=CARTESIAN_POINT('',(56.937406748591,12.7346597362976,1.5));
#15673=CARTESIAN_POINT('',(42.9984533742955,12.7346597362976,1.5));
#15674=CARTESIAN_POINT('',(56.937406748591,12.7346597362976,1.7));
#15675=CARTESIAN_POINT('',(57.2790260017495,12.7346597362976,1.7));
#15676=CARTESIAN_POINT('',(56.937406748591,12.7346597362976,1.5));
#15677=CARTESIAN_POINT('Origin',(56.937406748591,12.7448574949722,1.5));
#15678=CARTESIAN_POINT('',(56.937406748591,12.7448574949722,1.5));
#15679=CARTESIAN_POINT('',(56.9374067485909,2.48467874748611,1.5));
#15680=CARTESIAN_POINT('',(56.937406748591,12.7448574949722,1.7));
#15681=CARTESIAN_POINT('',(56.937406748591,12.7346597362976,1.7));
#15682=CARTESIAN_POINT('',(56.937406748591,12.7448574949722,1.5));
#15683=CARTESIAN_POINT('Origin',(57.648688048182,16.7346597959023,1.5));
#15684=CARTESIAN_POINT('',(57.648688048182,16.7346597959023,1.5));
#15685=CARTESIAN_POINT('',(55.0908977760437,2.38720328475696,1.5));
#15686=CARTESIAN_POINT('',(57.648688048182,16.7346597959023,1.7));
#15687=CARTESIAN_POINT('',(56.937406748591,12.7448574949722,1.7));
#15688=CARTESIAN_POINT('',(57.648688048182,16.7346597959023,1.5));
#15689=CARTESIAN_POINT('Origin',(57.9979545772653,16.7346597959022,1.5));
#15690=CARTESIAN_POINT('',(57.9979545772653,16.7346597959022,1.5));
#15691=CARTESIAN_POINT('',(43.5287272886326,16.7346597959023,1.5));
#15692=CARTESIAN_POINT('',(57.9979545772653,16.7346597959022,1.7));
#15693=CARTESIAN_POINT('',(57.648688048182,16.7346597959022,1.7));
#15694=CARTESIAN_POINT('',(57.9979545772653,16.7346597959022,1.5));
#15695=CARTESIAN_POINT('Origin',(58.7041372955423,12.7346597362976,1.5));
#15696=CARTESIAN_POINT('',(60.0118795103195,5.32727238218675,1.5));
#15697=CARTESIAN_POINT('',(57.9979545772653,16.7346597959022,1.7));
#15698=CARTESIAN_POINT('Origin',(53.2494519055467,14.7346597660999,1.7));
#15699=CARTESIAN_POINT('Origin',(29.0595,-7.77550000000001,1.5));
#15700=CARTESIAN_POINT('',(69.778,-48.496,1.5));
#15701=CARTESIAN_POINT('',(-11.659,-48.496,1.5));
#15702=CARTESIAN_POINT('',(6.20024999999999,-48.496,1.5));
#15703=CARTESIAN_POINT('',(73.278,-44.996,1.5));
#15704=CARTESIAN_POINT('Origin',(69.778,-44.996,1.5));
#15705=CARTESIAN_POINT('',(73.278,29.445,1.5));
#15706=CARTESIAN_POINT('',(73.278,-28.88575,1.5));
#15707=CARTESIAN_POINT('',(69.778,32.945,1.5));
#15708=CARTESIAN_POINT('Origin',(69.778,29.445,1.5));
#15709=CARTESIAN_POINT('',(-11.659,32.945,1.5));
#15710=CARTESIAN_POINT('',(51.91875,32.945,1.5));
#15711=CARTESIAN_POINT('',(-15.159,29.445,1.5));
#15712=CARTESIAN_POINT('Origin',(-11.659,29.445,1.5));
#15713=CARTESIAN_POINT('',(-15.159,-44.996,1.5));
#15714=CARTESIAN_POINT('',(-15.159,13.33475,1.5));
#15715=CARTESIAN_POINT('Origin',(-11.659,-44.996,1.5));
#15716=CARTESIAN_POINT('',(56.2388833251425,17.695647136106,1.5));
#15717=CARTESIAN_POINT('',(55.535250493569,17.695647136106,1.5));
#15718=CARTESIAN_POINT('',(42.2973752467845,17.695647136106,1.5));
#15719=CARTESIAN_POINT('',(55.2548166003653,19.4700261510749,1.5));
#15720=CARTESIAN_POINT('',(57.0361854149264,8.19883704348406,1.5));
#15721=CARTESIAN_POINT('',(53.6690934386679,19.4700261510749,1.5));
#15722=CARTESIAN_POINT('',(41.364296719334,19.4700261510749,1.5));
#15723=CARTESIAN_POINT('',(53.3886595454642,17.6956471361061,1.5));
#15724=CARTESIAN_POINT('',(51.1284528605228,3.39472485657709,1.5));
#15725=CARTESIAN_POINT('',(52.7054222312399,17.6956471361061,1.5));
#15726=CARTESIAN_POINT('',(40.88246111562,17.6956471361061,1.5));
#15727=CARTESIAN_POINT('',(52.7054222312399,17.7160426534553,1.5));
#15728=CARTESIAN_POINT('',(52.7054222312399,4.97027132672764,1.5));
#15729=CARTESIAN_POINT('',(54.1279848304221,25.6956472553153,1.5));
#15730=CARTESIAN_POINT('',(50.8502634591773,7.30986897558513,1.5));
#15731=CARTESIAN_POINT('',(54.8265178885886,25.6956472553153,1.5));
#15732=CARTESIAN_POINT('',(41.9430089442943,25.6956472553153,1.5));
#15733=CARTESIAN_POINT('',(58.0085669957048,7.6717048835937,1.5));
#15734=CARTESIAN_POINT('',(51.4368422713705,18.2616123117347,1.5));
#15735=CARTESIAN_POINT('',(51.28132898478,17.8537091173072,1.5));
#15736=CARTESIAN_POINT('Ctrl Pts',(51.4368422713705,18.2616123117347,1.5));
#15737=CARTESIAN_POINT('Ctrl Pts',(51.4312728027899,18.1831052040253,1.5));
#15738=CARTESIAN_POINT('Ctrl Pts',(51.4204936582203,18.0311626171388,1.5));
#15739=CARTESIAN_POINT('Ctrl Pts',(51.3266733461773,17.9115292194112,1.5));
#15740=CARTESIAN_POINT('Ctrl Pts',(51.28132898478,17.8537091173072,1.5));
#15741=CARTESIAN_POINT('',(50.875975677056,17.6956471361061,1.5));
#15742=CARTESIAN_POINT('Ctrl Pts',(51.28132898478,17.8537091173072,1.5));
#15743=CARTESIAN_POINT('Ctrl Pts',(51.2242466452691,17.8076220476375,1.5));
#15744=CARTESIAN_POINT('Ctrl Pts',(51.1061192788361,17.7122485185678,1.5));
#15745=CARTESIAN_POINT('Ctrl Pts',(50.954386877038,17.7013033190723,1.5));
#15746=CARTESIAN_POINT('Ctrl Pts',(50.875975677056,17.6956471361061,1.5));
#15747=CARTESIAN_POINT('',(48.8670529809424,17.6956471361061,1.5));
#15748=CARTESIAN_POINT('',(38.9632764904712,17.6956471361061,1.5));
#15749=CARTESIAN_POINT('',(48.4566004958578,17.8537091173072,1.5));
#15750=CARTESIAN_POINT('Ctrl Pts',(48.8670529809424,17.6956471361061,1.5));
#15751=CARTESIAN_POINT('Ctrl Pts',(48.7883163034325,17.701438318139,1.5));
#15752=CARTESIAN_POINT('Ctrl Pts',(48.6352630757593,17.7126955762584,1.5));
#15753=CARTESIAN_POINT('Ctrl Pts',(48.5149969402222,17.8076183835396,1.5));
#15754=CARTESIAN_POINT('Ctrl Pts',(48.4566004958578,17.8537091173072,1.5));
#15755=CARTESIAN_POINT('',(48.2959886279532,18.2616123117347,1.5));
#15756=CARTESIAN_POINT('Ctrl Pts',(48.4566004958578,17.8537091173072,1.5));
#15757=CARTESIAN_POINT('Ctrl Pts',(48.4097661731206,17.9113672586899,1.5));
#15758=CARTESIAN_POINT('Ctrl Pts',(48.3132983226856,18.0301296669874,1.5));
#15759=CARTESIAN_POINT('Ctrl Pts',(48.3018690735994,18.1829730791249,1.5));
#15760=CARTESIAN_POINT('Ctrl Pts',(48.2959886279532,18.2616123117347,1.5));
#15761=CARTESIAN_POINT('',(48.2959886279532,20.2858325399299,1.5));
#15762=CARTESIAN_POINT('',(48.2959886279532,6.25516626996495,1.5));
#15763=CARTESIAN_POINT('',(49.0047200408408,20.2858325399299,1.5));
#15764=CARTESIAN_POINT('',(39.0321100204204,20.2858325399299,1.5));
#15765=CARTESIAN_POINT('',(49.0047200408408,18.3227976716895,1.5));
#15766=CARTESIAN_POINT('',(49.0047200408408,5.27364883584477,1.5));
#15767=CARTESIAN_POINT('',(50.728110858483,18.3227976716895,1.5));
#15768=CARTESIAN_POINT('',(39.8938054292415,18.3227976716895,1.5));
#15769=CARTESIAN_POINT('',(50.728110858483,20.2246471799751,1.5));
#15770=CARTESIAN_POINT('',(50.728110858483,6.22457358998753,1.5));
#15771=CARTESIAN_POINT('',(48.5254343238303,22.8862145103355,1.5));
#15772=CARTESIAN_POINT('',(52.0992432888872,18.5678622526608,1.5));
#15773=CARTESIAN_POINT('',(48.2959886279532,23.4929701246162,1.5));
#15774=CARTESIAN_POINT('Ctrl Pts',(48.5254343238303,22.8862145103355,1.5));
#15775=CARTESIAN_POINT('Ctrl Pts',(48.4585217767172,22.9790969483384,1.5));
#15776=CARTESIAN_POINT('Ctrl Pts',(48.3275028273336,23.160966567242,1.5));
#15777=CARTESIAN_POINT('Ctrl Pts',(48.306342289974,23.383893813292,1.5));
#15778=CARTESIAN_POINT('Ctrl Pts',(48.2959886279532,23.4929701246162,1.5));
#15779=CARTESIAN_POINT('',(48.2959886279532,25.1092865623374,1.5));
#15780=CARTESIAN_POINT('',(48.2959886279532,8.66689328116871,1.5));
#15781=CARTESIAN_POINT('',(48.4566004958579,25.5171897567649,1.5));
#15782=CARTESIAN_POINT('Ctrl Pts',(48.2959886279532,25.1092865623374,1.5));
#15783=CARTESIAN_POINT('Ctrl Pts',(48.3018693488245,25.1879257654249,1.5));
#15784=CARTESIAN_POINT('Ctrl Pts',(48.3132991219099,25.3407689740338,1.5));
#15785=CARTESIAN_POINT('Ctrl Pts',(48.4097664662734,25.4595315785485,1.5));
#15786=CARTESIAN_POINT('Ctrl Pts',(48.4566004958579,25.5171897567649,1.5));
#15787=CARTESIAN_POINT('',(48.8670529809424,25.6752523340125,1.5));
#15788=CARTESIAN_POINT('Ctrl Pts',(48.4566004958579,25.5171897567649,1.5));
#15789=CARTESIAN_POINT('Ctrl Pts',(48.5149967284867,25.563280589656,1.5));
#15790=CARTESIAN_POINT('Ctrl Pts',(48.6352626949177,25.6582038117838,1.5));
#15791=CARTESIAN_POINT('Ctrl Pts',(48.7883160651378,25.6694611160873,1.5));
#15792=CARTESIAN_POINT('Ctrl Pts',(48.8670529809424,25.6752523340125,1.5));
#15793=CARTESIAN_POINT('',(50.875975677056,25.6752523340125,1.5));
#15794=CARTESIAN_POINT('',(39.967737838528,25.6752523340125,1.5));
#15795=CARTESIAN_POINT('',(51.28132898478,25.5171897567649,1.5));
#15796=CARTESIAN_POINT('Ctrl Pts',(50.875975677056,25.6752523340125,1.5));
#15797=CARTESIAN_POINT('Ctrl Pts',(50.9543869000924,25.6695961836577,1.5));
#15798=CARTESIAN_POINT('Ctrl Pts',(51.1061194588169,25.6586510391663,1.5));
#15799=CARTESIAN_POINT('Ctrl Pts',(51.2242466734411,25.5632770737647,1.5));
#15800=CARTESIAN_POINT('Ctrl Pts',(51.28132898478,25.5171897567649,1.5));
#15801=CARTESIAN_POINT('',(51.4368422713706,25.1092865623374,1.5));
#15802=CARTESIAN_POINT('Ctrl Pts',(51.28132898478,25.5171897567649,1.5));
#15803=CARTESIAN_POINT('Ctrl Pts',(51.3266727613729,25.4593695834094,1.5));
#15804=CARTESIAN_POINT('Ctrl Pts',(51.4204920511754,25.33973579884,1.5));
#15805=CARTESIAN_POINT('Ctrl Pts',(51.4312722484444,25.1877936108856,1.5));
#15806=CARTESIAN_POINT('Ctrl Pts',(51.4368422713706,25.1092865623374,1.5));
#15807=CARTESIAN_POINT('',(51.4368422713706,23.2533272661109,1.5));
#15808=CARTESIAN_POINT('',(51.4368422713706,7.73891363305546,1.5));
#15809=CARTESIAN_POINT('',(50.728110858483,23.2533272661109,1.5));
#15810=CARTESIAN_POINT('',(39.8938054292415,23.2533272661109,1.5));
#15811=CARTESIAN_POINT('',(50.728110858483,25.0481012023826,1.5));
#15812=CARTESIAN_POINT('',(50.728110858483,8.6363006011913,1.5));
#15813=CARTESIAN_POINT('',(49.0047200408408,25.0481012023826,1.5));
#15814=CARTESIAN_POINT('',(39.0321100204204,25.0481012023826,1.5));
#15815=CARTESIAN_POINT('',(49.0047200408408,23.3655008233924,1.5));
#15816=CARTESIAN_POINT('',(49.0047200408408,7.79500041169621,1.5));
#15817=CARTESIAN_POINT('',(51.2175949302145,20.7039328969856,1.5));
#15818=CARTESIAN_POINT('',(53.6895458730507,17.730757424347,1.5));
#15819=CARTESIAN_POINT('',(51.4368422713705,20.1073738492866,1.5));
#15820=CARTESIAN_POINT('Ctrl Pts',(51.2175949302145,20.7039328969856,1.5));
#15821=CARTESIAN_POINT('Ctrl Pts',(51.2815398424021,20.6133677593237,1.5));
#15822=CARTESIAN_POINT('Ctrl Pts',(51.4081355690615,20.4340703137553,1.5));
#15823=CARTESIAN_POINT('Ctrl Pts',(51.4273388042545,20.2155280034481,1.5));
#15824=CARTESIAN_POINT('Ctrl Pts',(51.4368422713705,20.1073738492866,1.5));
#15825=CARTESIAN_POINT('',(51.4368422713705,5.24305615586735,1.5));
#15826=CARTESIAN_POINT('',(44.6268998470732,25.6752523340125,1.5));
#15827=CARTESIAN_POINT('',(43.2451279845663,17.6752516187568,1.5));
#15828=CARTESIAN_POINT('',(40.905385422715,4.12891833739572,1.5));
#15829=CARTESIAN_POINT('',(42.5771867123076,17.6752516187568,1.5));
#15830=CARTESIAN_POINT('',(35.8183433561538,17.6752516187568,1.5));
#15831=CARTESIAN_POINT('',(41.1954148498007,25.6752523340126,1.5));
#15832=CARTESIAN_POINT('',(43.8247816531754,10.452090769914,1.5));
#15833=CARTESIAN_POINT('',(41.8990476813742,25.6752523340126,1.5));
#15834=CARTESIAN_POINT('',(35.4792738406871,25.6752523340126,1.5));
#15835=CARTESIAN_POINT('',(42.8882129874655,19.3221613325019,1.5));
#15836=CARTESIAN_POINT('',(44.7841634972034,7.14508026369483,1.5));
#15837=CARTESIAN_POINT('',(42.9188056674429,18.8020845807929,1.5));
#15838=CARTESIAN_POINT('',(43.673906817492,5.9653356062304,1.5));
#15839=CARTESIAN_POINT('',(42.9544969287344,19.3221613325019,1.5));
#15840=CARTESIAN_POINT('Ctrl Pts',(42.9188056674429,18.8020845807929,1.5));
#15841=CARTESIAN_POINT('Ctrl Pts',(42.9221983295101,18.8751956724595,1.5));
#15842=CARTESIAN_POINT('Ctrl Pts',(42.930254746814,19.0488096229035,1.5));
#15843=CARTESIAN_POINT('Ctrl Pts',(42.9456087157389,19.2219389917255,1.5));
#15844=CARTESIAN_POINT('Ctrl Pts',(42.9544969287344,19.3221613325019,1.5));
#15845=CARTESIAN_POINT('',(43.9436622348257,25.6752523340125,1.5));
#15846=CARTESIAN_POINT('',(41.2250440617431,8.21444113734458,1.5));
#15847=CARTESIAN_POINT('',(36.8431999235366,25.6752523340125,1.5));
#15848=CARTESIAN_POINT('',(60.992981880961,13.4561381985168,1.5));
#15849=CARTESIAN_POINT('',(60.7852072418313,12.9373363901596,1.5));
#15850=CARTESIAN_POINT('Ctrl Pts',(60.992981880961,13.4561381985168,1.5));
#15851=CARTESIAN_POINT('Ctrl Pts',(60.9851878879478,13.3563482528644,1.5));
#15852=CARTESIAN_POINT('Ctrl Pts',(60.9699659773428,13.1614553873651,1.5));
#15853=CARTESIAN_POINT('Ctrl Pts',(60.8457981059136,13.0108352894693,1.5));
#15854=CARTESIAN_POINT('Ctrl Pts',(60.7852072418313,12.9373363901596,1.5));
#15855=CARTESIAN_POINT('',(60.2613062561135,12.7346597362976,1.5));
#15856=CARTESIAN_POINT('Ctrl Pts',(60.7852072418313,12.9373363901596,1.5));
#15857=CARTESIAN_POINT('Ctrl Pts',(60.7102305870157,12.8782318438727,1.5));
#15858=CARTESIAN_POINT('Ctrl Pts',(60.556609272876,12.7571312413645,1.5));
#15859=CARTESIAN_POINT('Ctrl Pts',(60.3612950956509,12.7422685299324,1.5));
#15860=CARTESIAN_POINT('Ctrl Pts',(60.2613062561135,12.7346597362976,1.5));
#15861=CARTESIAN_POINT('',(59.3486232460122,12.7346597362976,1.5));
#15862=CARTESIAN_POINT('',(44.2040616230061,12.7346597362976,1.5));
#15863=CARTESIAN_POINT('',(59.3486232460122,16.7244623352509,1.5));
#15864=CARTESIAN_POINT('',(59.3486232460122,4.47448116762542,1.5));
#15865=CARTESIAN_POINT('',(60.2613062561135,16.7244623352509,1.5));
#15866=CARTESIAN_POINT('',(44.6604031280568,16.7244623352509,1.5));
#15867=CARTESIAN_POINT('',(60.7864827812295,16.5217853833656,1.5));
#15868=CARTESIAN_POINT('Ctrl Pts',(60.2613062561135,16.7244623352509,1.5));
#15869=CARTESIAN_POINT('Ctrl Pts',(60.3618682808526,16.7169677614258,1.5));
#15870=CARTESIAN_POINT('Ctrl Pts',(60.5577030385689,16.7023728081815,1.5));
#15871=CARTESIAN_POINT('Ctrl Pts',(60.7116084752431,16.5808874609609,1.5));
#15872=CARTESIAN_POINT('Ctrl Pts',(60.7864827812295,16.5217853833656,1.5));
#15873=CARTESIAN_POINT('',(60.992981880961,16.0029835750084,1.5));
#15874=CARTESIAN_POINT('Ctrl Pts',(60.7864827812295,16.5217853833656,1.5));
#15875=CARTESIAN_POINT('Ctrl Pts',(60.8467012669504,16.4482450300422,1.5));
#15876=CARTESIAN_POINT('Ctrl Pts',(60.9702149683918,16.2974069421105,1.5));
#15877=CARTESIAN_POINT('Ctrl Pts',(60.9852679202772,16.1027410749019,1.5));
#15878=CARTESIAN_POINT('Ctrl Pts',(60.992981880961,16.0029835750084,1.5));
#15879=CARTESIAN_POINT('',(60.9929818809609,2.84031909925842,1.5));
#15880=CARTESIAN_POINT('',(68.078,29.445,1.5));
#15881=CARTESIAN_POINT('Origin',(69.778,29.445,1.5));
#15882=CARTESIAN_POINT('',(-13.359,-44.996,1.5));
#15883=CARTESIAN_POINT('Origin',(-11.659,-44.996,1.5));
#15884=CARTESIAN_POINT('',(68.078,-44.996,1.5));
#15885=CARTESIAN_POINT('Origin',(69.778,-44.996,1.5));
#15886=CARTESIAN_POINT('',(40.625,-3.025,1.5));
#15887=CARTESIAN_POINT('',(41.125,-2.525,1.5));
#15888=CARTESIAN_POINT('Origin',(41.125,-3.025,1.5));
#15889=CARTESIAN_POINT('',(54.125,-2.525,1.5));
#15890=CARTESIAN_POINT('',(41.125,-2.525,1.5));
#15891=CARTESIAN_POINT('',(54.625,-3.025,1.5));
#15892=CARTESIAN_POINT('Origin',(54.125,-3.025,1.5));
#15893=CARTESIAN_POINT('',(54.625,-16.025,1.5));
#15894=CARTESIAN_POINT('',(54.625,-3.025,1.5));
#15895=CARTESIAN_POINT('',(54.125,-16.525,1.5));
#15896=CARTESIAN_POINT('Origin',(54.125,-16.025,1.5));
#15897=CARTESIAN_POINT('',(41.125,-16.525,1.5));
#15898=CARTESIAN_POINT('',(41.125,-16.525,1.5));
#15899=CARTESIAN_POINT('',(40.625,-16.025,1.5));
#15900=CARTESIAN_POINT('Origin',(41.125,-16.025,1.5));
#15901=CARTESIAN_POINT('',(40.625,-3.025,1.5));
#15902=CARTESIAN_POINT('',(21.575,-22.075,1.5));
#15903=CARTESIAN_POINT('',(22.075,-21.575,1.5));
#15904=CARTESIAN_POINT('Origin',(22.075,-22.075,1.5));
#15905=CARTESIAN_POINT('',(35.075,-21.575,1.5));
#15906=CARTESIAN_POINT('',(22.075,-21.575,1.5));
#15907=CARTESIAN_POINT('',(35.575,-22.075,1.5));
#15908=CARTESIAN_POINT('Origin',(35.075,-22.075,1.5));
#15909=CARTESIAN_POINT('',(35.575,-35.075,1.5));
#15910=CARTESIAN_POINT('',(35.575,-22.075,1.5));
#15911=CARTESIAN_POINT('',(35.075,-35.575,1.5));
#15912=CARTESIAN_POINT('Origin',(35.075,-35.075,1.5));
#15913=CARTESIAN_POINT('',(22.075,-35.575,1.5));
#15914=CARTESIAN_POINT('',(22.075,-35.575,1.5));
#15915=CARTESIAN_POINT('',(21.575,-35.075,1.5));
#15916=CARTESIAN_POINT('Origin',(22.075,-35.075,1.5));
#15917=CARTESIAN_POINT('',(21.575,-22.075,1.5));
#15918=CARTESIAN_POINT('',(34.173,6.421,1.5));
#15919=CARTESIAN_POINT('',(-1.787,6.421,1.5));
#15920=CARTESIAN_POINT('',(34.173,6.421,1.5));
#15921=CARTESIAN_POINT('',(-1.787,18.421,1.5));
#15922=CARTESIAN_POINT('',(-1.787,6.421,1.5));
#15923=CARTESIAN_POINT('',(34.173,18.421,1.5));
#15924=CARTESIAN_POINT('',(-1.787,18.421,1.5));
#15925=CARTESIAN_POINT('',(34.173,18.421,1.5));
#15926=CARTESIAN_POINT('',(2.525,-22.075,1.5));
#15927=CARTESIAN_POINT('',(3.025,-21.575,1.5));
#15928=CARTESIAN_POINT('Origin',(3.025,-22.075,1.5));
#15929=CARTESIAN_POINT('',(16.025,-21.575,1.5));
#15930=CARTESIAN_POINT('',(3.025,-21.575,1.5));
#15931=CARTESIAN_POINT('',(16.525,-22.075,1.5));
#15932=CARTESIAN_POINT('Origin',(16.025,-22.075,1.5));
#15933=CARTESIAN_POINT('',(16.525,-35.075,1.5));
#15934=CARTESIAN_POINT('',(16.525,-22.075,1.5));
#15935=CARTESIAN_POINT('',(16.025,-35.575,1.5));
#15936=CARTESIAN_POINT('Origin',(16.025,-35.075,1.5));
#15937=CARTESIAN_POINT('',(3.025,-35.575,1.5));
#15938=CARTESIAN_POINT('',(3.025,-35.575,1.5));
#15939=CARTESIAN_POINT('',(2.525,-35.075,1.5));
#15940=CARTESIAN_POINT('Origin',(3.025,-35.075,1.5));
#15941=CARTESIAN_POINT('',(2.525,-22.075,1.5));
#15942=CARTESIAN_POINT('',(2.525,-3.025,1.5));
#15943=CARTESIAN_POINT('',(3.025,-2.525,1.5));
#15944=CARTESIAN_POINT('Origin',(3.025,-3.025,1.5));
#15945=CARTESIAN_POINT('',(16.025,-2.525,1.5));
#15946=CARTESIAN_POINT('',(3.025,-2.525,1.5));
#15947=CARTESIAN_POINT('',(16.525,-3.025,1.5));
#15948=CARTESIAN_POINT('Origin',(16.025,-3.025,1.5));
#15949=CARTESIAN_POINT('',(16.525,-16.025,1.5));
#15950=CARTESIAN_POINT('',(16.525,-3.025,1.5));
#15951=CARTESIAN_POINT('',(16.025,-16.525,1.5));
#15952=CARTESIAN_POINT('Origin',(16.025,-16.025,1.5));
#15953=CARTESIAN_POINT('',(3.025,-16.525,1.5));
#15954=CARTESIAN_POINT('',(3.025,-16.525,1.5));
#15955=CARTESIAN_POINT('',(2.525,-16.025,1.5));
#15956=CARTESIAN_POINT('Origin',(3.025,-16.025,1.5));
#15957=CARTESIAN_POINT('',(2.525,-3.025,1.5));
#15958=CARTESIAN_POINT('',(-13.359,29.445,1.5));
#15959=CARTESIAN_POINT('Origin',(-11.659,29.445,1.5));
#15960=CARTESIAN_POINT('',(40.625,-22.075,1.5));
#15961=CARTESIAN_POINT('',(41.125,-21.575,1.5));
#15962=CARTESIAN_POINT('Origin',(41.125,-22.075,1.5));
#15963=CARTESIAN_POINT('',(54.125,-21.575,1.5));
#15964=CARTESIAN_POINT('',(41.125,-21.575,1.5));
#15965=CARTESIAN_POINT('',(54.625,-22.075,1.5));
#15966=CARTESIAN_POINT('Origin',(54.125,-22.075,1.5));
#15967=CARTESIAN_POINT('',(54.625,-35.075,1.5));
#15968=CARTESIAN_POINT('',(54.625,-22.075,1.5));
#15969=CARTESIAN_POINT('',(54.125,-35.575,1.5));
#15970=CARTESIAN_POINT('Origin',(54.125,-35.075,1.5));
#15971=CARTESIAN_POINT('',(41.125,-35.575,1.5));
#15972=CARTESIAN_POINT('',(41.125,-35.575,1.5));
#15973=CARTESIAN_POINT('',(40.625,-35.075,1.5));
#15974=CARTESIAN_POINT('Origin',(41.125,-35.075,1.5));
#15975=CARTESIAN_POINT('',(40.625,-22.075,1.5));
#15976=CARTESIAN_POINT('',(21.575,-3.025,1.5));
#15977=CARTESIAN_POINT('',(22.075,-2.525,1.5));
#15978=CARTESIAN_POINT('Origin',(22.075,-3.025,1.5));
#15979=CARTESIAN_POINT('',(35.075,-2.525,1.5));
#15980=CARTESIAN_POINT('',(22.075,-2.525,1.5));
#15981=CARTESIAN_POINT('',(35.575,-3.025,1.5));
#15982=CARTESIAN_POINT('Origin',(35.075,-3.025,1.5));
#15983=CARTESIAN_POINT('',(35.575,-16.025,1.5));
#15984=CARTESIAN_POINT('',(35.575,-3.025,1.5));
#15985=CARTESIAN_POINT('',(35.075,-16.525,1.5));
#15986=CARTESIAN_POINT('Origin',(35.075,-16.025,1.5));
#15987=CARTESIAN_POINT('',(22.075,-16.525,1.5));
#15988=CARTESIAN_POINT('',(22.075,-16.525,1.5));
#15989=CARTESIAN_POINT('',(21.575,-16.025,1.5));
#15990=CARTESIAN_POINT('Origin',(22.075,-16.025,1.5));
#15991=CARTESIAN_POINT('',(21.575,-3.025,1.5));
#15992=CARTESIAN_POINT('',(49.5869923532586,12.7346597362976,1.5));
#15993=CARTESIAN_POINT('',(49.2351759374719,12.7346597362976,1.5));
#15994=CARTESIAN_POINT('',(39.1473379687359,12.7346597362976,1.5));
#15995=CARTESIAN_POINT('',(49.0949595869165,13.621849243782,1.5));
#15996=CARTESIAN_POINT('',(50.5005024503548,4.72857199171693,1.5));
#15997=CARTESIAN_POINT('',(48.3020980060678,13.621849243782,1.5));
#15998=CARTESIAN_POINT('',(38.6807990030339,13.621849243782,1.5));
#15999=CARTESIAN_POINT('',(48.1618810594659,12.7346597362976,1.5));
#16000=CARTESIAN_POINT('',(46.3478412202148,1.25675246085225,1.5));
#16001=CARTESIAN_POINT('',(47.8202624023538,12.7346597362976,1.5));
#16002=CARTESIAN_POINT('',(38.4398812011769,12.7346597362976,1.5));
#16003=CARTESIAN_POINT('',(47.8202624023538,12.7448574949722,1.5));
#16004=CARTESIAN_POINT('',(47.8202624023538,2.48467874748611,1.5));
#16005=CARTESIAN_POINT('',(48.5315431058984,16.7346597959023,1.5));
#16006=CARTESIAN_POINT('',(46.1141724036319,3.17484980522007,1.5));
#16007=CARTESIAN_POINT('',(48.8808102310281,16.7346597959023,1.5));
#16008=CARTESIAN_POINT('',(38.970155115514,16.7346597959023,1.5));
#16009=CARTESIAN_POINT('',(51.0325223360344,4.54680020935282,1.5));
#16010=CARTESIAN_POINT('',(56.369403094111,14.6033660818558,1.5));
#16011=CARTESIAN_POINT('',(56.2890965641122,14.3981395412903,1.5));
#16012=CARTESIAN_POINT('Ctrl Pts',(56.369403094111,14.6033660818558,1.5));
#16013=CARTESIAN_POINT('Ctrl Pts',(56.3664297104859,14.5639649545157,1.5));
#16014=CARTESIAN_POINT('Ctrl Pts',(56.360637728623,14.4872138037365,1.5));
#16015=CARTESIAN_POINT('Ctrl Pts',(56.312514939862,14.4272972236102,1.5));
#16016=CARTESIAN_POINT('Ctrl Pts',(56.2890965641122,14.3981395412903,1.5));
#16017=CARTESIAN_POINT('',(56.0838706195932,14.317833607338,1.5));
#16018=CARTESIAN_POINT('Ctrl Pts',(56.2890965641122,14.3981395412903,1.5));
#16019=CARTESIAN_POINT('Ctrl Pts',(56.2599388189682,14.3747217057273,1.5));
#16020=CARTESIAN_POINT('Ctrl Pts',(56.2000220542947,14.3265999824711,1.5));
#16021=CARTESIAN_POINT('Ctrl Pts',(56.1232714836691,14.3208073351782,1.5));
#16022=CARTESIAN_POINT('Ctrl Pts',(56.0838706195932,14.317833607338,1.5));
#16023=CARTESIAN_POINT('',(55.143143624125,14.317833607338,1.5));
#16024=CARTESIAN_POINT('',(42.1013218120625,14.317833607338,1.5));
#16025=CARTESIAN_POINT('',(55.143143624125,12.7346597362976,1.5));
#16026=CARTESIAN_POINT('',(55.143143624125,2.4795798681488,1.5));
#16027=CARTESIAN_POINT('',(54.7887773216348,12.7346597362976,1.5));
#16028=CARTESIAN_POINT('',(41.9241386608174,12.7346597362976,1.5));
#16029=CARTESIAN_POINT('',(54.7887773216348,16.7244623352509,1.5));
#16030=CARTESIAN_POINT('',(54.7887773216348,4.47448116762542,1.5));
#16031=CARTESIAN_POINT('',(56.0838706195932,16.7244623352509,1.5));
#16032=CARTESIAN_POINT('',(42.5716853097966,16.7244623352509,1.5));
#16033=CARTESIAN_POINT('',(56.2890965641122,16.645431046627,1.5));
#16034=CARTESIAN_POINT('Ctrl Pts',(56.0838706195932,16.7244623352509,1.5));
#16035=CARTESIAN_POINT('Ctrl Pts',(56.123238864107,16.7215667423858,1.5));
#16036=CARTESIAN_POINT('Ctrl Pts',(56.1997654445025,16.7159380987185,1.5));
#16037=CARTESIAN_POINT('Ctrl Pts',(56.2598983568579,16.6684765377039,1.5));
#16038=CARTESIAN_POINT('Ctrl Pts',(56.2890965641122,16.645431046627,1.5));
#16039=CARTESIAN_POINT('',(56.369403094111,16.4414794494133,1.5));
#16040=CARTESIAN_POINT('Ctrl Pts',(56.2890965641122,16.645431046627,1.5));
#16041=CARTESIAN_POINT('Ctrl Pts',(56.3125135323304,16.6166020501404,1.5));
#16042=CARTESIAN_POINT('Ctrl Pts',(56.3607472508033,16.5572207635695,1.5));
#16043=CARTESIAN_POINT('Ctrl Pts',(56.3664625256882,16.4807991599859,1.5));
#16044=CARTESIAN_POINT('Ctrl Pts',(56.369403094111,16.4414794494133,1.5));
#16045=CARTESIAN_POINT('',(56.369403094111,3.41393304092788,1.5));
#16046=CARTESIAN_POINT('',(60.7553907123038,18.2616123117347,1.5));
#16047=CARTESIAN_POINT('',(60.5973287311026,17.8537091173072,1.5));
#16048=CARTESIAN_POINT('Ctrl Pts',(60.7553907123038,18.2616123117347,1.5));
#16049=CARTESIAN_POINT('Ctrl Pts',(60.7496665727894,18.1830390496364,1.5));
#16050=CARTESIAN_POINT('Ctrl Pts',(60.7385647285987,18.0306479153557,1.5));
#16051=CARTESIAN_POINT('Ctrl Pts',(60.6434177041887,17.9114488412142,1.5));
#16052=CARTESIAN_POINT('Ctrl Pts',(60.5973287311026,17.8537091173072,1.5));
#16053=CARTESIAN_POINT('',(60.1894255366751,17.695647136106,1.5));
#16054=CARTESIAN_POINT('Ctrl Pts',(60.5973287311026,17.8537091173072,1.5));
#16055=CARTESIAN_POINT('Ctrl Pts',(60.5395890071956,17.8076201442211,1.5));
#16056=CARTESIAN_POINT('Ctrl Pts',(60.4203899330541,17.7124731198111,1.5));
#16057=CARTESIAN_POINT('Ctrl Pts',(60.2679987987734,17.7013712756204,1.5));
#16058=CARTESIAN_POINT('Ctrl Pts',(60.1894255366751,17.695647136106,1.5));
#16059=CARTESIAN_POINT('',(58.0938227858969,17.695647136106,1.5));
#16060=CARTESIAN_POINT('',(43.5766613929485,17.695647136106,1.5));
#16061=CARTESIAN_POINT('',(57.6859195914694,17.8537091173072,1.5));
#16062=CARTESIAN_POINT('Ctrl Pts',(58.0938227858969,17.695647136106,1.5));
#16063=CARTESIAN_POINT('Ctrl Pts',(58.0152495237986,17.7013712756204,1.5));
#16064=CARTESIAN_POINT('Ctrl Pts',(57.8628583895179,17.7124731198111,1.5));
#16065=CARTESIAN_POINT('Ctrl Pts',(57.7436593153764,17.8076201442211,1.5));
#16066=CARTESIAN_POINT('Ctrl Pts',(57.6859195914694,17.8537091173072,1.5));
#16067=CARTESIAN_POINT('',(57.5278576102682,18.2616123117347,1.5));
#16068=CARTESIAN_POINT('Ctrl Pts',(57.6859195914694,17.8537091173072,1.5));
#16069=CARTESIAN_POINT('Ctrl Pts',(57.6398306183833,17.9114488412142,1.5));
#16070=CARTESIAN_POINT('Ctrl Pts',(57.5446835939733,18.0306479153557,1.5));
#16071=CARTESIAN_POINT('Ctrl Pts',(57.5335817497826,18.1830390496364,1.5));
#16072=CARTESIAN_POINT('Ctrl Pts',(57.5278576102682,18.2616123117347,1.5));
#16073=CARTESIAN_POINT('',(57.5278576102682,25.1092865623374,1.5));
#16074=CARTESIAN_POINT('',(57.5278576102682,8.66689328116871,1.5));
#16075=CARTESIAN_POINT('',(57.6859195914694,25.5171897567649,1.5));
#16076=CARTESIAN_POINT('Ctrl Pts',(57.5278576102683,25.1092865623374,1.5));
#16077=CARTESIAN_POINT('Ctrl Pts',(57.5335817497826,25.1878598244358,1.5));
#16078=CARTESIAN_POINT('Ctrl Pts',(57.5446835939733,25.3402509587164,1.5));
#16079=CARTESIAN_POINT('Ctrl Pts',(57.6398306183833,25.459450032858,1.5));
#16080=CARTESIAN_POINT('Ctrl Pts',(57.6859195914694,25.5171897567649,1.5));
#16081=CARTESIAN_POINT('',(58.0938227858969,25.6752523340125,1.5));
#16082=CARTESIAN_POINT('Ctrl Pts',(57.6859195914694,25.5171897567649,1.5));
#16083=CARTESIAN_POINT('Ctrl Pts',(57.7436593054975,25.5632788308571,1.5));
#16084=CARTESIAN_POINT('Ctrl Pts',(57.8628583265108,25.6584260376571,1.5));
#16085=CARTESIAN_POINT('Ctrl Pts',(58.0152495157391,25.6695280891101,1.5));
#16086=CARTESIAN_POINT('Ctrl Pts',(58.0938227858969,25.6752523340125,1.5));
#16087=CARTESIAN_POINT('',(60.1894255366751,25.6752523340125,1.5));
#16088=CARTESIAN_POINT('',(44.6244627683376,25.6752523340125,1.5));
#16089=CARTESIAN_POINT('',(60.5973287311026,25.5171897567649,1.5));
#16090=CARTESIAN_POINT('Ctrl Pts',(60.1894255366751,25.6752523340125,1.5));
#16091=CARTESIAN_POINT('Ctrl Pts',(60.2679988216115,25.6695282272078,1.5));
#16092=CARTESIAN_POINT('Ctrl Pts',(60.4203901115971,25.6584264383402,1.5));
#16093=CARTESIAN_POINT('Ctrl Pts',(60.5395890351894,25.5632789772457,1.5));
#16094=CARTESIAN_POINT('Ctrl Pts',(60.5973287311026,25.5171897567649,1.5));
#16095=CARTESIAN_POINT('',(60.7553907123038,25.1092865623374,1.5));
#16096=CARTESIAN_POINT('Ctrl Pts',(60.5973287311026,25.5171897567649,1.5));
#16097=CARTESIAN_POINT('Ctrl Pts',(60.6434177041887,25.459450032858,1.5));
#16098=CARTESIAN_POINT('Ctrl Pts',(60.7385647285987,25.3402509587164,1.5));
#16099=CARTESIAN_POINT('Ctrl Pts',(60.7496665727894,25.1878598244358,1.5));
#16100=CARTESIAN_POINT('Ctrl Pts',(60.7553907123038,25.1092865623374,1.5));
#16101=CARTESIAN_POINT('',(60.7553907123038,23.2533272661109,1.5));
#16102=CARTESIAN_POINT('',(60.7553907123038,7.73891363305546,1.5));
#16103=CARTESIAN_POINT('',(60.0415607181021,23.2533272661109,1.5));
#16104=CARTESIAN_POINT('',(44.5505303590511,23.2533272661109,1.5));
#16105=CARTESIAN_POINT('',(60.0415607181021,25.0481012023826,1.5));
#16106=CARTESIAN_POINT('',(60.0415607181021,8.6363006011913,1.5));
#16107=CARTESIAN_POINT('',(58.2365890231558,25.0481012023826,1.5));
#16108=CARTESIAN_POINT('',(43.6480445115779,25.0481012023826,1.5));
#16109=CARTESIAN_POINT('',(58.2365890231558,18.3227976716895,1.5));
#16110=CARTESIAN_POINT('',(58.2365890231558,5.27364883584477,1.5));
#16111=CARTESIAN_POINT('',(60.0415607181021,18.3227976716895,1.5));
#16112=CARTESIAN_POINT('',(44.5505303590511,18.3227976716895,1.5));
#16113=CARTESIAN_POINT('',(60.0415607181021,21.0812434114356,1.5));
#16114=CARTESIAN_POINT('',(60.0415607181021,6.65287170571781,1.5));
#16115=CARTESIAN_POINT('',(59.1900630679556,21.0812434114356,1.5));
#16116=CARTESIAN_POINT('',(44.1247815339778,21.0812434114356,1.5));
#16117=CARTESIAN_POINT('',(59.1900630679556,21.6930982030769,1.5));
#16118=CARTESIAN_POINT('',(59.1900630679556,6.95879910153843,1.5));
#16119=CARTESIAN_POINT('',(60.7553907123038,21.6930982030769,1.5));
#16120=CARTESIAN_POINT('',(44.9074453561519,21.6930982030769,1.5));
#16121=CARTESIAN_POINT('',(60.7553907123038,5.24305615586735,1.5));
#16122=CARTESIAN_POINT('',(64.9710674968192,17.695647136106,1.5));
#16123=CARTESIAN_POINT('',(62.3502894130179,17.695647136106,1.5));
#16124=CARTESIAN_POINT('',(45.7048947065089,17.6956471361061,1.5));
#16125=CARTESIAN_POINT('',(62.3502894130179,25.6752523340125,1.5));
#16126=CARTESIAN_POINT('',(62.3502894130179,8.94987616700625,1.5));
#16127=CARTESIAN_POINT('',(64.9404736247488,25.6752523340125,1.5));
#16128=CARTESIAN_POINT('',(46.9999868123744,25.6752523340125,1.5));
#16129=CARTESIAN_POINT('',(64.9404736247488,25.0481012023826,1.5));
#16130=CARTESIAN_POINT('',(64.9404736247488,8.63630060119129,1.5));
#16131=CARTESIAN_POINT('',(63.0590220179984,25.0481012023826,1.5));
#16132=CARTESIAN_POINT('',(46.0592610089992,25.0481012023826,1.5));
#16133=CARTESIAN_POINT('',(63.0590220179984,22.0704081214805,1.5));
#16134=CARTESIAN_POINT('',(63.0590220179984,7.14745406074024,1.5));
#16135=CARTESIAN_POINT('',(64.7722168651053,22.0704081214805,1.5));
#16136=CARTESIAN_POINT('',(46.9158584325526,22.0704081214805,1.5));
#16137=CARTESIAN_POINT('',(64.7722168651053,21.4330598272224,1.5));
#16138=CARTESIAN_POINT('',(64.7722168651053,6.82877991361118,1.5));
#16139=CARTESIAN_POINT('',(63.0590220179984,21.4330598272224,1.5));
#16140=CARTESIAN_POINT('',(46.0592610089992,21.4330598272224,1.5));
#16141=CARTESIAN_POINT('',(63.0590220179984,18.3227976716895,1.5));
#16142=CARTESIAN_POINT('',(63.0590220179984,5.27364883584477,1.5));
#16143=CARTESIAN_POINT('',(64.9710674968192,18.3227976716895,1.5));
#16144=CARTESIAN_POINT('',(47.0152837484096,18.3227976716895,1.5));
#16145=CARTESIAN_POINT('',(64.9710674968192,4.96007356805302,1.5));
#16146=CARTESIAN_POINT('',(46.6653950896689,17.6956471361061,1.5));
#16147=CARTESIAN_POINT('',(45.9566636767813,17.6956471361061,1.5));
#16148=CARTESIAN_POINT('',(37.5080818383907,17.6956471361061,1.5));
#16149=CARTESIAN_POINT('',(45.9566636767813,25.6752523340125,1.5));
#16150=CARTESIAN_POINT('',(45.9566636767813,8.94987616700626,1.5));
#16151=CARTESIAN_POINT('',(46.6653950896689,25.6752523340125,1.5));
#16152=CARTESIAN_POINT('',(37.8624475448344,25.6752523340125,1.5));
#16153=CARTESIAN_POINT('',(46.6653950896689,4.96007356805301,1.5));
#16154=CARTESIAN_POINT('Origin',(45.9566636767813,17.6956471361061,1.5));
#16155=CARTESIAN_POINT('',(46.6653950896689,17.6956471361061,1.7));
#16156=CARTESIAN_POINT('',(46.6653950896689,17.6956471361061,1.5));
#16157=CARTESIAN_POINT('',(45.9566636767813,17.6956471361061,1.7));
#16158=CARTESIAN_POINT('',(46.6653950896689,17.6956471361061,1.7));
#16159=CARTESIAN_POINT('',(45.9566636767813,17.6956471361061,1.5));
#16160=CARTESIAN_POINT('Origin',(45.9566636767813,25.6752523340125,1.5));
#16161=CARTESIAN_POINT('',(45.9566636767813,25.6752523340125,1.7));
#16162=CARTESIAN_POINT('',(45.9566636767813,17.6956471361061,1.7));
#16163=CARTESIAN_POINT('',(45.9566636767813,25.6752523340125,1.5));
#16164=CARTESIAN_POINT('Origin',(46.6653950896689,25.6752523340125,1.5));
#16165=CARTESIAN_POINT('',(46.6653950896689,25.6752523340125,1.7));
#16166=CARTESIAN_POINT('',(45.9566636767813,25.6752523340125,1.7));
#16167=CARTESIAN_POINT('',(46.6653950896689,25.6752523340125,1.5));
#16168=CARTESIAN_POINT('Origin',(46.6653950896689,17.6956471361061,1.5));
#16169=CARTESIAN_POINT('',(46.6653950896689,25.6752523340125,1.7));
#16170=CARTESIAN_POINT('Origin',(53.0832411733099,21.6854494370361,1.7));
#16171=CARTESIAN_POINT('Origin',(62.3502894130179,17.695647136106,1.5));
#16172=CARTESIAN_POINT('',(64.9710674968192,17.695647136106,1.7));
#16173=CARTESIAN_POINT('',(64.9710674968192,17.695647136106,1.5));
#16174=CARTESIAN_POINT('',(62.3502894130179,17.695647136106,1.7));
#16175=CARTESIAN_POINT('',(64.9710674968192,17.695647136106,1.7));
#16176=CARTESIAN_POINT('',(62.3502894130179,17.695647136106,1.5));
#16177=CARTESIAN_POINT('Origin',(62.3502894130179,25.6752523340125,1.5));
#16178=CARTESIAN_POINT('',(62.3502894130179,25.6752523340125,1.7));
#16179=CARTESIAN_POINT('',(62.3502894130179,17.695647136106,1.7));
#16180=CARTESIAN_POINT('',(62.3502894130179,25.6752523340125,1.5));
#16181=CARTESIAN_POINT('Origin',(64.9404736247488,25.6752523340125,1.5));
#16182=CARTESIAN_POINT('',(64.9404736247488,25.6752523340125,1.7));
#16183=CARTESIAN_POINT('',(62.3502894130179,25.6752523340125,1.7));
#16184=CARTESIAN_POINT('',(64.9404736247488,25.6752523340125,1.5));
#16185=CARTESIAN_POINT('Origin',(64.9404736247488,25.0481012023826,1.5));
#16186=CARTESIAN_POINT('',(64.9404736247488,25.0481012023826,1.7));
#16187=CARTESIAN_POINT('',(64.9404736247488,25.6752523340125,1.7));
#16188=CARTESIAN_POINT('',(64.9404736247488,25.0481012023826,1.5));
#16189=CARTESIAN_POINT('Origin',(63.0590220179984,25.0481012023826,1.5));
#16190=CARTESIAN_POINT('',(63.0590220179984,25.0481012023826,1.7));
#16191=CARTESIAN_POINT('',(64.9404736247488,25.0481012023826,1.7));
#16192=CARTESIAN_POINT('',(63.0590220179984,25.0481012023826,1.5));
#16193=CARTESIAN_POINT('Origin',(63.0590220179984,22.0704081214805,1.5));
#16194=CARTESIAN_POINT('',(63.0590220179984,22.0704081214805,1.7));
#16195=CARTESIAN_POINT('',(63.0590220179984,25.0481012023826,1.7));
#16196=CARTESIAN_POINT('',(63.0590220179984,22.0704081214805,1.5));
#16197=CARTESIAN_POINT('Origin',(64.7722168651053,22.0704081214805,1.5));
#16198=CARTESIAN_POINT('',(64.7722168651053,22.0704081214805,1.7));
#16199=CARTESIAN_POINT('',(63.0590220179984,22.0704081214805,1.7));
#16200=CARTESIAN_POINT('',(64.7722168651053,22.0704081214805,1.5));
#16201=CARTESIAN_POINT('Origin',(64.7722168651053,21.4330598272224,1.5));
#16202=CARTESIAN_POINT('',(64.7722168651053,21.4330598272224,1.7));
#16203=CARTESIAN_POINT('',(64.7722168651053,22.0704081214805,1.7));
#16204=CARTESIAN_POINT('',(64.7722168651053,21.4330598272224,1.5));
#16205=CARTESIAN_POINT('Origin',(63.0590220179984,21.4330598272224,1.5));
#16206=CARTESIAN_POINT('',(63.0590220179984,21.4330598272224,1.7));
#16207=CARTESIAN_POINT('',(64.7722168651053,21.4330598272224,1.7));
#16208=CARTESIAN_POINT('',(63.0590220179984,21.4330598272224,1.5));
#16209=CARTESIAN_POINT('Origin',(63.0590220179984,18.3227976716895,1.5));
#16210=CARTESIAN_POINT('',(63.0590220179984,18.3227976716895,1.7));
#16211=CARTESIAN_POINT('',(63.0590220179984,21.4330598272224,1.7));
#16212=CARTESIAN_POINT('',(63.0590220179984,18.3227976716895,1.5));
#16213=CARTESIAN_POINT('Origin',(64.9710674968192,18.3227976716895,1.5));
#16214=CARTESIAN_POINT('',(64.9710674968192,18.3227976716895,1.7));
#16215=CARTESIAN_POINT('',(63.0590220179984,18.3227976716895,1.7));
#16216=CARTESIAN_POINT('',(64.9710674968192,18.3227976716895,1.5));
#16217=CARTESIAN_POINT('Origin',(64.9710674968192,17.695647136106,1.5));
#16218=CARTESIAN_POINT('',(64.9710674968192,18.3227976716895,1.7));
#16219=CARTESIAN_POINT('Origin',(53.0832411733099,21.6854494370361,1.7));
#16220=CARTESIAN_POINT('Ctrl Pts',(60.5973287311026,17.8537091173072,1.5));
#16221=CARTESIAN_POINT('Ctrl Pts',(60.5973287311026,17.8537091173072,1.7));
#16222=CARTESIAN_POINT('Ctrl Pts',(60.6434177041887,17.9114488412142,1.5));
#16223=CARTESIAN_POINT('Ctrl Pts',(60.6434177041887,17.9114488412142,1.7));
#16224=CARTESIAN_POINT('Ctrl Pts',(60.7385647285987,18.0306479153557,1.5));
#16225=CARTESIAN_POINT('Ctrl Pts',(60.7385647285987,18.0306479153557,1.7));
#16226=CARTESIAN_POINT('Ctrl Pts',(60.7496665727894,18.1830390496364,1.5));
#16227=CARTESIAN_POINT('Ctrl Pts',(60.7496665727894,18.1830390496364,1.7));
#16228=CARTESIAN_POINT('Ctrl Pts',(60.7553907123038,18.2616123117347,1.5));
#16229=CARTESIAN_POINT('Ctrl Pts',(60.7553907123038,18.2616123117347,1.7));
#16230=CARTESIAN_POINT('',(60.7553907123038,18.2616123117347,1.7));
#16231=CARTESIAN_POINT('',(60.7553907123038,18.2616123117347,1.5));
#16232=CARTESIAN_POINT('',(60.5973287311026,17.8537091173072,1.7));
#16233=CARTESIAN_POINT('Ctrl Pts',(60.5973287311026,17.8537091173072,1.7));
#16234=CARTESIAN_POINT('Ctrl Pts',(60.6434177041887,17.9114488412142,1.7));
#16235=CARTESIAN_POINT('Ctrl Pts',(60.7385647285987,18.0306479153557,1.7));
#16236=CARTESIAN_POINT('Ctrl Pts',(60.7496665727894,18.1830390496364,1.7));
#16237=CARTESIAN_POINT('Ctrl Pts',(60.7553907123038,18.2616123117347,1.7));
#16238=CARTESIAN_POINT('',(60.5973287311026,17.8537091173072,1.5));
#16239=CARTESIAN_POINT('Ctrl Pts',(60.1894255366751,17.695647136106,1.5));
#16240=CARTESIAN_POINT('Ctrl Pts',(60.1894255366751,17.695647136106,1.7));
#16241=CARTESIAN_POINT('Ctrl Pts',(60.2679987987734,17.7013712756204,1.5));
#16242=CARTESIAN_POINT('Ctrl Pts',(60.2679987987734,17.7013712756204,1.7));
#16243=CARTESIAN_POINT('Ctrl Pts',(60.4203899330541,17.7124731198111,1.5));
#16244=CARTESIAN_POINT('Ctrl Pts',(60.4203899330541,17.7124731198111,1.7));
#16245=CARTESIAN_POINT('Ctrl Pts',(60.5395890071956,17.8076201442211,1.5));
#16246=CARTESIAN_POINT('Ctrl Pts',(60.5395890071956,17.8076201442211,1.7));
#16247=CARTESIAN_POINT('Ctrl Pts',(60.5973287311026,17.8537091173072,1.5));
#16248=CARTESIAN_POINT('Ctrl Pts',(60.5973287311026,17.8537091173072,1.7));
#16249=CARTESIAN_POINT('',(60.1894255366751,17.695647136106,1.7));
#16250=CARTESIAN_POINT('Ctrl Pts',(60.1894255366751,17.695647136106,1.7));
#16251=CARTESIAN_POINT('Ctrl Pts',(60.2679987987734,17.7013712756204,1.7));
#16252=CARTESIAN_POINT('Ctrl Pts',(60.4203899330541,17.7124731198111,1.7));
#16253=CARTESIAN_POINT('Ctrl Pts',(60.5395890071956,17.8076201442211,1.7));
#16254=CARTESIAN_POINT('Ctrl Pts',(60.5973287311026,17.8537091173072,1.7));
#16255=CARTESIAN_POINT('',(60.1894255366751,17.695647136106,1.5));
#16256=CARTESIAN_POINT('Origin',(58.0938227858969,17.695647136106,1.5));
#16257=CARTESIAN_POINT('',(58.0938227858969,17.695647136106,1.7));
#16258=CARTESIAN_POINT('',(60.1894255366751,17.695647136106,1.7));
#16259=CARTESIAN_POINT('',(58.0938227858969,17.695647136106,1.5));
#16260=CARTESIAN_POINT('Ctrl Pts',(57.6859195914694,17.8537091173072,1.5));
#16261=CARTESIAN_POINT('Ctrl Pts',(57.6859195914694,17.8537091173072,1.7));
#16262=CARTESIAN_POINT('Ctrl Pts',(57.7436593153764,17.8076201442211,1.5));
#16263=CARTESIAN_POINT('Ctrl Pts',(57.7436593153764,17.8076201442211,1.7));
#16264=CARTESIAN_POINT('Ctrl Pts',(57.8628583895179,17.7124731198111,1.5));
#16265=CARTESIAN_POINT('Ctrl Pts',(57.8628583895179,17.7124731198111,1.7));
#16266=CARTESIAN_POINT('Ctrl Pts',(58.0152495237986,17.7013712756204,1.5));
#16267=CARTESIAN_POINT('Ctrl Pts',(58.0152495237986,17.7013712756204,1.7));
#16268=CARTESIAN_POINT('Ctrl Pts',(58.0938227858969,17.695647136106,1.5));
#16269=CARTESIAN_POINT('Ctrl Pts',(58.0938227858969,17.695647136106,1.7));
#16270=CARTESIAN_POINT('',(57.6859195914694,17.8537091173072,1.7));
#16271=CARTESIAN_POINT('Ctrl Pts',(57.6859195914694,17.8537091173072,1.7));
#16272=CARTESIAN_POINT('Ctrl Pts',(57.7436593153764,17.8076201442211,1.7));
#16273=CARTESIAN_POINT('Ctrl Pts',(57.8628583895179,17.7124731198111,1.7));
#16274=CARTESIAN_POINT('Ctrl Pts',(58.0152495237986,17.7013712756204,1.7));
#16275=CARTESIAN_POINT('Ctrl Pts',(58.0938227858969,17.695647136106,1.7));
#16276=CARTESIAN_POINT('',(57.6859195914694,17.8537091173072,1.5));
#16277=CARTESIAN_POINT('Ctrl Pts',(57.5278576102682,18.2616123117347,1.5));
#16278=CARTESIAN_POINT('Ctrl Pts',(57.5278576102682,18.2616123117347,1.7));
#16279=CARTESIAN_POINT('Ctrl Pts',(57.5335817497826,18.1830390496364,1.5));
#16280=CARTESIAN_POINT('Ctrl Pts',(57.5335817497826,18.1830390496364,1.7));
#16281=CARTESIAN_POINT('Ctrl Pts',(57.5446835939733,18.0306479153557,1.5));
#16282=CARTESIAN_POINT('Ctrl Pts',(57.5446835939733,18.0306479153557,1.7));
#16283=CARTESIAN_POINT('Ctrl Pts',(57.6398306183833,17.9114488412142,1.5));
#16284=CARTESIAN_POINT('Ctrl Pts',(57.6398306183833,17.9114488412142,1.7));
#16285=CARTESIAN_POINT('Ctrl Pts',(57.6859195914694,17.8537091173072,1.5));
#16286=CARTESIAN_POINT('Ctrl Pts',(57.6859195914694,17.8537091173072,1.7));
#16287=CARTESIAN_POINT('',(57.5278576102682,18.2616123117347,1.7));
#16288=CARTESIAN_POINT('Ctrl Pts',(57.5278576102682,18.2616123117347,1.7));
#16289=CARTESIAN_POINT('Ctrl Pts',(57.5335817497826,18.1830390496364,1.7));
#16290=CARTESIAN_POINT('Ctrl Pts',(57.5446835939733,18.0306479153557,1.7));
#16291=CARTESIAN_POINT('Ctrl Pts',(57.6398306183833,17.9114488412142,1.7));
#16292=CARTESIAN_POINT('Ctrl Pts',(57.6859195914694,17.8537091173072,1.7));
#16293=CARTESIAN_POINT('',(57.5278576102682,18.2616123117347,1.5));
#16294=CARTESIAN_POINT('Origin',(57.5278576102682,25.1092865623374,1.5));
#16295=CARTESIAN_POINT('',(57.5278576102682,25.1092865623374,1.7));
#16296=CARTESIAN_POINT('',(57.5278576102682,18.2616123117347,1.7));
#16297=CARTESIAN_POINT('',(57.5278576102682,25.1092865623374,1.5));
#16298=CARTESIAN_POINT('Ctrl Pts',(57.6859195914694,25.5171897567649,1.5));
#16299=CARTESIAN_POINT('Ctrl Pts',(57.6859195914694,25.5171897567649,1.7));
#16300=CARTESIAN_POINT('Ctrl Pts',(57.6398306183833,25.459450032858,1.5));
#16301=CARTESIAN_POINT('Ctrl Pts',(57.6398306183833,25.459450032858,1.7));
#16302=CARTESIAN_POINT('Ctrl Pts',(57.5446835939733,25.3402509587164,1.5));
#16303=CARTESIAN_POINT('Ctrl Pts',(57.5446835939733,25.3402509587164,1.7));
#16304=CARTESIAN_POINT('Ctrl Pts',(57.5335817497826,25.1878598244358,1.5));
#16305=CARTESIAN_POINT('Ctrl Pts',(57.5335817497826,25.1878598244358,1.7));
#16306=CARTESIAN_POINT('Ctrl Pts',(57.5278576102683,25.1092865623374,1.5));
#16307=CARTESIAN_POINT('Ctrl Pts',(57.5278576102683,25.1092865623374,1.7));
#16308=CARTESIAN_POINT('',(57.6859195914694,25.5171897567649,1.7));
#16309=CARTESIAN_POINT('Ctrl Pts',(57.6859195914694,25.5171897567649,1.7));
#16310=CARTESIAN_POINT('Ctrl Pts',(57.6398306183833,25.459450032858,1.7));
#16311=CARTESIAN_POINT('Ctrl Pts',(57.5446835939733,25.3402509587164,1.7));
#16312=CARTESIAN_POINT('Ctrl Pts',(57.5335817497826,25.1878598244358,1.7));
#16313=CARTESIAN_POINT('Ctrl Pts',(57.5278576102683,25.1092865623374,1.7));
#16314=CARTESIAN_POINT('',(57.6859195914694,25.5171897567649,1.5));
#16315=CARTESIAN_POINT('Ctrl Pts',(58.0938227858969,25.6752523340125,1.5));
#16316=CARTESIAN_POINT('Ctrl Pts',(58.0938227858969,25.6752523340125,1.7));
#16317=CARTESIAN_POINT('Ctrl Pts',(58.0152495157391,25.6695280891101,1.5));
#16318=CARTESIAN_POINT('Ctrl Pts',(58.0152495157391,25.6695280891101,1.7));
#16319=CARTESIAN_POINT('Ctrl Pts',(57.8628583265108,25.6584260376571,1.5));
#16320=CARTESIAN_POINT('Ctrl Pts',(57.8628583265108,25.6584260376571,1.7));
#16321=CARTESIAN_POINT('Ctrl Pts',(57.7436593054975,25.5632788308571,1.5));
#16322=CARTESIAN_POINT('Ctrl Pts',(57.7436593054975,25.5632788308571,1.7));
#16323=CARTESIAN_POINT('Ctrl Pts',(57.6859195914694,25.5171897567649,1.5));
#16324=CARTESIAN_POINT('Ctrl Pts',(57.6859195914694,25.5171897567649,1.7));
#16325=CARTESIAN_POINT('',(58.0938227858969,25.6752523340125,1.7));
#16326=CARTESIAN_POINT('Ctrl Pts',(58.0938227858969,25.6752523340125,1.7));
#16327=CARTESIAN_POINT('Ctrl Pts',(58.0152495157391,25.6695280891101,1.7));
#16328=CARTESIAN_POINT('Ctrl Pts',(57.8628583265108,25.6584260376571,1.7));
#16329=CARTESIAN_POINT('Ctrl Pts',(57.7436593054975,25.5632788308571,1.7));
#16330=CARTESIAN_POINT('Ctrl Pts',(57.6859195914694,25.5171897567649,1.7));
#16331=CARTESIAN_POINT('',(58.0938227858969,25.6752523340125,1.5));
#16332=CARTESIAN_POINT('Origin',(60.1894255366751,25.6752523340125,1.5));
#16333=CARTESIAN_POINT('',(60.1894255366751,25.6752523340125,1.7));
#16334=CARTESIAN_POINT('',(58.0938227858969,25.6752523340125,1.7));
#16335=CARTESIAN_POINT('',(60.1894255366751,25.6752523340125,1.5));
#16336=CARTESIAN_POINT('Ctrl Pts',(60.5973287311026,25.5171897567649,1.5));
#16337=CARTESIAN_POINT('Ctrl Pts',(60.5973287311026,25.5171897567649,1.7));
#16338=CARTESIAN_POINT('Ctrl Pts',(60.5395890351894,25.5632789772457,1.5));
#16339=CARTESIAN_POINT('Ctrl Pts',(60.5395890351894,25.5632789772457,1.7));
#16340=CARTESIAN_POINT('Ctrl Pts',(60.4203901115971,25.6584264383402,1.5));
#16341=CARTESIAN_POINT('Ctrl Pts',(60.4203901115971,25.6584264383402,1.7));
#16342=CARTESIAN_POINT('Ctrl Pts',(60.2679988216115,25.6695282272078,1.5));
#16343=CARTESIAN_POINT('Ctrl Pts',(60.2679988216115,25.6695282272078,1.7));
#16344=CARTESIAN_POINT('Ctrl Pts',(60.1894255366751,25.6752523340125,1.5));
#16345=CARTESIAN_POINT('Ctrl Pts',(60.1894255366751,25.6752523340125,1.7));
#16346=CARTESIAN_POINT('',(60.5973287311026,25.5171897567649,1.7));
#16347=CARTESIAN_POINT('Ctrl Pts',(60.5973287311026,25.5171897567649,1.7));
#16348=CARTESIAN_POINT('Ctrl Pts',(60.5395890351894,25.5632789772457,1.7));
#16349=CARTESIAN_POINT('Ctrl Pts',(60.4203901115971,25.6584264383402,1.7));
#16350=CARTESIAN_POINT('Ctrl Pts',(60.2679988216115,25.6695282272078,1.7));
#16351=CARTESIAN_POINT('Ctrl Pts',(60.1894255366751,25.6752523340125,1.7));
#16352=CARTESIAN_POINT('',(60.5973287311026,25.5171897567649,1.5));
#16353=CARTESIAN_POINT('Ctrl Pts',(60.7553907123038,25.1092865623374,1.5));
#16354=CARTESIAN_POINT('Ctrl Pts',(60.7553907123038,25.1092865623374,1.7));
#16355=CARTESIAN_POINT('Ctrl Pts',(60.7496665727894,25.1878598244358,1.5));
#16356=CARTESIAN_POINT('Ctrl Pts',(60.7496665727894,25.1878598244358,1.7));
#16357=CARTESIAN_POINT('Ctrl Pts',(60.7385647285987,25.3402509587164,1.5));
#16358=CARTESIAN_POINT('Ctrl Pts',(60.7385647285987,25.3402509587164,1.7));
#16359=CARTESIAN_POINT('Ctrl Pts',(60.6434177041887,25.459450032858,1.5));
#16360=CARTESIAN_POINT('Ctrl Pts',(60.6434177041887,25.459450032858,1.7));
#16361=CARTESIAN_POINT('Ctrl Pts',(60.5973287311026,25.5171897567649,1.5));
#16362=CARTESIAN_POINT('Ctrl Pts',(60.5973287311026,25.5171897567649,1.7));
#16363=CARTESIAN_POINT('',(60.7553907123038,25.1092865623374,1.7));
#16364=CARTESIAN_POINT('Ctrl Pts',(60.7553907123038,25.1092865623374,1.7));
#16365=CARTESIAN_POINT('Ctrl Pts',(60.7496665727894,25.1878598244358,1.7));
#16366=CARTESIAN_POINT('Ctrl Pts',(60.7385647285987,25.3402509587164,1.7));
#16367=CARTESIAN_POINT('Ctrl Pts',(60.6434177041887,25.459450032858,1.7));
#16368=CARTESIAN_POINT('Ctrl Pts',(60.5973287311026,25.5171897567649,1.7));
#16369=CARTESIAN_POINT('',(60.7553907123038,25.1092865623374,1.5));
#16370=CARTESIAN_POINT('Origin',(60.7553907123038,23.2533272661109,1.5));
#16371=CARTESIAN_POINT('',(60.7553907123038,23.2533272661109,1.7));
#16372=CARTESIAN_POINT('',(60.7553907123038,25.1092865623374,1.7));
#16373=CARTESIAN_POINT('',(60.7553907123038,23.2533272661109,1.5));
#16374=CARTESIAN_POINT('Origin',(60.0415607181021,23.2533272661109,1.5));
#16375=CARTESIAN_POINT('',(60.0415607181021,23.2533272661109,1.7));
#16376=CARTESIAN_POINT('',(60.7553907123038,23.2533272661109,1.7));
#16377=CARTESIAN_POINT('',(60.0415607181021,23.2533272661109,1.5));
#16378=CARTESIAN_POINT('Origin',(60.0415607181021,25.0481012023826,1.5));
#16379=CARTESIAN_POINT('',(60.0415607181021,25.0481012023826,1.7));
#16380=CARTESIAN_POINT('',(60.0415607181021,23.2533272661109,1.7));
#16381=CARTESIAN_POINT('',(60.0415607181021,25.0481012023826,1.5));
#16382=CARTESIAN_POINT('Origin',(58.2365890231558,25.0481012023826,1.5));
#16383=CARTESIAN_POINT('',(58.2365890231558,25.0481012023826,1.7));
#16384=CARTESIAN_POINT('',(60.0415607181021,25.0481012023826,1.7));
#16385=CARTESIAN_POINT('',(58.2365890231558,25.0481012023826,1.5));
#16386=CARTESIAN_POINT('Origin',(58.2365890231558,18.3227976716895,1.5));
#16387=CARTESIAN_POINT('',(58.2365890231558,18.3227976716895,1.7));
#16388=CARTESIAN_POINT('',(58.2365890231558,25.0481012023826,1.7));
#16389=CARTESIAN_POINT('',(58.2365890231558,18.3227976716895,1.5));
#16390=CARTESIAN_POINT('Origin',(60.0415607181021,18.3227976716895,1.5));
#16391=CARTESIAN_POINT('',(60.0415607181021,18.3227976716895,1.7));
#16392=CARTESIAN_POINT('',(58.2365890231558,18.3227976716895,1.7));
#16393=CARTESIAN_POINT('',(60.0415607181021,18.3227976716895,1.5));
#16394=CARTESIAN_POINT('Origin',(60.0415607181021,21.0812434114356,1.5));
#16395=CARTESIAN_POINT('',(60.0415607181021,21.0812434114356,1.7));
#16396=CARTESIAN_POINT('',(60.0415607181021,18.3227976716895,1.7));
#16397=CARTESIAN_POINT('',(60.0415607181021,21.0812434114356,1.5));
#16398=CARTESIAN_POINT('Origin',(59.1900630679556,21.0812434114356,1.5));
#16399=CARTESIAN_POINT('',(59.1900630679556,21.0812434114356,1.7));
#16400=CARTESIAN_POINT('',(60.0415607181021,21.0812434114356,1.7));
#16401=CARTESIAN_POINT('',(59.1900630679556,21.0812434114356,1.5));
#16402=CARTESIAN_POINT('Origin',(59.1900630679556,21.6930982030769,1.5));
#16403=CARTESIAN_POINT('',(59.1900630679556,21.6930982030769,1.7));
#16404=CARTESIAN_POINT('',(59.1900630679556,21.0812434114356,1.7));
#16405=CARTESIAN_POINT('',(59.1900630679556,21.6930982030769,1.5));
#16406=CARTESIAN_POINT('Origin',(60.7553907123038,21.6930982030769,1.5));
#16407=CARTESIAN_POINT('',(60.7553907123038,21.6930982030769,1.7));
#16408=CARTESIAN_POINT('',(59.1900630679556,21.6930982030769,1.7));
#16409=CARTESIAN_POINT('',(60.7553907123038,21.6930982030769,1.5));
#16410=CARTESIAN_POINT('Origin',(60.7553907123038,18.2616123117347,1.5));
#16411=CARTESIAN_POINT('',(60.7553907123038,21.6930982030769,1.7));
#16412=CARTESIAN_POINT('Origin',(53.0832411733099,21.6854494370361,1.7));
#16413=CARTESIAN_POINT('Origin',(54.4645043101736,24.4209500707527,1.5));
#16414=CARTESIAN_POINT('',(55.163038560433,20.0971766866584,1.5));
#16415=CARTESIAN_POINT('',(54.4645043101736,24.4209500707527,1.5));
#16416=CARTESIAN_POINT('',(56.6760154092113,10.7321827338655,1.5));
#16417=CARTESIAN_POINT('',(55.163038560433,20.0971766866584,1.7));
#16418=CARTESIAN_POINT('',(55.163038560433,20.0971766866584,1.5));
#16419=CARTESIAN_POINT('',(54.4645043101736,24.4209500707527,1.7));
#16420=CARTESIAN_POINT('',(55.163038560433,20.0971766866584,1.7));
#16421=CARTESIAN_POINT('',(54.4645043101736,24.4209500707527,1.5));
#16422=CARTESIAN_POINT('Origin',(53.7608714786002,20.0971766866584,1.5));
#16423=CARTESIAN_POINT('',(53.7608714786002,20.0971766866584,1.5));
#16424=CARTESIAN_POINT('',(51.2327982072582,4.5623473933401,1.5));
#16425=CARTESIAN_POINT('',(53.7608714786002,20.0971766866584,1.7));
#16426=CARTESIAN_POINT('',(54.4645043101736,24.4209500707527,1.7));
#16427=CARTESIAN_POINT('',(53.7608714786002,20.0971766866584,1.5));
#16428=CARTESIAN_POINT('Origin',(55.163038560433,20.0971766866584,1.5));
#16429=CARTESIAN_POINT('',(42.1112692802165,20.0971766866584,1.5));
#16430=CARTESIAN_POINT('',(53.7608714786002,20.0971766866584,1.7));
#16431=CARTESIAN_POINT('Origin',(55.535250493569,17.695647136106,1.5));
#16432=CARTESIAN_POINT('',(56.2388833251425,17.695647136106,1.7));
#16433=CARTESIAN_POINT('',(56.2388833251425,17.695647136106,1.5));
#16434=CARTESIAN_POINT('',(55.535250493569,17.695647136106,1.7));
#16435=CARTESIAN_POINT('',(56.2388833251425,17.695647136106,1.7));
#16436=CARTESIAN_POINT('',(55.535250493569,17.695647136106,1.5));
#16437=CARTESIAN_POINT('Origin',(55.2548166003653,19.4700261510749,1.5));
#16438=CARTESIAN_POINT('',(55.2548166003653,19.4700261510749,1.7));
#16439=CARTESIAN_POINT('',(55.535250493569,17.695647136106,1.7));
#16440=CARTESIAN_POINT('',(55.2548166003653,19.4700261510749,1.5));
#16441=CARTESIAN_POINT('Origin',(53.6690934386679,19.4700261510749,1.5));
#16442=CARTESIAN_POINT('',(53.6690934386679,19.4700261510749,1.7));
#16443=CARTESIAN_POINT('',(55.2548166003653,19.4700261510749,1.7));
#16444=CARTESIAN_POINT('',(53.6690934386679,19.4700261510749,1.5));
#16445=CARTESIAN_POINT('Origin',(53.3886595454642,17.6956471361061,1.5));
#16446=CARTESIAN_POINT('',(53.3886595454642,17.6956471361061,1.7));
#16447=CARTESIAN_POINT('',(53.6690934386679,19.4700261510749,1.7));
#16448=CARTESIAN_POINT('',(53.3886595454642,17.6956471361061,1.5));
#16449=CARTESIAN_POINT('Origin',(52.7054222312399,17.6956471361061,1.5));
#16450=CARTESIAN_POINT('',(52.7054222312399,17.6956471361061,1.7));
#16451=CARTESIAN_POINT('',(53.3886595454642,17.6956471361061,1.7));
#16452=CARTESIAN_POINT('',(52.7054222312399,17.6956471361061,1.5));
#16453=CARTESIAN_POINT('Origin',(52.7054222312399,17.7160426534553,1.5));
#16454=CARTESIAN_POINT('',(52.7054222312399,17.7160426534553,1.7));
#16455=CARTESIAN_POINT('',(52.7054222312399,17.6956471361061,1.7));
#16456=CARTESIAN_POINT('',(52.7054222312399,17.7160426534553,1.5));
#16457=CARTESIAN_POINT('Origin',(54.1279848304221,25.6956472553153,1.5));
#16458=CARTESIAN_POINT('',(54.1279848304221,25.6956472553153,1.7));
#16459=CARTESIAN_POINT('',(52.7054222312399,17.7160426534553,1.7));
#16460=CARTESIAN_POINT('',(54.1279848304221,25.6956472553153,1.5));
#16461=CARTESIAN_POINT('Origin',(54.8265178885886,25.6956472553153,1.5));
#16462=CARTESIAN_POINT('',(54.8265178885886,25.6956472553153,1.7));
#16463=CARTESIAN_POINT('',(54.1279848304221,25.6956472553153,1.7));
#16464=CARTESIAN_POINT('',(54.8265178885886,25.6956472553153,1.5));
#16465=CARTESIAN_POINT('Origin',(56.2388833251425,17.695647136106,1.5));
#16466=CARTESIAN_POINT('',(54.8265178885886,25.6956472553153,1.7));
#16467=CARTESIAN_POINT('Origin',(53.0832411733099,21.6854494370361,1.7));
#16468=CARTESIAN_POINT('Origin',(29.0595,-7.77550000000001,1.5));
#16469=CARTESIAN_POINT('Ctrl Pts',(51.28132898478,17.8537091173072,1.5));
#16470=CARTESIAN_POINT('Ctrl Pts',(51.28132898478,17.8537091173072,1.7));
#16471=CARTESIAN_POINT('Ctrl Pts',(51.3266733461773,17.9115292194112,1.5));
#16472=CARTESIAN_POINT('Ctrl Pts',(51.3266733461773,17.9115292194112,1.7));
#16473=CARTESIAN_POINT('Ctrl Pts',(51.4204936582203,18.0311626171388,1.5));
#16474=CARTESIAN_POINT('Ctrl Pts',(51.4204936582203,18.0311626171388,1.7));
#16475=CARTESIAN_POINT('Ctrl Pts',(51.4312728027899,18.1831052040253,1.5));
#16476=CARTESIAN_POINT('Ctrl Pts',(51.4312728027899,18.1831052040253,1.7));
#16477=CARTESIAN_POINT('Ctrl Pts',(51.4368422713705,18.2616123117347,1.5));
#16478=CARTESIAN_POINT('Ctrl Pts',(51.4368422713705,18.2616123117347,1.7));
#16479=CARTESIAN_POINT('',(51.4368422713705,18.2616123117347,1.7));
#16480=CARTESIAN_POINT('',(51.4368422713705,18.2616123117347,1.5));
#16481=CARTESIAN_POINT('',(51.28132898478,17.8537091173072,1.7));
#16482=CARTESIAN_POINT('Ctrl Pts',(51.28132898478,17.8537091173072,1.7));
#16483=CARTESIAN_POINT('Ctrl Pts',(51.3266733461773,17.9115292194112,1.7));
#16484=CARTESIAN_POINT('Ctrl Pts',(51.4204936582203,18.0311626171388,1.7));
#16485=CARTESIAN_POINT('Ctrl Pts',(51.4312728027899,18.1831052040253,1.7));
#16486=CARTESIAN_POINT('Ctrl Pts',(51.4368422713705,18.2616123117347,1.7));
#16487=CARTESIAN_POINT('',(51.28132898478,17.8537091173072,1.5));
#16488=CARTESIAN_POINT('Ctrl Pts',(50.875975677056,17.6956471361061,1.5));
#16489=CARTESIAN_POINT('Ctrl Pts',(50.875975677056,17.6956471361061,1.7));
#16490=CARTESIAN_POINT('Ctrl Pts',(50.954386877038,17.7013033190723,1.5));
#16491=CARTESIAN_POINT('Ctrl Pts',(50.954386877038,17.7013033190723,1.7));
#16492=CARTESIAN_POINT('Ctrl Pts',(51.1061192788361,17.7122485185678,1.5));
#16493=CARTESIAN_POINT('Ctrl Pts',(51.1061192788361,17.7122485185678,1.7));
#16494=CARTESIAN_POINT('Ctrl Pts',(51.2242466452691,17.8076220476375,1.5));
#16495=CARTESIAN_POINT('Ctrl Pts',(51.2242466452691,17.8076220476375,1.7));
#16496=CARTESIAN_POINT('Ctrl Pts',(51.28132898478,17.8537091173072,1.5));
#16497=CARTESIAN_POINT('Ctrl Pts',(51.28132898478,17.8537091173072,1.7));
#16498=CARTESIAN_POINT('',(50.875975677056,17.6956471361061,1.7));
#16499=CARTESIAN_POINT('Ctrl Pts',(50.875975677056,17.6956471361061,1.7));
#16500=CARTESIAN_POINT('Ctrl Pts',(50.954386877038,17.7013033190723,1.7));
#16501=CARTESIAN_POINT('Ctrl Pts',(51.1061192788361,17.7122485185678,1.7));
#16502=CARTESIAN_POINT('Ctrl Pts',(51.2242466452691,17.8076220476375,1.7));
#16503=CARTESIAN_POINT('Ctrl Pts',(51.28132898478,17.8537091173072,1.7));
#16504=CARTESIAN_POINT('',(50.875975677056,17.6956471361061,1.5));
#16505=CARTESIAN_POINT('Origin',(48.8670529809424,17.6956471361061,1.5));
#16506=CARTESIAN_POINT('',(48.8670529809424,17.6956471361061,1.7));
#16507=CARTESIAN_POINT('',(50.875975677056,17.6956471361061,1.7));
#16508=CARTESIAN_POINT('',(48.8670529809424,17.6956471361061,1.5));
#16509=CARTESIAN_POINT('Ctrl Pts',(48.4566004958578,17.8537091173072,1.5));
#16510=CARTESIAN_POINT('Ctrl Pts',(48.4566004958578,17.8537091173072,1.7));
#16511=CARTESIAN_POINT('Ctrl Pts',(48.5149969402222,17.8076183835396,1.5));
#16512=CARTESIAN_POINT('Ctrl Pts',(48.5149969402222,17.8076183835396,1.7));
#16513=CARTESIAN_POINT('Ctrl Pts',(48.6352630757593,17.7126955762584,1.5));
#16514=CARTESIAN_POINT('Ctrl Pts',(48.6352630757593,17.7126955762584,1.7));
#16515=CARTESIAN_POINT('Ctrl Pts',(48.7883163034325,17.701438318139,1.5));
#16516=CARTESIAN_POINT('Ctrl Pts',(48.7883163034325,17.701438318139,1.7));
#16517=CARTESIAN_POINT('Ctrl Pts',(48.8670529809424,17.6956471361061,1.5));
#16518=CARTESIAN_POINT('Ctrl Pts',(48.8670529809424,17.6956471361061,1.7));
#16519=CARTESIAN_POINT('',(48.4566004958578,17.8537091173072,1.7));
#16520=CARTESIAN_POINT('Ctrl Pts',(48.4566004958578,17.8537091173072,1.7));
#16521=CARTESIAN_POINT('Ctrl Pts',(48.5149969402222,17.8076183835396,1.7));
#16522=CARTESIAN_POINT('Ctrl Pts',(48.6352630757593,17.7126955762584,1.7));
#16523=CARTESIAN_POINT('Ctrl Pts',(48.7883163034325,17.701438318139,1.7));
#16524=CARTESIAN_POINT('Ctrl Pts',(48.8670529809424,17.6956471361061,1.7));
#16525=CARTESIAN_POINT('',(48.4566004958578,17.8537091173072,1.5));
#16526=CARTESIAN_POINT('Ctrl Pts',(48.2959886279532,18.2616123117347,1.5));
#16527=CARTESIAN_POINT('Ctrl Pts',(48.2959886279532,18.2616123117347,1.7));
#16528=CARTESIAN_POINT('Ctrl Pts',(48.3018690735994,18.1829730791249,1.5));
#16529=CARTESIAN_POINT('Ctrl Pts',(48.3018690735994,18.1829730791249,1.7));
#16530=CARTESIAN_POINT('Ctrl Pts',(48.3132983226856,18.0301296669874,1.5));
#16531=CARTESIAN_POINT('Ctrl Pts',(48.3132983226856,18.0301296669874,1.7));
#16532=CARTESIAN_POINT('Ctrl Pts',(48.4097661731206,17.9113672586899,1.5));
#16533=CARTESIAN_POINT('Ctrl Pts',(48.4097661731206,17.9113672586899,1.7));
#16534=CARTESIAN_POINT('Ctrl Pts',(48.4566004958578,17.8537091173072,1.5));
#16535=CARTESIAN_POINT('Ctrl Pts',(48.4566004958578,17.8537091173072,1.7));
#16536=CARTESIAN_POINT('',(48.2959886279532,18.2616123117347,1.7));
#16537=CARTESIAN_POINT('Ctrl Pts',(48.2959886279532,18.2616123117347,1.7));
#16538=CARTESIAN_POINT('Ctrl Pts',(48.3018690735994,18.1829730791249,1.7));
#16539=CARTESIAN_POINT('Ctrl Pts',(48.3132983226856,18.0301296669874,1.7));
#16540=CARTESIAN_POINT('Ctrl Pts',(48.4097661731206,17.9113672586899,1.7));
#16541=CARTESIAN_POINT('Ctrl Pts',(48.4566004958578,17.8537091173072,1.7));
#16542=CARTESIAN_POINT('',(48.2959886279532,18.2616123117347,1.5));
#16543=CARTESIAN_POINT('Origin',(48.2959886279532,20.2858325399299,1.5));
#16544=CARTESIAN_POINT('',(48.2959886279532,20.2858325399299,1.7));
#16545=CARTESIAN_POINT('',(48.2959886279532,18.2616123117347,1.7));
#16546=CARTESIAN_POINT('',(48.2959886279532,20.2858325399299,1.5));
#16547=CARTESIAN_POINT('Origin',(49.0047200408408,20.2858325399299,1.5));
#16548=CARTESIAN_POINT('',(49.0047200408408,20.2858325399299,1.7));
#16549=CARTESIAN_POINT('',(48.2959886279532,20.2858325399299,1.7));
#16550=CARTESIAN_POINT('',(49.0047200408408,20.2858325399299,1.5));
#16551=CARTESIAN_POINT('Origin',(49.0047200408408,18.3227976716895,1.5));
#16552=CARTESIAN_POINT('',(49.0047200408408,18.3227976716895,1.7));
#16553=CARTESIAN_POINT('',(49.0047200408408,20.2858325399299,1.7));
#16554=CARTESIAN_POINT('',(49.0047200408408,18.3227976716895,1.5));
#16555=CARTESIAN_POINT('Origin',(50.728110858483,18.3227976716895,1.5));
#16556=CARTESIAN_POINT('',(50.728110858483,18.3227976716895,1.7));
#16557=CARTESIAN_POINT('',(49.0047200408408,18.3227976716895,1.7));
#16558=CARTESIAN_POINT('',(50.728110858483,18.3227976716895,1.5));
#16559=CARTESIAN_POINT('Origin',(50.728110858483,20.2246471799751,1.5));
#16560=CARTESIAN_POINT('',(50.728110858483,20.2246471799751,1.7));
#16561=CARTESIAN_POINT('',(50.728110858483,18.3227976716895,1.7));
#16562=CARTESIAN_POINT('',(50.728110858483,20.2246471799751,1.5));
#16563=CARTESIAN_POINT('Origin',(48.5254343238303,22.8862145103355,1.5));
#16564=CARTESIAN_POINT('',(48.5254343238303,22.8862145103355,1.7));
#16565=CARTESIAN_POINT('',(50.728110858483,20.2246471799751,1.7));
#16566=CARTESIAN_POINT('',(48.5254343238303,22.8862145103355,1.5));
#16567=CARTESIAN_POINT('Ctrl Pts',(48.2959886279532,23.4929701246162,1.5));
#16568=CARTESIAN_POINT('Ctrl Pts',(48.2959886279532,23.4929701246162,1.7));
#16569=CARTESIAN_POINT('Ctrl Pts',(48.306342289974,23.383893813292,1.5));
#16570=CARTESIAN_POINT('Ctrl Pts',(48.306342289974,23.383893813292,1.7));
#16571=CARTESIAN_POINT('Ctrl Pts',(48.3275028273336,23.160966567242,1.5));
#16572=CARTESIAN_POINT('Ctrl Pts',(48.3275028273336,23.160966567242,1.7));
#16573=CARTESIAN_POINT('Ctrl Pts',(48.4585217767172,22.9790969483384,1.5));
#16574=CARTESIAN_POINT('Ctrl Pts',(48.4585217767172,22.9790969483384,1.7));
#16575=CARTESIAN_POINT('Ctrl Pts',(48.5254343238303,22.8862145103355,1.5));
#16576=CARTESIAN_POINT('Ctrl Pts',(48.5254343238303,22.8862145103355,1.7));
#16577=CARTESIAN_POINT('',(48.2959886279532,23.4929701246162,1.7));
#16578=CARTESIAN_POINT('Ctrl Pts',(48.2959886279532,23.4929701246162,1.7));
#16579=CARTESIAN_POINT('Ctrl Pts',(48.306342289974,23.383893813292,1.7));
#16580=CARTESIAN_POINT('Ctrl Pts',(48.3275028273336,23.160966567242,1.7));
#16581=CARTESIAN_POINT('Ctrl Pts',(48.4585217767172,22.9790969483384,1.7));
#16582=CARTESIAN_POINT('Ctrl Pts',(48.5254343238303,22.8862145103355,1.7));
#16583=CARTESIAN_POINT('',(48.2959886279532,23.4929701246162,1.5));
#16584=CARTESIAN_POINT('Origin',(48.2959886279532,25.1092865623374,1.5));
#16585=CARTESIAN_POINT('',(48.2959886279532,25.1092865623374,1.7));
#16586=CARTESIAN_POINT('',(48.2959886279532,23.4929701246162,1.7));
#16587=CARTESIAN_POINT('',(48.2959886279532,25.1092865623374,1.5));
#16588=CARTESIAN_POINT('Ctrl Pts',(48.4566004958579,25.5171897567649,1.5));
#16589=CARTESIAN_POINT('Ctrl Pts',(48.4566004958579,25.5171897567649,1.7));
#16590=CARTESIAN_POINT('Ctrl Pts',(48.4097664662734,25.4595315785485,1.5));
#16591=CARTESIAN_POINT('Ctrl Pts',(48.4097664662734,25.4595315785485,1.7));
#16592=CARTESIAN_POINT('Ctrl Pts',(48.3132991219099,25.3407689740338,1.5));
#16593=CARTESIAN_POINT('Ctrl Pts',(48.3132991219099,25.3407689740338,1.7));
#16594=CARTESIAN_POINT('Ctrl Pts',(48.3018693488245,25.1879257654249,1.5));
#16595=CARTESIAN_POINT('Ctrl Pts',(48.3018693488245,25.1879257654249,1.7));
#16596=CARTESIAN_POINT('Ctrl Pts',(48.2959886279532,25.1092865623374,1.5));
#16597=CARTESIAN_POINT('Ctrl Pts',(48.2959886279532,25.1092865623374,1.7));
#16598=CARTESIAN_POINT('',(48.4566004958579,25.5171897567649,1.7));
#16599=CARTESIAN_POINT('Ctrl Pts',(48.4566004958579,25.5171897567649,1.7));
#16600=CARTESIAN_POINT('Ctrl Pts',(48.4097664662734,25.4595315785485,1.7));
#16601=CARTESIAN_POINT('Ctrl Pts',(48.3132991219099,25.3407689740338,1.7));
#16602=CARTESIAN_POINT('Ctrl Pts',(48.3018693488245,25.1879257654249,1.7));
#16603=CARTESIAN_POINT('Ctrl Pts',(48.2959886279532,25.1092865623374,1.7));
#16604=CARTESIAN_POINT('',(48.4566004958579,25.5171897567649,1.5));
#16605=CARTESIAN_POINT('Ctrl Pts',(48.8670529809424,25.6752523340125,1.5));
#16606=CARTESIAN_POINT('Ctrl Pts',(48.8670529809424,25.6752523340125,1.7));
#16607=CARTESIAN_POINT('Ctrl Pts',(48.7883160651378,25.6694611160873,1.5));
#16608=CARTESIAN_POINT('Ctrl Pts',(48.7883160651378,25.6694611160873,1.7));
#16609=CARTESIAN_POINT('Ctrl Pts',(48.6352626949177,25.6582038117838,1.5));
#16610=CARTESIAN_POINT('Ctrl Pts',(48.6352626949177,25.6582038117838,1.7));
#16611=CARTESIAN_POINT('Ctrl Pts',(48.5149967284867,25.563280589656,1.5));
#16612=CARTESIAN_POINT('Ctrl Pts',(48.5149967284867,25.563280589656,1.7));
#16613=CARTESIAN_POINT('Ctrl Pts',(48.4566004958579,25.5171897567649,1.5));
#16614=CARTESIAN_POINT('Ctrl Pts',(48.4566004958579,25.5171897567649,1.7));
#16615=CARTESIAN_POINT('',(48.8670529809424,25.6752523340125,1.7));
#16616=CARTESIAN_POINT('Ctrl Pts',(48.8670529809424,25.6752523340125,1.7));
#16617=CARTESIAN_POINT('Ctrl Pts',(48.7883160651378,25.6694611160873,1.7));
#16618=CARTESIAN_POINT('Ctrl Pts',(48.6352626949177,25.6582038117838,1.7));
#16619=CARTESIAN_POINT('Ctrl Pts',(48.5149967284867,25.563280589656,1.7));
#16620=CARTESIAN_POINT('Ctrl Pts',(48.4566004958579,25.5171897567649,1.7));
#16621=CARTESIAN_POINT('',(48.8670529809424,25.6752523340125,1.5));
#16622=CARTESIAN_POINT('Origin',(50.875975677056,25.6752523340125,1.5));
#16623=CARTESIAN_POINT('',(50.875975677056,25.6752523340125,1.7));
#16624=CARTESIAN_POINT('',(48.8670529809424,25.6752523340125,1.7));
#16625=CARTESIAN_POINT('',(50.875975677056,25.6752523340125,1.5));
#16626=CARTESIAN_POINT('Ctrl Pts',(51.28132898478,25.5171897567649,1.5));
#16627=CARTESIAN_POINT('Ctrl Pts',(51.28132898478,25.5171897567649,1.7));
#16628=CARTESIAN_POINT('Ctrl Pts',(51.2242466734411,25.5632770737647,1.5));
#16629=CARTESIAN_POINT('Ctrl Pts',(51.2242466734411,25.5632770737647,1.7));
#16630=CARTESIAN_POINT('Ctrl Pts',(51.1061194588169,25.6586510391663,1.5));
#16631=CARTESIAN_POINT('Ctrl Pts',(51.1061194588169,25.6586510391663,1.7));
#16632=CARTESIAN_POINT('Ctrl Pts',(50.9543869000924,25.6695961836577,1.5));
#16633=CARTESIAN_POINT('Ctrl Pts',(50.9543869000924,25.6695961836577,1.7));
#16634=CARTESIAN_POINT('Ctrl Pts',(50.875975677056,25.6752523340125,1.5));
#16635=CARTESIAN_POINT('Ctrl Pts',(50.875975677056,25.6752523340125,1.7));
#16636=CARTESIAN_POINT('',(51.28132898478,25.5171897567649,1.7));
#16637=CARTESIAN_POINT('Ctrl Pts',(51.28132898478,25.5171897567649,1.7));
#16638=CARTESIAN_POINT('Ctrl Pts',(51.2242466734411,25.5632770737647,1.7));
#16639=CARTESIAN_POINT('Ctrl Pts',(51.1061194588169,25.6586510391663,1.7));
#16640=CARTESIAN_POINT('Ctrl Pts',(50.9543869000924,25.6695961836577,1.7));
#16641=CARTESIAN_POINT('Ctrl Pts',(50.875975677056,25.6752523340125,1.7));
#16642=CARTESIAN_POINT('',(51.28132898478,25.5171897567649,1.5));
#16643=CARTESIAN_POINT('Ctrl Pts',(51.4368422713706,25.1092865623374,1.5));
#16644=CARTESIAN_POINT('Ctrl Pts',(51.4368422713706,25.1092865623374,1.7));
#16645=CARTESIAN_POINT('Ctrl Pts',(51.4312722484444,25.1877936108856,1.5));
#16646=CARTESIAN_POINT('Ctrl Pts',(51.4312722484444,25.1877936108856,1.7));
#16647=CARTESIAN_POINT('Ctrl Pts',(51.4204920511754,25.33973579884,1.5));
#16648=CARTESIAN_POINT('Ctrl Pts',(51.4204920511754,25.33973579884,1.7));
#16649=CARTESIAN_POINT('Ctrl Pts',(51.3266727613729,25.4593695834094,1.5));
#16650=CARTESIAN_POINT('Ctrl Pts',(51.3266727613729,25.4593695834094,1.7));
#16651=CARTESIAN_POINT('Ctrl Pts',(51.28132898478,25.5171897567649,1.5));
#16652=CARTESIAN_POINT('Ctrl Pts',(51.28132898478,25.5171897567649,1.7));
#16653=CARTESIAN_POINT('',(51.4368422713706,25.1092865623374,1.7));
#16654=CARTESIAN_POINT('Ctrl Pts',(51.4368422713706,25.1092865623374,1.7));
#16655=CARTESIAN_POINT('Ctrl Pts',(51.4312722484444,25.1877936108856,1.7));
#16656=CARTESIAN_POINT('Ctrl Pts',(51.4204920511754,25.33973579884,1.7));
#16657=CARTESIAN_POINT('Ctrl Pts',(51.3266727613729,25.4593695834094,1.7));
#16658=CARTESIAN_POINT('Ctrl Pts',(51.28132898478,25.5171897567649,1.7));
#16659=CARTESIAN_POINT('',(51.4368422713706,25.1092865623374,1.5));
#16660=CARTESIAN_POINT('Origin',(51.4368422713706,23.2533272661109,1.5));
#16661=CARTESIAN_POINT('',(51.4368422713706,23.2533272661109,1.7));
#16662=CARTESIAN_POINT('',(51.4368422713706,25.1092865623374,1.7));
#16663=CARTESIAN_POINT('',(51.4368422713706,23.2533272661109,1.5));
#16664=CARTESIAN_POINT('Origin',(50.728110858483,23.2533272661109,1.5));
#16665=CARTESIAN_POINT('',(50.728110858483,23.2533272661109,1.7));
#16666=CARTESIAN_POINT('',(51.4368422713705,23.2533272661109,1.7));
#16667=CARTESIAN_POINT('',(50.728110858483,23.2533272661109,1.5));
#16668=CARTESIAN_POINT('Origin',(50.728110858483,25.0481012023826,1.5));
#16669=CARTESIAN_POINT('',(50.728110858483,25.0481012023826,1.7));
#16670=CARTESIAN_POINT('',(50.728110858483,23.2533272661109,1.7));
#16671=CARTESIAN_POINT('',(50.728110858483,25.0481012023826,1.5));
#16672=CARTESIAN_POINT('Origin',(49.0047200408408,25.0481012023826,1.5));
#16673=CARTESIAN_POINT('',(49.0047200408408,25.0481012023826,1.7));
#16674=CARTESIAN_POINT('',(50.728110858483,25.0481012023826,1.7));
#16675=CARTESIAN_POINT('',(49.0047200408408,25.0481012023826,1.5));
#16676=CARTESIAN_POINT('Origin',(49.0047200408408,23.3655008233924,1.5));
#16677=CARTESIAN_POINT('',(49.0047200408408,23.3655008233924,1.7));
#16678=CARTESIAN_POINT('',(49.0047200408408,25.0481012023826,1.7));
#16679=CARTESIAN_POINT('',(49.0047200408408,23.3655008233924,1.5));
#16680=CARTESIAN_POINT('Origin',(51.2175949302145,20.7039328969856,1.5));
#16681=CARTESIAN_POINT('',(51.2175949302145,20.7039328969856,1.7));
#16682=CARTESIAN_POINT('',(49.0047200408408,23.3655008233924,1.7));
#16683=CARTESIAN_POINT('',(51.2175949302145,20.7039328969856,1.5));
#16684=CARTESIAN_POINT('Ctrl Pts',(51.4368422713705,20.1073738492866,1.5));
#16685=CARTESIAN_POINT('Ctrl Pts',(51.4368422713705,20.1073738492866,1.7));
#16686=CARTESIAN_POINT('Ctrl Pts',(51.4273388042545,20.2155280034481,1.5));
#16687=CARTESIAN_POINT('Ctrl Pts',(51.4273388042545,20.2155280034481,1.7));
#16688=CARTESIAN_POINT('Ctrl Pts',(51.4081355690615,20.4340703137553,1.5));
#16689=CARTESIAN_POINT('Ctrl Pts',(51.4081355690615,20.4340703137553,1.7));
#16690=CARTESIAN_POINT('Ctrl Pts',(51.2815398424021,20.6133677593237,1.5));
#16691=CARTESIAN_POINT('Ctrl Pts',(51.2815398424021,20.6133677593237,1.7));
#16692=CARTESIAN_POINT('Ctrl Pts',(51.2175949302145,20.7039328969856,1.5));
#16693=CARTESIAN_POINT('Ctrl Pts',(51.2175949302145,20.7039328969856,1.7));
#16694=CARTESIAN_POINT('',(51.4368422713705,20.1073738492866,1.7));
#16695=CARTESIAN_POINT('Ctrl Pts',(51.4368422713705,20.1073738492866,1.7));
#16696=CARTESIAN_POINT('Ctrl Pts',(51.4273388042545,20.2155280034481,1.7));
#16697=CARTESIAN_POINT('Ctrl Pts',(51.4081355690615,20.4340703137553,1.7));
#16698=CARTESIAN_POINT('Ctrl Pts',(51.2815398424021,20.6133677593237,1.7));
#16699=CARTESIAN_POINT('Ctrl Pts',(51.2175949302145,20.7039328969856,1.7));
#16700=CARTESIAN_POINT('',(51.4368422713705,20.1073738492866,1.5));
#16701=CARTESIAN_POINT('Origin',(51.4368422713705,18.2616123117347,1.5));
#16702=CARTESIAN_POINT('',(51.4368422713705,20.1073738492866,1.7));
#16703=CARTESIAN_POINT('Origin',(53.0832411733099,21.6854494370361,1.7));
#16704=CARTESIAN_POINT('Origin',(43.2451279845663,17.6752516187568,1.5));
#16705=CARTESIAN_POINT('',(44.6268998470732,25.6752523340125,1.7));
#16706=CARTESIAN_POINT('',(44.6268998470732,25.6752523340125,1.5));
#16707=CARTESIAN_POINT('',(43.2451279845663,17.6752516187568,1.7));
#16708=CARTESIAN_POINT('',(44.6268998470732,25.6752523340125,1.7));
#16709=CARTESIAN_POINT('',(43.2451279845663,17.6752516187568,1.5));
#16710=CARTESIAN_POINT('Origin',(42.5771867123076,17.6752516187568,1.5));
#16711=CARTESIAN_POINT('',(42.5771867123076,17.6752516187568,1.7));
#16712=CARTESIAN_POINT('',(43.2451279845663,17.6752516187568,1.7));
#16713=CARTESIAN_POINT('',(42.5771867123076,17.6752516187568,1.5));
#16714=CARTESIAN_POINT('Origin',(41.1954148498007,25.6752523340126,1.5));
#16715=CARTESIAN_POINT('',(41.1954148498007,25.6752523340126,1.7));
#16716=CARTESIAN_POINT('',(42.5771867123076,17.6752516187568,1.7));
#16717=CARTESIAN_POINT('',(41.1954148498007,25.6752523340126,1.5));
#16718=CARTESIAN_POINT('Origin',(41.8990476813742,25.6752523340126,1.5));
#16719=CARTESIAN_POINT('',(41.8990476813742,25.6752523340126,1.7));
#16720=CARTESIAN_POINT('',(41.1954148498007,25.6752523340126,1.7));
#16721=CARTESIAN_POINT('',(41.8990476813742,25.6752523340126,1.5));
#16722=CARTESIAN_POINT('Origin',(42.8882129874655,19.3221613325019,1.5));
#16723=CARTESIAN_POINT('',(42.8882129874655,19.3221613325019,1.7));
#16724=CARTESIAN_POINT('',(41.8990476813742,25.6752523340126,1.7));
#16725=CARTESIAN_POINT('',(42.8882129874655,19.3221613325019,1.5));
#16726=CARTESIAN_POINT('Origin',(42.9188056674429,18.8020845807929,1.5));
#16727=CARTESIAN_POINT('',(42.9188056674429,18.8020845807929,1.7));
#16728=CARTESIAN_POINT('Ctrl Pts',(42.9188056674429,18.8020845807929,1.7));
#16729=CARTESIAN_POINT('Ctrl Pts',(42.9111574974486,18.9321037687202,1.7));
#16730=CARTESIAN_POINT('Ctrl Pts',(42.9009599374561,19.1054626859565,1.7));
#16731=CARTESIAN_POINT('Ctrl Pts',(42.8907623774636,19.2788216031928,1.7));
#16732=CARTESIAN_POINT('Ctrl Pts',(42.8882129874655,19.3221613325019,1.7));
#16733=CARTESIAN_POINT('',(42.9188056674429,18.8020845807929,1.5));
#16734=CARTESIAN_POINT('Ctrl Pts',(42.9544969287344,19.3221613325019,1.5));
#16735=CARTESIAN_POINT('Ctrl Pts',(42.9544969287344,19.3221613325019,1.7));
#16736=CARTESIAN_POINT('Ctrl Pts',(42.9456087157389,19.2219389917255,1.5));
#16737=CARTESIAN_POINT('Ctrl Pts',(42.9456087157389,19.2219389917255,1.7));
#16738=CARTESIAN_POINT('Ctrl Pts',(42.930254746814,19.0488096229035,1.5));
#16739=CARTESIAN_POINT('Ctrl Pts',(42.930254746814,19.0488096229035,1.7));
#16740=CARTESIAN_POINT('Ctrl Pts',(42.9221983295101,18.8751956724595,1.5));
#16741=CARTESIAN_POINT('Ctrl Pts',(42.9221983295101,18.8751956724595,1.7));
#16742=CARTESIAN_POINT('Ctrl Pts',(42.9188056674429,18.8020845807929,1.5));
#16743=CARTESIAN_POINT('Ctrl Pts',(42.9188056674429,18.8020845807929,1.7));
#16744=CARTESIAN_POINT('',(42.9544969287344,19.3221613325019,1.7));
#16745=CARTESIAN_POINT('Ctrl Pts',(42.9544969287344,19.3221613325019,1.7));
#16746=CARTESIAN_POINT('Ctrl Pts',(42.9456087157389,19.2219389917255,1.7));
#16747=CARTESIAN_POINT('Ctrl Pts',(42.930254746814,19.0488096229035,1.7));
#16748=CARTESIAN_POINT('Ctrl Pts',(42.9221983295101,18.8751956724595,1.7));
#16749=CARTESIAN_POINT('Ctrl Pts',(42.9188056674429,18.8020845807929,1.7));
#16750=CARTESIAN_POINT('',(42.9544969287344,19.3221613325019,1.5));
#16751=CARTESIAN_POINT('Origin',(43.9436622348257,25.6752523340125,1.5));
#16752=CARTESIAN_POINT('',(43.9436622348257,25.6752523340125,1.7));
#16753=CARTESIAN_POINT('',(42.9544969287344,19.3221613325019,1.7));
#16754=CARTESIAN_POINT('',(43.9436622348257,25.6752523340125,1.5));
#16755=CARTESIAN_POINT('Origin',(44.6268998470732,25.6752523340125,1.5));
#16756=CARTESIAN_POINT('',(43.9436622348258,25.6752523340125,1.7));
#16757=CARTESIAN_POINT('Origin',(53.0832411733099,21.6854494370361,1.7));
#16758=CARTESIAN_POINT('Origin',(56.0150367916207,16.4108867694359,1.5));
#16759=CARTESIAN_POINT('',(56.0150367916207,14.6339587618332,1.5));
#16760=CARTESIAN_POINT('',(56.0150367916207,16.4108867694359,1.5));
#16761=CARTESIAN_POINT('',(56.0150367916207,4.31769338471794,1.5));
#16762=CARTESIAN_POINT('',(56.0150367916207,14.6339587618332,1.7));
#16763=CARTESIAN_POINT('',(56.0150367916207,14.6339587618332,1.5));
#16764=CARTESIAN_POINT('',(56.0150367916207,16.4108867694359,1.7));
#16765=CARTESIAN_POINT('',(56.0150367916207,14.6339587618332,1.7));
#16766=CARTESIAN_POINT('',(56.0150367916207,16.4108867694359,1.5));
#16767=CARTESIAN_POINT('Origin',(55.143143624125,16.4108867694359,1.5));
#16768=CARTESIAN_POINT('',(55.143143624125,16.4108867694359,1.5));
#16769=CARTESIAN_POINT('',(42.1013218120625,16.4108867694359,1.5));
#16770=CARTESIAN_POINT('',(55.143143624125,16.4108867694359,1.7));
#16771=CARTESIAN_POINT('',(56.0150367916207,16.4108867694359,1.7));
#16772=CARTESIAN_POINT('',(55.143143624125,16.4108867694359,1.5));
#16773=CARTESIAN_POINT('Origin',(55.143143624125,14.6339587618332,1.5));
#16774=CARTESIAN_POINT('',(55.143143624125,14.6339587618332,1.5));
#16775=CARTESIAN_POINT('',(55.143143624125,3.42922938091659,1.5));
#16776=CARTESIAN_POINT('',(55.143143624125,14.6339587618332,1.7));
#16777=CARTESIAN_POINT('',(55.143143624125,16.4108867694359,1.7));
#16778=CARTESIAN_POINT('',(55.143143624125,14.6339587618332,1.5));
#16779=CARTESIAN_POINT('Origin',(56.0150367916207,14.6339587618332,1.5));
#16780=CARTESIAN_POINT('',(42.5372683958104,14.6339587618332,1.5));
#16781=CARTESIAN_POINT('',(55.143143624125,14.6339587618332,1.7));
#16782=CARTESIAN_POINT('Ctrl Pts',(56.2890965641122,14.3981395412903,1.5));
#16783=CARTESIAN_POINT('Ctrl Pts',(56.2890965641122,14.3981395412903,1.7));
#16784=CARTESIAN_POINT('Ctrl Pts',(56.312514939862,14.4272972236102,1.5));
#16785=CARTESIAN_POINT('Ctrl Pts',(56.312514939862,14.4272972236102,1.7));
#16786=CARTESIAN_POINT('Ctrl Pts',(56.360637728623,14.4872138037365,1.5));
#16787=CARTESIAN_POINT('Ctrl Pts',(56.360637728623,14.4872138037365,1.7));
#16788=CARTESIAN_POINT('Ctrl Pts',(56.3664297104859,14.5639649545157,1.5));
#16789=CARTESIAN_POINT('Ctrl Pts',(56.3664297104859,14.5639649545157,1.7));
#16790=CARTESIAN_POINT('Ctrl Pts',(56.369403094111,14.6033660818558,1.5));
#16791=CARTESIAN_POINT('Ctrl Pts',(56.369403094111,14.6033660818558,1.7));
#16792=CARTESIAN_POINT('',(56.369403094111,14.6033660818558,1.7));
#16793=CARTESIAN_POINT('',(56.369403094111,14.6033660818558,1.5));
#16794=CARTESIAN_POINT('',(56.2890965641122,14.3981395412903,1.7));
#16795=CARTESIAN_POINT('Ctrl Pts',(56.2890965641122,14.3981395412903,1.7));
#16796=CARTESIAN_POINT('Ctrl Pts',(56.312514939862,14.4272972236102,1.7));
#16797=CARTESIAN_POINT('Ctrl Pts',(56.360637728623,14.4872138037365,1.7));
#16798=CARTESIAN_POINT('Ctrl Pts',(56.3664297104859,14.5639649545157,1.7));
#16799=CARTESIAN_POINT('Ctrl Pts',(56.369403094111,14.6033660818558,1.7));
#16800=CARTESIAN_POINT('',(56.2890965641122,14.3981395412903,1.5));
#16801=CARTESIAN_POINT('Ctrl Pts',(56.0838706195932,14.317833607338,1.5));
#16802=CARTESIAN_POINT('Ctrl Pts',(56.0838706195932,14.317833607338,1.7));
#16803=CARTESIAN_POINT('Ctrl Pts',(56.1232714836691,14.3208073351782,1.5));
#16804=CARTESIAN_POINT('Ctrl Pts',(56.1232714836691,14.3208073351782,1.7));
#16805=CARTESIAN_POINT('Ctrl Pts',(56.2000220542947,14.3265999824711,1.5));
#16806=CARTESIAN_POINT('Ctrl Pts',(56.2000220542947,14.3265999824711,1.7));
#16807=CARTESIAN_POINT('Ctrl Pts',(56.2599388189682,14.3747217057273,1.5));
#16808=CARTESIAN_POINT('Ctrl Pts',(56.2599388189682,14.3747217057273,1.7));
#16809=CARTESIAN_POINT('Ctrl Pts',(56.2890965641122,14.3981395412903,1.5));
#16810=CARTESIAN_POINT('Ctrl Pts',(56.2890965641122,14.3981395412903,1.7));
#16811=CARTESIAN_POINT('',(56.0838706195932,14.317833607338,1.7));
#16812=CARTESIAN_POINT('Ctrl Pts',(56.0838706195932,14.317833607338,1.7));
#16813=CARTESIAN_POINT('Ctrl Pts',(56.1232714836691,14.3208073351782,1.7));
#16814=CARTESIAN_POINT('Ctrl Pts',(56.2000220542947,14.3265999824711,1.7));
#16815=CARTESIAN_POINT('Ctrl Pts',(56.2599388189682,14.3747217057273,1.7));
#16816=CARTESIAN_POINT('Ctrl Pts',(56.2890965641122,14.3981395412903,1.7));
#16817=CARTESIAN_POINT('',(56.0838706195932,14.317833607338,1.5));
#16818=CARTESIAN_POINT('Origin',(55.143143624125,14.317833607338,1.5));
#16819=CARTESIAN_POINT('',(55.143143624125,14.317833607338,1.7));
#16820=CARTESIAN_POINT('',(56.0838706195932,14.317833607338,1.7));
#16821=CARTESIAN_POINT('',(55.143143624125,14.317833607338,1.5));
#16822=CARTESIAN_POINT('Origin',(55.143143624125,12.7346597362976,1.5));
#16823=CARTESIAN_POINT('',(55.143143624125,12.7346597362976,1.7));
#16824=CARTESIAN_POINT('',(55.143143624125,14.317833607338,1.7));
#16825=CARTESIAN_POINT('',(55.143143624125,12.7346597362976,1.5));
#16826=CARTESIAN_POINT('Origin',(54.7887773216348,12.7346597362976,1.5));
#16827=CARTESIAN_POINT('',(54.7887773216348,12.7346597362976,1.7));
#16828=CARTESIAN_POINT('',(55.143143624125,12.7346597362976,1.7));
#16829=CARTESIAN_POINT('',(54.7887773216348,12.7346597362976,1.5));
#16830=CARTESIAN_POINT('Origin',(54.7887773216348,16.7244623352509,1.5));
#16831=CARTESIAN_POINT('',(54.7887773216348,16.7244623352509,1.7));
#16832=CARTESIAN_POINT('',(54.7887773216348,12.7346597362976,1.7));
#16833=CARTESIAN_POINT('',(54.7887773216348,16.7244623352509,1.5));
#16834=CARTESIAN_POINT('Origin',(56.0838706195932,16.7244623352509,1.5));
#16835=CARTESIAN_POINT('',(56.0838706195932,16.7244623352509,1.7));
#16836=CARTESIAN_POINT('',(54.7887773216348,16.7244623352509,1.7));
#16837=CARTESIAN_POINT('',(56.0838706195932,16.7244623352509,1.5));
#16838=CARTESIAN_POINT('Ctrl Pts',(56.2890965641122,16.645431046627,1.5));
#16839=CARTESIAN_POINT('Ctrl Pts',(56.2890965641122,16.645431046627,1.7));
#16840=CARTESIAN_POINT('Ctrl Pts',(56.2598983568579,16.6684765377039,1.5));
#16841=CARTESIAN_POINT('Ctrl Pts',(56.2598983568579,16.6684765377039,1.7));
#16842=CARTESIAN_POINT('Ctrl Pts',(56.1997654445025,16.7159380987185,1.5));
#16843=CARTESIAN_POINT('Ctrl Pts',(56.1997654445025,16.7159380987185,1.7));
#16844=CARTESIAN_POINT('Ctrl Pts',(56.123238864107,16.7215667423858,1.5));
#16845=CARTESIAN_POINT('Ctrl Pts',(56.123238864107,16.7215667423858,1.7));
#16846=CARTESIAN_POINT('Ctrl Pts',(56.0838706195932,16.7244623352509,1.5));
#16847=CARTESIAN_POINT('Ctrl Pts',(56.0838706195932,16.7244623352509,1.7));
#16848=CARTESIAN_POINT('',(56.2890965641122,16.645431046627,1.7));
#16849=CARTESIAN_POINT('Ctrl Pts',(56.2890965641122,16.645431046627,1.7));
#16850=CARTESIAN_POINT('Ctrl Pts',(56.2598983568579,16.6684765377039,1.7));
#16851=CARTESIAN_POINT('Ctrl Pts',(56.1997654445025,16.7159380987185,1.7));
#16852=CARTESIAN_POINT('Ctrl Pts',(56.123238864107,16.7215667423858,1.7));
#16853=CARTESIAN_POINT('Ctrl Pts',(56.0838706195932,16.7244623352509,1.7));
#16854=CARTESIAN_POINT('',(56.2890965641122,16.645431046627,1.5));
#16855=CARTESIAN_POINT('Ctrl Pts',(56.369403094111,16.4414794494133,1.5));
#16856=CARTESIAN_POINT('Ctrl Pts',(56.369403094111,16.4414794494133,1.7));
#16857=CARTESIAN_POINT('Ctrl Pts',(56.3664625256882,16.4807991599859,1.5));
#16858=CARTESIAN_POINT('Ctrl Pts',(56.3664625256882,16.4807991599859,1.7));
#16859=CARTESIAN_POINT('Ctrl Pts',(56.3607472508033,16.5572207635695,1.5));
#16860=CARTESIAN_POINT('Ctrl Pts',(56.3607472508033,16.5572207635695,1.7));
#16861=CARTESIAN_POINT('Ctrl Pts',(56.3125135323304,16.6166020501404,1.5));
#16862=CARTESIAN_POINT('Ctrl Pts',(56.3125135323304,16.6166020501404,1.7));
#16863=CARTESIAN_POINT('Ctrl Pts',(56.2890965641122,16.645431046627,1.5));
#16864=CARTESIAN_POINT('Ctrl Pts',(56.2890965641122,16.645431046627,1.7));
#16865=CARTESIAN_POINT('',(56.369403094111,16.4414794494133,1.7));
#16866=CARTESIAN_POINT('Ctrl Pts',(56.369403094111,16.4414794494133,1.7));
#16867=CARTESIAN_POINT('Ctrl Pts',(56.3664625256882,16.4807991599859,1.7));
#16868=CARTESIAN_POINT('Ctrl Pts',(56.3607472508033,16.5572207635695,1.7));
#16869=CARTESIAN_POINT('Ctrl Pts',(56.3125135323304,16.6166020501404,1.7));
#16870=CARTESIAN_POINT('Ctrl Pts',(56.2890965641122,16.645431046627,1.7));
#16871=CARTESIAN_POINT('',(56.369403094111,16.4414794494133,1.5));
#16872=CARTESIAN_POINT('Origin',(56.369403094111,14.6033660818558,1.5));
#16873=CARTESIAN_POINT('',(56.369403094111,16.4414794494133,1.7));
#16874=CARTESIAN_POINT('Origin',(53.2494519055467,14.7346597660999,1.7));
#16875=CARTESIAN_POINT('Origin',(29.0595,-7.77550000000001,1.5));
#16876=CARTESIAN_POINT('Origin',(60.6386155784707,15.972390895031,1.5));
#16877=CARTESIAN_POINT('',(60.6386155784707,13.4918300558548,1.5));
#16878=CARTESIAN_POINT('',(60.6386155784707,15.972390895031,1.5));
#16879=CARTESIAN_POINT('',(60.6386155784707,4.09844544751548,1.5));
#16880=CARTESIAN_POINT('',(60.6386155784707,13.4918300558548,1.7));
#16881=CARTESIAN_POINT('',(60.6386155784707,13.4918300558548,1.5));
#16882=CARTESIAN_POINT('',(60.6386155784707,15.972390895031,1.7));
#16883=CARTESIAN_POINT('',(60.6386155784707,13.4918300558548,1.7));
#16884=CARTESIAN_POINT('',(60.6386155784707,15.972390895031,1.5));
#16885=CARTESIAN_POINT('Ctrl Pts',(60.5149717033486,16.2897903968315,1.5));
#16886=CARTESIAN_POINT('Ctrl Pts',(60.5149717033486,16.2897903968315,1.7));
#16887=CARTESIAN_POINT('Ctrl Pts',(60.5510220059293,16.245203910972,1.5));
#16888=CARTESIAN_POINT('Ctrl Pts',(60.5510220059293,16.245203910972,1.7));
#16889=CARTESIAN_POINT('Ctrl Pts',(60.6257712885547,16.1527550937856,1.5));
#16890=CARTESIAN_POINT('Ctrl Pts',(60.6257712885547,16.1527550937856,1.7));
#16891=CARTESIAN_POINT('Ctrl Pts',(60.6342341899201,16.033915949396,1.5));
#16892=CARTESIAN_POINT('Ctrl Pts',(60.6342341899201,16.033915949396,1.7));
#16893=CARTESIAN_POINT('Ctrl Pts',(60.6386155784707,15.972390895031,1.5));
#16894=CARTESIAN_POINT('Ctrl Pts',(60.6386155784707,15.972390895031,1.7));
#16895=CARTESIAN_POINT('',(60.5149717033486,16.2897903968315,1.5));
#16896=CARTESIAN_POINT('Ctrl Pts',(60.6386155784707,15.972390895031,1.5));
#16897=CARTESIAN_POINT('Ctrl Pts',(60.6342341899201,16.033915949396,1.5));
#16898=CARTESIAN_POINT('Ctrl Pts',(60.6257712885547,16.1527550937856,1.5));
#16899=CARTESIAN_POINT('Ctrl Pts',(60.5510220059293,16.245203910972,1.5));
#16900=CARTESIAN_POINT('Ctrl Pts',(60.5149717033486,16.2897903968315,1.5));
#16901=CARTESIAN_POINT('',(60.5149717033486,16.2897903968315,1.7));
#16902=CARTESIAN_POINT('Ctrl Pts',(60.5149717033486,16.2897903968315,1.7));
#16903=CARTESIAN_POINT('Ctrl Pts',(60.5510220059293,16.245203910972,1.7));
#16904=CARTESIAN_POINT('Ctrl Pts',(60.6257712885547,16.1527550937856,1.7));
#16905=CARTESIAN_POINT('Ctrl Pts',(60.6342341899201,16.033915949396,1.7));
#16906=CARTESIAN_POINT('Ctrl Pts',(60.6386155784707,15.972390895031,1.7));
#16907=CARTESIAN_POINT('',(60.5149717033486,16.2897903968315,1.5));
#16908=CARTESIAN_POINT('Ctrl Pts',(60.1950235069375,16.4108867694359,1.5));
#16909=CARTESIAN_POINT('Ctrl Pts',(60.1950235069375,16.4108867694359,1.7));
#16910=CARTESIAN_POINT('Ctrl Pts',(60.2566433741082,16.4065904764719,1.5));
#16911=CARTESIAN_POINT('Ctrl Pts',(60.2566433741082,16.4065904764719,1.7));
#16912=CARTESIAN_POINT('Ctrl Pts',(60.3756921776282,16.398290092839,1.5));
#16913=CARTESIAN_POINT('Ctrl Pts',(60.3756921776282,16.398290092839,1.7));
#16914=CARTESIAN_POINT('Ctrl Pts',(60.4696477150469,16.3250980913914,1.5));
#16915=CARTESIAN_POINT('Ctrl Pts',(60.4696477150469,16.3250980913914,1.7));
#16916=CARTESIAN_POINT('Ctrl Pts',(60.5149717033486,16.2897903968315,1.5));
#16917=CARTESIAN_POINT('Ctrl Pts',(60.5149717033486,16.2897903968315,1.7));
#16918=CARTESIAN_POINT('',(60.1950235069375,16.4108867694359,1.5));
#16919=CARTESIAN_POINT('Ctrl Pts',(60.5149717033486,16.2897903968315,1.5));
#16920=CARTESIAN_POINT('Ctrl Pts',(60.4696477150469,16.3250980913914,1.5));
#16921=CARTESIAN_POINT('Ctrl Pts',(60.3756921776282,16.398290092839,1.5));
#16922=CARTESIAN_POINT('Ctrl Pts',(60.2566433741082,16.4065904764719,1.5));
#16923=CARTESIAN_POINT('Ctrl Pts',(60.1950235069375,16.4108867694359,1.5));
#16924=CARTESIAN_POINT('',(60.1950235069375,16.4108867694359,1.7));
#16925=CARTESIAN_POINT('Ctrl Pts',(60.1950235069375,16.4108867694359,1.7));
#16926=CARTESIAN_POINT('Ctrl Pts',(60.2566433741082,16.4065904764719,1.7));
#16927=CARTESIAN_POINT('Ctrl Pts',(60.3756921776282,16.398290092839,1.7));
#16928=CARTESIAN_POINT('Ctrl Pts',(60.4696477150469,16.3250980913914,1.7));
#16929=CARTESIAN_POINT('Ctrl Pts',(60.5149717033486,16.2897903968315,1.7));
#16930=CARTESIAN_POINT('',(60.1950235069375,16.4108867694359,1.5));
#16931=CARTESIAN_POINT('Origin',(59.7029895485025,16.4108867694359,1.5));
#16932=CARTESIAN_POINT('',(59.7029895485025,16.4108867694359,1.5));
#16933=CARTESIAN_POINT('',(44.3812447742512,16.4108867694359,1.5));
#16934=CARTESIAN_POINT('',(59.7029895485025,16.4108867694359,1.7));
#16935=CARTESIAN_POINT('',(60.1950235069375,16.4108867694359,1.7));
#16936=CARTESIAN_POINT('',(59.7029895485025,16.4108867694359,1.5));
#16937=CARTESIAN_POINT('Origin',(59.7029895485025,13.0482350040894,1.5));
#16938=CARTESIAN_POINT('',(59.7029895485025,13.0482350040894,1.5));
#16939=CARTESIAN_POINT('',(59.7029895485024,2.63636750204467,1.5));
#16940=CARTESIAN_POINT('',(59.7029895485025,13.0482350040894,1.7));
#16941=CARTESIAN_POINT('',(59.7029895485025,16.4108867694359,1.7));
#16942=CARTESIAN_POINT('',(59.7029895485025,13.0482350040894,1.5));
#16943=CARTESIAN_POINT('Origin',(60.1746267974954,13.0482350040894,1.5));
#16944=CARTESIAN_POINT('',(60.1746267974954,13.0482350040894,1.5));
#16945=CARTESIAN_POINT('',(44.6170633987477,13.0482350040894,1.5));
#16946=CARTESIAN_POINT('',(60.1746267974954,13.0482350040894,1.7));
#16947=CARTESIAN_POINT('',(59.7029895485025,13.0482350040894,1.7));
#16948=CARTESIAN_POINT('',(60.1746267974954,13.0482350040894,1.5));
#16949=CARTESIAN_POINT('Ctrl Pts',(60.5098719299417,13.1667820860367,1.5));
#16950=CARTESIAN_POINT('Ctrl Pts',(60.5098719299417,13.1667820860367,1.7));
#16951=CARTESIAN_POINT('Ctrl Pts',(60.4622669556584,13.1322255925053,1.5));
#16952=CARTESIAN_POINT('Ctrl Pts',(60.4622669556584,13.1322255925053,1.7));
#16953=CARTESIAN_POINT('Ctrl Pts',(60.3624875672086,13.0597956449328,1.5));
#16954=CARTESIAN_POINT('Ctrl Pts',(60.3624875672086,13.0597956449328,1.7));
#16955=CARTESIAN_POINT('Ctrl Pts',(60.2391301230844,13.0522044319879,1.5));
#16956=CARTESIAN_POINT('Ctrl Pts',(60.2391301230844,13.0522044319879,1.7));
#16957=CARTESIAN_POINT('Ctrl Pts',(60.1746267974954,13.0482350040894,1.5));
#16958=CARTESIAN_POINT('Ctrl Pts',(60.1746267974954,13.0482350040894,1.7));
#16959=CARTESIAN_POINT('',(60.5098719299417,13.1667820860367,1.5));
#16960=CARTESIAN_POINT('Ctrl Pts',(60.1746267974954,13.0482350040894,1.5));
#16961=CARTESIAN_POINT('Ctrl Pts',(60.2391301230844,13.0522044319879,1.5));
#16962=CARTESIAN_POINT('Ctrl Pts',(60.3624875672086,13.0597956449328,1.5));
#16963=CARTESIAN_POINT('Ctrl Pts',(60.4622669556584,13.1322255925053,1.5));
#16964=CARTESIAN_POINT('Ctrl Pts',(60.5098719299417,13.1667820860367,1.5));
#16965=CARTESIAN_POINT('',(60.5098719299417,13.1667820860367,1.7));
#16966=CARTESIAN_POINT('Ctrl Pts',(60.5098719299417,13.1667820860367,1.7));
#16967=CARTESIAN_POINT('Ctrl Pts',(60.4622669556584,13.1322255925053,1.7));
#16968=CARTESIAN_POINT('Ctrl Pts',(60.3624875672086,13.0597956449328,1.7));
#16969=CARTESIAN_POINT('Ctrl Pts',(60.2391301230844,13.0522044319879,1.7));
#16970=CARTESIAN_POINT('Ctrl Pts',(60.1746267974954,13.0482350040894,1.7));
#16971=CARTESIAN_POINT('',(60.5098719299417,13.1667820860367,1.5));
#16972=CARTESIAN_POINT('Ctrl Pts',(60.6386155784707,13.4918300558548,1.5));
#16973=CARTESIAN_POINT('Ctrl Pts',(60.6386155784707,13.4918300558548,1.7));
#16974=CARTESIAN_POINT('Ctrl Pts',(60.6343321628438,13.4276963484136,1.5));
#16975=CARTESIAN_POINT('Ctrl Pts',(60.6343321628438,13.4276963484136,1.7));
#16976=CARTESIAN_POINT('Ctrl Pts',(60.6261493013972,13.3051779453996,1.5));
#16977=CARTESIAN_POINT('Ctrl Pts',(60.6261493013972,13.3051779453996,1.7));
#16978=CARTESIAN_POINT('Ctrl Pts',(60.5473993077891,13.2114479882824,1.5));
#16979=CARTESIAN_POINT('Ctrl Pts',(60.5473993077891,13.2114479882824,1.7));
#16980=CARTESIAN_POINT('Ctrl Pts',(60.5098719299417,13.1667820860367,1.5));
#16981=CARTESIAN_POINT('Ctrl Pts',(60.5098719299417,13.1667820860367,1.7));
#16982=CARTESIAN_POINT('Ctrl Pts',(60.5098719299417,13.1667820860367,1.5));
#16983=CARTESIAN_POINT('Ctrl Pts',(60.5473993077891,13.2114479882824,1.5));
#16984=CARTESIAN_POINT('Ctrl Pts',(60.6261493013972,13.3051779453996,1.5));
#16985=CARTESIAN_POINT('Ctrl Pts',(60.6343321628438,13.4276963484136,1.5));
#16986=CARTESIAN_POINT('Ctrl Pts',(60.6386155784707,13.4918300558548,1.5));
#16987=CARTESIAN_POINT('Ctrl Pts',(60.6386155784707,13.4918300558548,1.7));
#16988=CARTESIAN_POINT('Ctrl Pts',(60.6343321628438,13.4276963484136,1.7));
#16989=CARTESIAN_POINT('Ctrl Pts',(60.6261493013972,13.3051779453996,1.7));
#16990=CARTESIAN_POINT('Ctrl Pts',(60.5473993077891,13.2114479882824,1.7));
#16991=CARTESIAN_POINT('Ctrl Pts',(60.5098719299417,13.1667820860367,1.7));
#16992=CARTESIAN_POINT('Ctrl Pts',(60.7852072418313,12.9373363901596,1.5));
#16993=CARTESIAN_POINT('Ctrl Pts',(60.7852072418313,12.9373363901596,1.7));
#16994=CARTESIAN_POINT('Ctrl Pts',(60.8457981059136,13.0108352894693,1.5));
#16995=CARTESIAN_POINT('Ctrl Pts',(60.8457981059136,13.0108352894693,1.7));
#16996=CARTESIAN_POINT('Ctrl Pts',(60.9699659773428,13.1614553873651,1.5));
#16997=CARTESIAN_POINT('Ctrl Pts',(60.9699659773428,13.1614553873651,1.7));
#16998=CARTESIAN_POINT('Ctrl Pts',(60.9851878879478,13.3563482528644,1.5));
#16999=CARTESIAN_POINT('Ctrl Pts',(60.9851878879478,13.3563482528644,1.7));
#17000=CARTESIAN_POINT('Ctrl Pts',(60.992981880961,13.4561381985168,1.5));
#17001=CARTESIAN_POINT('Ctrl Pts',(60.992981880961,13.4561381985168,1.7));
#17002=CARTESIAN_POINT('',(60.992981880961,13.4561381985168,1.7));
#17003=CARTESIAN_POINT('',(60.992981880961,13.4561381985168,1.5));
#17004=CARTESIAN_POINT('',(60.7852072418313,12.9373363901596,1.7));
#17005=CARTESIAN_POINT('Ctrl Pts',(60.7852072418313,12.9373363901596,1.7));
#17006=CARTESIAN_POINT('Ctrl Pts',(60.8457981059136,13.0108352894693,1.7));
#17007=CARTESIAN_POINT('Ctrl Pts',(60.9699659773428,13.1614553873651,1.7));
#17008=CARTESIAN_POINT('Ctrl Pts',(60.9851878879478,13.3563482528644,1.7));
#17009=CARTESIAN_POINT('Ctrl Pts',(60.992981880961,13.4561381985168,1.7));
#17010=CARTESIAN_POINT('',(60.7852072418313,12.9373363901596,1.5));
#17011=CARTESIAN_POINT('Ctrl Pts',(60.2613062561135,12.7346597362976,1.5));
#17012=CARTESIAN_POINT('Ctrl Pts',(60.2613062561135,12.7346597362976,1.7));
#17013=CARTESIAN_POINT('Ctrl Pts',(60.3612950956509,12.7422685299324,1.5));
#17014=CARTESIAN_POINT('Ctrl Pts',(60.3612950956509,12.7422685299324,1.7));
#17015=CARTESIAN_POINT('Ctrl Pts',(60.556609272876,12.7571312413645,1.5));
#17016=CARTESIAN_POINT('Ctrl Pts',(60.556609272876,12.7571312413645,1.7));
#17017=CARTESIAN_POINT('Ctrl Pts',(60.7102305870157,12.8782318438727,1.5));
#17018=CARTESIAN_POINT('Ctrl Pts',(60.7102305870157,12.8782318438727,1.7));
#17019=CARTESIAN_POINT('Ctrl Pts',(60.7852072418313,12.9373363901596,1.5));
#17020=CARTESIAN_POINT('Ctrl Pts',(60.7852072418313,12.9373363901596,1.7));
#17021=CARTESIAN_POINT('',(60.2613062561135,12.7346597362976,1.7));
#17022=CARTESIAN_POINT('Ctrl Pts',(60.2613062561135,12.7346597362976,1.7));
#17023=CARTESIAN_POINT('Ctrl Pts',(60.3612950956509,12.7422685299324,1.7));
#17024=CARTESIAN_POINT('Ctrl Pts',(60.556609272876,12.7571312413645,1.7));
#17025=CARTESIAN_POINT('Ctrl Pts',(60.7102305870157,12.8782318438727,1.7));
#17026=CARTESIAN_POINT('Ctrl Pts',(60.7852072418313,12.9373363901596,1.7));
#17027=CARTESIAN_POINT('',(60.2613062561135,12.7346597362976,1.5));
#17028=CARTESIAN_POINT('Origin',(59.3486232460122,12.7346597362976,1.5));
#17029=CARTESIAN_POINT('',(59.3486232460122,12.7346597362976,1.7));
#17030=CARTESIAN_POINT('',(60.2613062561135,12.7346597362976,1.7));
#17031=CARTESIAN_POINT('',(59.3486232460122,12.7346597362976,1.5));
#17032=CARTESIAN_POINT('Origin',(59.3486232460122,16.7244623352509,1.5));
#17033=CARTESIAN_POINT('',(59.3486232460122,16.7244623352509,1.7));
#17034=CARTESIAN_POINT('',(59.3486232460122,12.7346597362976,1.7));
#17035=CARTESIAN_POINT('',(59.3486232460122,16.7244623352509,1.5));
#17036=CARTESIAN_POINT('Origin',(60.2613062561135,16.7244623352509,1.5));
#17037=CARTESIAN_POINT('',(60.2613062561135,16.7244623352509,1.7));
#17038=CARTESIAN_POINT('',(59.3486232460122,16.7244623352509,1.7));
#17039=CARTESIAN_POINT('',(60.2613062561135,16.7244623352509,1.5));
#17040=CARTESIAN_POINT('Ctrl Pts',(60.7864827812295,16.5217853833656,1.5));
#17041=CARTESIAN_POINT('Ctrl Pts',(60.7864827812295,16.5217853833656,1.7));
#17042=CARTESIAN_POINT('Ctrl Pts',(60.7116084752431,16.5808874609609,1.5));
#17043=CARTESIAN_POINT('Ctrl Pts',(60.7116084752431,16.5808874609609,1.7));
#17044=CARTESIAN_POINT('Ctrl Pts',(60.5577030385689,16.7023728081815,1.5));
#17045=CARTESIAN_POINT('Ctrl Pts',(60.5577030385689,16.7023728081815,1.7));
#17046=CARTESIAN_POINT('Ctrl Pts',(60.3618682808526,16.7169677614258,1.5));
#17047=CARTESIAN_POINT('Ctrl Pts',(60.3618682808526,16.7169677614258,1.7));
#17048=CARTESIAN_POINT('Ctrl Pts',(60.2613062561135,16.7244623352509,1.5));
#17049=CARTESIAN_POINT('Ctrl Pts',(60.2613062561135,16.7244623352509,1.7));
#17050=CARTESIAN_POINT('',(60.7864827812295,16.5217853833656,1.7));
#17051=CARTESIAN_POINT('Ctrl Pts',(60.7864827812295,16.5217853833656,1.7));
#17052=CARTESIAN_POINT('Ctrl Pts',(60.7116084752431,16.5808874609609,1.7));
#17053=CARTESIAN_POINT('Ctrl Pts',(60.5577030385689,16.7023728081815,1.7));
#17054=CARTESIAN_POINT('Ctrl Pts',(60.3618682808526,16.7169677614258,1.7));
#17055=CARTESIAN_POINT('Ctrl Pts',(60.2613062561135,16.7244623352509,1.7));
#17056=CARTESIAN_POINT('',(60.7864827812295,16.5217853833656,1.5));
#17057=CARTESIAN_POINT('Ctrl Pts',(60.992981880961,16.0029835750084,1.5));
#17058=CARTESIAN_POINT('Ctrl Pts',(60.992981880961,16.0029835750084,1.7));
#17059=CARTESIAN_POINT('Ctrl Pts',(60.9852679202772,16.1027410749019,1.5));
#17060=CARTESIAN_POINT('Ctrl Pts',(60.9852679202772,16.1027410749019,1.7));
#17061=CARTESIAN_POINT('Ctrl Pts',(60.9702149683918,16.2974069421105,1.5));
#17062=CARTESIAN_POINT('Ctrl Pts',(60.9702149683918,16.2974069421105,1.7));
#17063=CARTESIAN_POINT('Ctrl Pts',(60.8467012669504,16.4482450300422,1.5));
#17064=CARTESIAN_POINT('Ctrl Pts',(60.8467012669504,16.4482450300422,1.7));
#17065=CARTESIAN_POINT('Ctrl Pts',(60.7864827812295,16.5217853833656,1.5));
#17066=CARTESIAN_POINT('Ctrl Pts',(60.7864827812295,16.5217853833656,1.7));
#17067=CARTESIAN_POINT('',(60.992981880961,16.0029835750084,1.7));
#17068=CARTESIAN_POINT('Ctrl Pts',(60.992981880961,16.0029835750084,1.7));
#17069=CARTESIAN_POINT('Ctrl Pts',(60.9852679202772,16.1027410749019,1.7));
#17070=CARTESIAN_POINT('Ctrl Pts',(60.9702149683918,16.2974069421105,1.7));
#17071=CARTESIAN_POINT('Ctrl Pts',(60.8467012669504,16.4482450300422,1.7));
#17072=CARTESIAN_POINT('Ctrl Pts',(60.7864827812295,16.5217853833656,1.7));
#17073=CARTESIAN_POINT('',(60.992981880961,16.0029835750084,1.5));
#17074=CARTESIAN_POINT('Origin',(60.992981880961,13.4561381985168,1.5));
#17075=CARTESIAN_POINT('',(60.992981880961,16.0029835750084,1.7));
#17076=CARTESIAN_POINT('Origin',(53.2494519055467,14.7346597660999,1.7));
#17077=CARTESIAN_POINT('Origin',(29.0595,-7.77550000000001,1.5));
#17078=CARTESIAN_POINT('Origin',(48.6998028457742,16.0973112036209,1.5));
#17079=CARTESIAN_POINT('',(49.0490705669503,13.9354245115738,1.5));
#17080=CARTESIAN_POINT('',(48.6998028457742,16.0973112036209,1.5));
#17081=CARTESIAN_POINT('',(50.3293667606347,6.01068616563083,1.5));
#17082=CARTESIAN_POINT('',(49.0490705669503,13.9354245115738,1.7));
#17083=CARTESIAN_POINT('',(49.0490705669503,13.9354245115738,1.5));
#17084=CARTESIAN_POINT('',(48.6998028457742,16.0973112036209,1.7));
#17085=CARTESIAN_POINT('',(49.0490705669503,13.9354245115738,1.7));
#17086=CARTESIAN_POINT('',(48.6998028457742,16.0973112036209,1.5));
#17087=CARTESIAN_POINT('Origin',(48.3479864299874,13.9354245115738,1.5));
#17088=CARTESIAN_POINT('',(48.3479864299874,13.9354245115738,1.5));
#17089=CARTESIAN_POINT('',(46.3781723032477,1.83105770173629,1.5));
#17090=CARTESIAN_POINT('',(48.3479864299874,13.9354245115738,1.7));
#17091=CARTESIAN_POINT('',(48.6998028457742,16.0973112036209,1.7));
#17092=CARTESIAN_POINT('',(48.3479864299874,13.9354245115738,1.5));
#17093=CARTESIAN_POINT('Origin',(49.0490705669503,13.9354245115738,1.5));
#17094=CARTESIAN_POINT('',(39.0542852834752,13.9354245115738,1.5));
#17095=CARTESIAN_POINT('',(48.3479864299874,13.9354245115738,1.7));
#17096=CARTESIAN_POINT('Origin',(49.2351759374719,12.7346597362976,1.5));
#17097=CARTESIAN_POINT('',(49.5869923532586,12.7346597362976,1.7));
#17098=CARTESIAN_POINT('',(49.5869923532586,12.7346597362976,1.5));
#17099=CARTESIAN_POINT('',(49.2351759374719,12.7346597362976,1.7));
#17100=CARTESIAN_POINT('',(49.5869923532586,12.7346597362976,1.7));
#17101=CARTESIAN_POINT('',(49.2351759374719,12.7346597362976,1.5));
#17102=CARTESIAN_POINT('Origin',(49.0949595869165,13.621849243782,1.5));
#17103=CARTESIAN_POINT('',(49.0949595869165,13.621849243782,1.7));
#17104=CARTESIAN_POINT('',(49.2351759374719,12.7346597362976,1.7));
#17105=CARTESIAN_POINT('',(49.0949595869165,13.621849243782,1.5));
#17106=CARTESIAN_POINT('Origin',(48.3020980060678,13.621849243782,1.5));
#17107=CARTESIAN_POINT('',(48.3020980060678,13.621849243782,1.7));
#17108=CARTESIAN_POINT('',(49.0949595869165,13.621849243782,1.7));
#17109=CARTESIAN_POINT('',(48.3020980060678,13.621849243782,1.5));
#17110=CARTESIAN_POINT('Origin',(48.1618810594659,12.7346597362976,1.5));
#17111=CARTESIAN_POINT('',(48.1618810594659,12.7346597362976,1.7));
#17112=CARTESIAN_POINT('',(48.3020980060678,13.621849243782,1.7));
#17113=CARTESIAN_POINT('',(48.1618810594659,12.7346597362976,1.5));
#17114=CARTESIAN_POINT('Origin',(47.8202624023538,12.7346597362976,1.5));
#17115=CARTESIAN_POINT('',(47.8202624023538,12.7346597362976,1.7));
#17116=CARTESIAN_POINT('',(48.1618810594659,12.7346597362976,1.7));
#17117=CARTESIAN_POINT('',(47.8202624023538,12.7346597362976,1.5));
#17118=CARTESIAN_POINT('Origin',(47.8202624023538,12.7448574949722,1.5));
#17119=CARTESIAN_POINT('',(47.8202624023538,12.7448574949722,1.7));
#17120=CARTESIAN_POINT('',(47.8202624023538,12.7346597362976,1.7));
#17121=CARTESIAN_POINT('',(47.8202624023538,12.7448574949722,1.5));
#17122=CARTESIAN_POINT('Origin',(48.5315431058984,16.7346597959023,1.5));
#17123=CARTESIAN_POINT('',(48.5315431058984,16.7346597959023,1.7));
#17124=CARTESIAN_POINT('',(47.8202624023538,12.7448574949722,1.7));
#17125=CARTESIAN_POINT('',(48.5315431058984,16.7346597959023,1.5));
#17126=CARTESIAN_POINT('Origin',(48.8808102310281,16.7346597959023,1.5));
#17127=CARTESIAN_POINT('',(48.8808102310281,16.7346597959023,1.7));
#17128=CARTESIAN_POINT('',(48.5315431058984,16.7346597959023,1.7));
#17129=CARTESIAN_POINT('',(48.8808102310281,16.7346597959023,1.5));
#17130=CARTESIAN_POINT('Origin',(49.5869923532586,12.7346597362976,1.5));
#17131=CARTESIAN_POINT('',(48.8808102310281,16.7346597959023,1.7));
#17132=CARTESIAN_POINT('Origin',(53.2494519055467,14.7346597660999,1.7));
#17133=CARTESIAN_POINT('Origin',(29.0595,-7.77550000000001,1.5));
#17134=CARTESIAN_POINT('Origin',(6.20024999999999,-49.246,0.75));
#17135=CARTESIAN_POINT('',(69.778,-49.996,0.));
#17136=CARTESIAN_POINT('',(-11.659,-48.496,1.5));
#17137=CARTESIAN_POINT('Origin',(69.778,-44.996,0.75));
#17138=CARTESIAN_POINT('',(74.778,-44.996,0.));
#17139=CARTESIAN_POINT('Origin',(74.028,-28.88575,0.75));
#17140=CARTESIAN_POINT('',(74.778,29.445,0.));
#17141=CARTESIAN_POINT('Origin',(69.778,29.445,0.75));
#17142=CARTESIAN_POINT('',(69.778,34.445,0.));
#17143=CARTESIAN_POINT('Origin',(51.91875,33.695,0.75));
#17144=CARTESIAN_POINT('',(-11.659,34.445,0.));
#17145=CARTESIAN_POINT('Origin',(-11.659,29.445,0.75));
#17146=CARTESIAN_POINT('',(-16.659,29.445,0.));
#17147=CARTESIAN_POINT('Origin',(-15.909,13.33475,0.75));
#17148=CARTESIAN_POINT('',(-16.659,-44.996,0.));
#17149=CARTESIAN_POINT('Origin',(-11.659,-44.996,0.75));
#17150=CARTESIAN_POINT('Origin',(29.0595,-7.77550000000001,1.5));
#17151=CARTESIAN_POINT('Origin',(29.0595,-7.77550000000001,0.));
#17152=CARTESIAN_POINT('Origin',(21.575,-16.025,0.));
#17153=CARTESIAN_POINT('',(21.575,-3.025,0.));
#17154=CARTESIAN_POINT('',(21.575,-16.025,0.));
#17155=CARTESIAN_POINT('Origin',(22.075,-16.025,0.));
#17156=CARTESIAN_POINT('',(22.075,-16.525,0.));
#17157=CARTESIAN_POINT('Origin',(35.075,-16.525,0.));
#17158=CARTESIAN_POINT('',(35.075,-16.525,0.));
#17159=CARTESIAN_POINT('Origin',(35.075,-16.025,0.));
#17160=CARTESIAN_POINT('',(35.575,-16.025,0.));
#17161=CARTESIAN_POINT('Origin',(35.575,-3.025,0.));
#17162=CARTESIAN_POINT('',(35.575,-3.025,0.));
#17163=CARTESIAN_POINT('Origin',(35.075,-3.025,0.));
#17164=CARTESIAN_POINT('',(35.075,-2.525,0.));
#17165=CARTESIAN_POINT('Origin',(22.075,-2.525,0.));
#17166=CARTESIAN_POINT('',(22.075,-2.525,0.));
#17167=CARTESIAN_POINT('Origin',(22.075,-3.025,0.));
#17168=CARTESIAN_POINT('Origin',(40.625,-35.075,0.));
#17169=CARTESIAN_POINT('',(40.625,-22.075,0.));
#17170=CARTESIAN_POINT('',(40.625,-35.075,0.));
#17171=CARTESIAN_POINT('Origin',(41.125,-35.075,0.));
#17172=CARTESIAN_POINT('',(41.125,-35.575,0.));
#17173=CARTESIAN_POINT('Origin',(54.125,-35.575,0.));
#17174=CARTESIAN_POINT('',(54.125,-35.575,0.));
#17175=CARTESIAN_POINT('Origin',(54.125,-35.075,0.));
#17176=CARTESIAN_POINT('',(54.625,-35.075,0.));
#17177=CARTESIAN_POINT('Origin',(54.625,-22.075,0.));
#17178=CARTESIAN_POINT('',(54.625,-22.075,0.));
#17179=CARTESIAN_POINT('Origin',(54.125,-22.075,0.));
#17180=CARTESIAN_POINT('',(54.125,-21.575,0.));
#17181=CARTESIAN_POINT('Origin',(41.125,-21.575,0.));
#17182=CARTESIAN_POINT('',(41.125,-21.575,0.));
#17183=CARTESIAN_POINT('Origin',(41.125,-22.075,0.));
#17184=CARTESIAN_POINT('Origin',(-11.659,29.445,0.));
#17185=CARTESIAN_POINT('',(-13.359,29.445,0.));
#17186=CARTESIAN_POINT('Origin',(2.525,-16.025,0.));
#17187=CARTESIAN_POINT('',(2.525,-3.025,0.));
#17188=CARTESIAN_POINT('',(2.525,-16.025,0.));
#17189=CARTESIAN_POINT('Origin',(3.025,-16.025,0.));
#17190=CARTESIAN_POINT('',(3.025,-16.525,0.));
#17191=CARTESIAN_POINT('Origin',(16.025,-16.525,0.));
#17192=CARTESIAN_POINT('',(16.025,-16.525,0.));
#17193=CARTESIAN_POINT('Origin',(16.025,-16.025,0.));
#17194=CARTESIAN_POINT('',(16.525,-16.025,0.));
#17195=CARTESIAN_POINT('Origin',(16.525,-3.025,0.));
#17196=CARTESIAN_POINT('',(16.525,-3.025,0.));
#17197=CARTESIAN_POINT('Origin',(16.025,-3.025,0.));
#17198=CARTESIAN_POINT('',(16.025,-2.525,0.));
#17199=CARTESIAN_POINT('Origin',(3.025,-2.525,0.));
#17200=CARTESIAN_POINT('',(3.025,-2.525,0.));
#17201=CARTESIAN_POINT('Origin',(3.025,-3.025,0.));
#17202=CARTESIAN_POINT('Origin',(2.525,-35.075,0.));
#17203=CARTESIAN_POINT('',(2.525,-22.075,0.));
#17204=CARTESIAN_POINT('',(2.525,-35.075,0.));
#17205=CARTESIAN_POINT('Origin',(3.025,-35.075,0.));
#17206=CARTESIAN_POINT('',(3.025,-35.575,0.));
#17207=CARTESIAN_POINT('Origin',(16.025,-35.575,0.));
#17208=CARTESIAN_POINT('',(16.025,-35.575,0.));
#17209=CARTESIAN_POINT('Origin',(16.025,-35.075,0.));
#17210=CARTESIAN_POINT('',(16.525,-35.075,0.));
#17211=CARTESIAN_POINT('Origin',(16.525,-22.075,0.));
#17212=CARTESIAN_POINT('',(16.525,-22.075,0.));
#17213=CARTESIAN_POINT('Origin',(16.025,-22.075,0.));
#17214=CARTESIAN_POINT('',(16.025,-21.575,0.));
#17215=CARTESIAN_POINT('Origin',(3.025,-21.575,0.));
#17216=CARTESIAN_POINT('',(3.025,-21.575,0.));
#17217=CARTESIAN_POINT('Origin',(3.025,-22.075,0.));
#17218=CARTESIAN_POINT('Origin',(33.6599697850115,18.421,0.0904610688211394));
#17219=CARTESIAN_POINT('',(33.0853356712362,7.50866432876379,-1.48833318322478));
#17220=CARTESIAN_POINT('',(31.8307057110289,16.0787057110289,-4.93540066866575));
#17221=CARTESIAN_POINT('Origin',(-1.787,17.9079697850115,0.0904610688211371));
#17222=CARTESIAN_POINT('',(-0.699335671236209,17.3333356712362,-1.48833318322479));
#17223=CARTESIAN_POINT('Origin',(-1.2739697850115,6.421,0.0904610688211374));
#17224=CARTESIAN_POINT('',(0.555294288971144,8.76329428897115,-4.93540066866575));
#17225=CARTESIAN_POINT('Origin',(34.173,6.93403021498851,0.0904610688211374));
#17226=CARTESIAN_POINT('Origin',(21.575,-35.075,0.));
#17227=CARTESIAN_POINT('',(21.575,-22.075,0.));
#17228=CARTESIAN_POINT('',(21.575,-35.075,0.));
#17229=CARTESIAN_POINT('Origin',(22.075,-35.075,0.));
#17230=CARTESIAN_POINT('',(22.075,-35.575,0.));
#17231=CARTESIAN_POINT('Origin',(35.075,-35.575,0.));
#17232=CARTESIAN_POINT('',(35.075,-35.575,0.));
#17233=CARTESIAN_POINT('Origin',(35.075,-35.075,0.));
#17234=CARTESIAN_POINT('',(35.575,-35.075,0.));
#17235=CARTESIAN_POINT('Origin',(35.575,-22.075,0.));
#17236=CARTESIAN_POINT('',(35.575,-22.075,0.));
#17237=CARTESIAN_POINT('Origin',(35.075,-22.075,0.));
#17238=CARTESIAN_POINT('',(35.075,-21.575,0.));
#17239=CARTESIAN_POINT('Origin',(22.075,-21.575,0.));
#17240=CARTESIAN_POINT('',(22.075,-21.575,0.));
#17241=CARTESIAN_POINT('Origin',(22.075,-22.075,0.));
#17242=CARTESIAN_POINT('Origin',(40.625,-16.025,0.));
#17243=CARTESIAN_POINT('',(40.625,-3.025,0.));
#17244=CARTESIAN_POINT('',(40.625,-16.025,0.));
#17245=CARTESIAN_POINT('Origin',(41.125,-16.025,0.));
#17246=CARTESIAN_POINT('',(41.125,-16.525,0.));
#17247=CARTESIAN_POINT('Origin',(54.125,-16.525,0.));
#17248=CARTESIAN_POINT('',(54.125,-16.525,0.));
#17249=CARTESIAN_POINT('Origin',(54.125,-16.025,0.));
#17250=CARTESIAN_POINT('',(54.625,-16.025,0.));
#17251=CARTESIAN_POINT('Origin',(54.625,-3.025,0.));
#17252=CARTESIAN_POINT('',(54.625,-3.025,0.));
#17253=CARTESIAN_POINT('Origin',(54.125,-3.025,0.));
#17254=CARTESIAN_POINT('',(54.125,-2.525,0.));
#17255=CARTESIAN_POINT('Origin',(41.125,-2.525,0.));
#17256=CARTESIAN_POINT('',(41.125,-2.525,0.));
#17257=CARTESIAN_POINT('Origin',(41.125,-3.025,0.));
#17258=CARTESIAN_POINT('Origin',(69.778,-44.996,0.));
#17259=CARTESIAN_POINT('',(68.078,-44.996,0.));
#17260=CARTESIAN_POINT('Origin',(-11.659,-44.996,0.));
#17261=CARTESIAN_POINT('',(-13.359,-44.996,0.));
#17262=CARTESIAN_POINT('Origin',(69.778,29.445,0.));
#17263=CARTESIAN_POINT('',(68.078,29.445,0.));
#17264=UNCERTAINTY_MEASURE_WITH_UNIT(LENGTH_MEASURE(0.01),#17268,
'DISTANCE_ACCURACY_VALUE',
'Maximum model space distance between geometric entities at asserted c
onnectivities');
#17265=UNCERTAINTY_MEASURE_WITH_UNIT(LENGTH_MEASURE(0.01),#17268,
'DISTANCE_ACCURACY_VALUE',
'Maximum model space distance between geometric entities at asserted c
onnectivities');
#17266=(
GEOMETRIC_REPRESENTATION_CONTEXT(3)
GLOBAL_UNCERTAINTY_ASSIGNED_CONTEXT((#17264))
GLOBAL_UNIT_ASSIGNED_CONTEXT((#17268,#17270,#17271))
REPRESENTATION_CONTEXT('','3D')
);
#17267=(
GEOMETRIC_REPRESENTATION_CONTEXT(3)
GLOBAL_UNCERTAINTY_ASSIGNED_CONTEXT((#17265))
GLOBAL_UNIT_ASSIGNED_CONTEXT((#17268,#17270,#17271))
REPRESENTATION_CONTEXT('','3D')
);
#17268=(
LENGTH_UNIT()
NAMED_UNIT(*)
SI_UNIT(.MILLI.,.METRE.)
);
#17269=(
LENGTH_UNIT()
NAMED_UNIT(*)
SI_UNIT($,.METRE.)
);
#17270=(
NAMED_UNIT(*)
PLANE_ANGLE_UNIT()
SI_UNIT($,.RADIAN.)
);
#17271=(
NAMED_UNIT(*)
SI_UNIT($,.STERADIAN.)
SOLID_ANGLE_UNIT()
);
#17272=SHAPE_DEFINITION_REPRESENTATION(#17273,#17274);
#17273=PRODUCT_DEFINITION_SHAPE('',$,#17276);
#17274=SHAPE_REPRESENTATION('',(#9633),#17266);
#17275=PRODUCT_DEFINITION_CONTEXT('part definition',#17280,'design');
#17276=PRODUCT_DEFINITION('2026-01-07-23-22-00-176','TOP',#17277,#17275);
#17277=PRODUCT_DEFINITION_FORMATION('',$,#17282);
#17278=PRODUCT_RELATED_PRODUCT_CATEGORY('TOP','TOP',(#17282));
#17279=APPLICATION_PROTOCOL_DEFINITION('international standard',
'automotive_design',2009,#17280);
#17280=APPLICATION_CONTEXT(
'Core Data for Automotive Mechanical Design Process');
#17281=PRODUCT_CONTEXT('part definition',#17280,'mechanical');
#17282=PRODUCT('2026-01-07-23-22-00-176','TOP',$,(#17281));
#17283=PRESENTATION_STYLE_ASSIGNMENT((#17284));
#17284=SURFACE_STYLE_USAGE(.BOTH.,#17285);
#17285=SURFACE_SIDE_STYLE('',(#17286));
#17286=SURFACE_STYLE_FILL_AREA(#17287);
#17287=FILL_AREA_STYLE('Steel - Satin',(#17288));
#17288=FILL_AREA_STYLE_COLOUR('Steel - Satin',#17289);
#17289=COLOUR_RGB('Steel - Satin',0.627450980392157,0.627450980392157,0.627450980392157);
ENDSEC;
END-ISO-10303-21;
